product_id,title,handle,vendor,product_type,tags,created_at,published_at,product_url,image_url,variant_id,variant_title,sku,option1,option2,option3,price,compare_at_price,available,inventory_management,weight
14952881914228,Heavy Play ETB Playmat Art Masters - Lightning Bolt by Phil Stone,heavy-play-etb-playmat-art-masters-lightning-bolt-by-phil-stone,Other,Gaming Supplies,,2026-02-17T17:18:05-05:00,2026-02-18T13:40:17-05:00,https://facetofacegames.com/products/heavy-play-etb-playmat-art-masters-lightning-bolt-by-phil-stone,https://cdn.shopify.com/s/files/1/0574/4692/4324/files/3bef879a52e69279cc24134d76421b53ae42b154_Asset_GAM_PLA_ETB_ART_PSLIGH.png?v=1771367585,53932690571636,Default Title,GAM-PLA-ETB-ART-PSLIGH,Default Title,,,89.99,89.99,False,,
14952881881460,Sleeve Kings Premium Board Game Sleeves - Standard American Size - 57mm X 89mm - 55ct,sleeve-kings-premium-board-game-sleeves-standard-american-size-57mm-x-89mm-55ct,Other,Gaming Supplies,,2026-02-17T17:18:05-05:00,2026-02-18T13:40:17-05:00,https://facetofacegames.com/products/sleeve-kings-premium-board-game-sleeves-standard-american-size-57mm-x-89mm-55ct,https://cdn.shopify.com/s/files/1/0574/4692/4324/files/d8bfec41a02ffb1051c50362c6a50a6437ee86c6_Asset_GAM_SLE_SKS_9903.png?v=1771367585,53932690538868,Default Title,GAM-SLE-SKS-9903,Default Title,,,3.99,3.99,False,,
14952881848692,Heavy Play ETB Playmat Art Masters - Silence by Phil Stone,heavy-play-etb-playmat-art-masters-silence-by-phil-stone,Other,Gaming Supplies,,2026-02-17T17:18:05-05:00,2026-02-18T13:40:17-05:00,https://facetofacegames.com/products/heavy-play-etb-playmat-art-masters-silence-by-phil-stone,https://cdn.shopify.com/s/files/1/0574/4692/4324/files/9d8191f88216d91694cf5865f783c9cd218390bd_Asset_GAM_PLA_ETB_ART_PSSILE.png?v=1771367585,53932690473332,Default Title,GAM-PLA-ETB-ART-PSSILE,Default Title,,,89.99,89.99,False,,
14952881815924,Heavy Play ETB Playmat Art Masters - Lotus by Chris Seaman,heavy-play-etb-playmat-art-masters-lotus-by-chris-seaman,Other,Gaming Supplies,,2026-02-17T17:18:05-05:00,2026-02-18T13:40:17-05:00,https://facetofacegames.com/products/heavy-play-etb-playmat-art-masters-lotus-by-chris-seaman,https://cdn.shopify.com/s/files/1/0574/4692/4324/files/859a0adcb7447b62e4d9c6ee7d942b73b54e4300_Asset_GAM_PLA_ETB_ART_CSLOTU.png?v=1771367587,53932690506100,Default Title,GAM-PLA-ETB-ART-CSLOTU,Default Title,,,89.99,89.99,False,,
14952881783156,Heavy Play ETB Playmat Art Masters - Animate Dead by Phil Stone,heavy-play-etb-playmat-art-masters-animate-dead-by-phil-stone,Other,Gaming Supplies,,2026-02-17T17:18:05-05:00,2026-02-18T13:40:17-05:00,https://facetofacegames.com/products/heavy-play-etb-playmat-art-masters-animate-dead-by-phil-stone,https://cdn.shopify.com/s/files/1/0574/4692/4324/files/30f9c6db275e258bb90bf9e6bbc6e2eda65c67dd_Asset_GAM_PLA_ETB_ART_PSANIM.png?v=1771367585,53932690440564,Default Title,GAM-PLA-ETB-ART-PSANIM,Default Title,,,89.99,89.99,False,,
14953000206708,The Last Ronin's Technique [12] [Teenage Mutant Ninja Turtles] [Non-Foil],the-last-ronins-technique-12-teenage-mutant-ninja-turtles-non-foil,Magic,Singles,,2026-02-17T20:33:04-05:00,2026-02-18T12:20:24-05:00,https://facetofacegames.com/products/the-last-ronins-technique-12-teenage-mutant-ninja-turtles-non-foil,https://cdn.shopify.com/s/files/1/0574/4692/4324/files/d442c9213cb89c69d8b3285f06220586c63a4980_Asset_SIN_MTG_TMT_12_ENG_NF.jpg?v=1771444135,53932872204660,NM,SIN-MTG-TMT-12-ENG-NM-NF,NM,,,0.49,0.49,True,,
14953000206708,The Last Ronin's Technique [12] [Teenage Mutant Ninja Turtles] [Non-Foil],the-last-ronins-technique-12-teenage-mutant-ninja-turtles-non-foil,Magic,Singles,,2026-02-17T20:33:04-05:00,2026-02-18T12:20:24-05:00,https://facetofacegames.com/products/the-last-ronins-technique-12-teenage-mutant-ninja-turtles-non-foil,https://cdn.shopify.com/s/files/1/0574/4692/4324/files/d442c9213cb89c69d8b3285f06220586c63a4980_Asset_SIN_MTG_TMT_12_ENG_NF.jpg?v=1771444135,53932872237428,PL,SIN-MTG-TMT-12-ENG-PL-NF,PL,,,0.00,,False,,
14953000173940,The Last Ronin's Technique [12] [Teenage Mutant Ninja Turtles] [Foil],the-last-ronins-technique-12-teenage-mutant-ninja-turtles-foil,Magic,Singles,,2026-02-17T20:33:04-05:00,2026-02-18T12:20:24-05:00,https://facetofacegames.com/products/the-last-ronins-technique-12-teenage-mutant-ninja-turtles-foil,https://cdn.shopify.com/s/files/1/0574/4692/4324/files/d1110248539263df86c1f13af3da98adbc060a65_Asset_SIN_MTG_TMT_12_ENG_F.jpg?v=1771444134,53932872139124,NM,SIN-MTG-TMT-12-ENG-NM-F,NM,,,0.49,0.49,True,,
14953000173940,The Last Ronin's Technique [12] [Teenage Mutant Ninja Turtles] [Foil],the-last-ronins-technique-12-teenage-mutant-ninja-turtles-foil,Magic,Singles,,2026-02-17T20:33:04-05:00,2026-02-18T12:20:24-05:00,https://facetofacegames.com/products/the-last-ronins-technique-12-teenage-mutant-ninja-turtles-foil,https://cdn.shopify.com/s/files/1/0574/4692/4324/files/d1110248539263df86c1f13af3da98adbc060a65_Asset_SIN_MTG_TMT_12_ENG_F.jpg?v=1771444134,53932872171892,PL,SIN-MTG-TMT-12-ENG-PL-F,PL,,,0.00,,False,,
14928460120436,The Cloning of Shredder [60] [Teenage Mutant Ninja Turtles] [Foil],the-cloning-of-shredder-60-teenage-mutant-ninja-turtles-foil,Magic,Singles,,2026-02-03T16:48:42-05:00,2026-02-18T12:20:24-05:00,https://facetofacegames.com/products/the-cloning-of-shredder-60-teenage-mutant-ninja-turtles-foil,https://cdn.shopify.com/s/files/1/0574/4692/4324/files/4c64ecc39544a964ff71cf7145b036534146939d_Asset_SIN_MTG_TMT_60_ENG_F.jpg?v=1770155311,53880821186932,NM,SIN-MTG-TMT-60-ENG-NM-F,NM,,,12.99,12.99,True,,
14928460120436,The Cloning of Shredder [60] [Teenage Mutant Ninja Turtles] [Foil],the-cloning-of-shredder-60-teenage-mutant-ninja-turtles-foil,Magic,Singles,,2026-02-03T16:48:42-05:00,2026-02-18T12:20:24-05:00,https://facetofacegames.com/products/the-cloning-of-shredder-60-teenage-mutant-ninja-turtles-foil,https://cdn.shopify.com/s/files/1/0574/4692/4324/files/4c64ecc39544a964ff71cf7145b036534146939d_Asset_SIN_MTG_TMT_60_ENG_F.jpg?v=1770155311,53880821219700,PL,SIN-MTG-TMT-60-ENG-PL-F,PL,,,0.00,,False,,
14928458842484,Triceraton Commander [25] [Teenage Mutant Ninja Turtles] [Non-Foil],triceraton-commander-25-teenage-mutant-ninja-turtles-non-foil,Magic,Singles,,2026-02-03T16:48:29-05:00,2026-02-18T12:20:24-05:00,https://facetofacegames.com/products/triceraton-commander-25-teenage-mutant-ninja-turtles-non-foil,https://cdn.shopify.com/s/files/1/0574/4692/4324/files/1af98ca823500095d21b340bd4790071edf45e23_Asset_SIN_MTG_TMT_25_ENG_NF.jpg?v=1770155301,53880818696564,NM,SIN-MTG-TMT-25-ENG-NM-NF,NM,,,9.99,9.99,True,,
14928458842484,Triceraton Commander [25] [Teenage Mutant Ninja Turtles] [Non-Foil],triceraton-commander-25-teenage-mutant-ninja-turtles-non-foil,Magic,Singles,,2026-02-03T16:48:29-05:00,2026-02-18T12:20:24-05:00,https://facetofacegames.com/products/triceraton-commander-25-teenage-mutant-ninja-turtles-non-foil,https://cdn.shopify.com/s/files/1/0574/4692/4324/files/1af98ca823500095d21b340bd4790071edf45e23_Asset_SIN_MTG_TMT_25_ENG_NF.jpg?v=1770155301,53880818729332,PL,SIN-MTG-TMT-25-ENG-PL-NF,PL,,,0.00,,False,,
14928458809716,Triceraton Commander [25] [Teenage Mutant Ninja Turtles] [Foil],triceraton-commander-25-teenage-mutant-ninja-turtles-foil,Magic,Singles,,2026-02-03T16:48:29-05:00,2026-02-18T12:20:24-05:00,https://facetofacegames.com/products/triceraton-commander-25-teenage-mutant-ninja-turtles-foil,https://cdn.shopify.com/s/files/1/0574/4692/4324/files/e1bd4afffc384d2bea22f11862a2cfb69d416203_Asset_SIN_MTG_TMT_25_ENG_F.jpg?v=1770155300,53880818631028,NM,SIN-MTG-TMT-25-ENG-NM-F,NM,,,12.99,12.99,True,,
14928458809716,Triceraton Commander [25] [Teenage Mutant Ninja Turtles] [Foil],triceraton-commander-25-teenage-mutant-ninja-turtles-foil,Magic,Singles,,2026-02-03T16:48:29-05:00,2026-02-18T12:20:24-05:00,https://facetofacegames.com/products/triceraton-commander-25-teenage-mutant-ninja-turtles-foil,https://cdn.shopify.com/s/files/1/0574/4692/4324/files/e1bd4afffc384d2bea22f11862a2cfb69d416203_Asset_SIN_MTG_TMT_25_ENG_F.jpg?v=1770155300,53880818663796,PL,SIN-MTG-TMT-25-ENG-PL-F,PL,,,0.00,,False,,
14928457761140,"Tokka & Rahzar, Terrible Twos [171] [Teenage Mutant Ninja Turtles] [Foil]",tokka-rahzar-terrible-twos-171-teenage-mutant-ninja-turtles-foil,Magic,Singles,,2026-02-03T16:48:26-05:00,2026-02-18T12:20:24-05:00,https://facetofacegames.com/products/tokka-rahzar-terrible-twos-171-teenage-mutant-ninja-turtles-foil,https://cdn.shopify.com/s/files/1/0574/4692/4324/files/c45ccc6289605ffd20c23a21497b38efdf7c1fde_Asset_SIN_MTG_TMT_171_ENG_F.jpg?v=1770155293,53880816533876,NM,SIN-MTG-TMT-171-ENG-NM-F,NM,,,4.99,4.99,True,,
14928457761140,"Tokka & Rahzar, Terrible Twos [171] [Teenage Mutant Ninja Turtles] [Foil]",tokka-rahzar-terrible-twos-171-teenage-mutant-ninja-turtles-foil,Magic,Singles,,2026-02-03T16:48:26-05:00,2026-02-18T12:20:24-05:00,https://facetofacegames.com/products/tokka-rahzar-terrible-twos-171-teenage-mutant-ninja-turtles-foil,https://cdn.shopify.com/s/files/1/0574/4692/4324/files/c45ccc6289605ffd20c23a21497b38efdf7c1fde_Asset_SIN_MTG_TMT_171_ENG_F.jpg?v=1770155293,53880816566644,PL,SIN-MTG-TMT-171-ENG-PL-F,PL,,,0.00,,False,,
14928457728372,"Tokka & Rahzar, Terrible Twos [171] [Teenage Mutant Ninja Turtles] [Non-Foil]",tokka-rahzar-terrible-twos-171-teenage-mutant-ninja-turtles-non-foil,Magic,Singles,,2026-02-03T16:48:26-05:00,2026-02-18T12:20:24-05:00,https://facetofacegames.com/products/tokka-rahzar-terrible-twos-171-teenage-mutant-ninja-turtles-non-foil,https://cdn.shopify.com/s/files/1/0574/4692/4324/files/139c82f99ab953debe30f78e8affdd8e20f3ad88_Asset_SIN_MTG_TMT_171_ENG_NF.jpg?v=1770155292,53880816468340,NM,SIN-MTG-TMT-171-ENG-NM-NF,NM,,,3.99,3.99,True,,
14928457728372,"Tokka & Rahzar, Terrible Twos [171] [Teenage Mutant Ninja Turtles] [Non-Foil]",tokka-rahzar-terrible-twos-171-teenage-mutant-ninja-turtles-non-foil,Magic,Singles,,2026-02-03T16:48:26-05:00,2026-02-18T12:20:24-05:00,https://facetofacegames.com/products/tokka-rahzar-terrible-twos-171-teenage-mutant-ninja-turtles-non-foil,https://cdn.shopify.com/s/files/1/0574/4692/4324/files/139c82f99ab953debe30f78e8affdd8e20f3ad88_Asset_SIN_MTG_TMT_171_ENG_NF.jpg?v=1770155292,53880816501108,PL,SIN-MTG-TMT-171-ENG-PL-NF,PL,,,0.00,,False,,
14928459956596,The Cloning of Shredder [60] [Teenage Mutant Ninja Turtles] [Non-Foil],the-cloning-of-shredder-60-teenage-mutant-ninja-turtles-non-foil,Magic,Singles,,2026-02-03T16:48:42-05:00,2026-02-18T12:20:23-05:00,https://facetofacegames.com/products/the-cloning-of-shredder-60-teenage-mutant-ninja-turtles-non-foil,https://cdn.shopify.com/s/files/1/0574/4692/4324/files/005cbed1ac7931f609a629294ddf95307e20b1af_Asset_SIN_MTG_TMT_60_ENG_NF.jpg?v=1770155312,53880820793716,NM,SIN-MTG-TMT-60-ENG-NM-NF,NM,,,9.99,9.99,True,,
14928459956596,The Cloning of Shredder [60] [Teenage Mutant Ninja Turtles] [Non-Foil],the-cloning-of-shredder-60-teenage-mutant-ninja-turtles-non-foil,Magic,Singles,,2026-02-03T16:48:42-05:00,2026-02-18T12:20:23-05:00,https://facetofacegames.com/products/the-cloning-of-shredder-60-teenage-mutant-ninja-turtles-non-foil,https://cdn.shopify.com/s/files/1/0574/4692/4324/files/005cbed1ac7931f609a629294ddf95307e20b1af_Asset_SIN_MTG_TMT_60_ENG_NF.jpg?v=1770155312,53880820826484,PL,SIN-MTG-TMT-60-ENG-PL-NF,PL,,,0.00,,False,,
14928458023284,Technodrome [179] [Teenage Mutant Ninja Turtles] [Foil],technodrome-179-teenage-mutant-ninja-turtles-foil,Magic,Singles,,2026-02-03T16:48:27-05:00,2026-02-18T12:20:23-05:00,https://facetofacegames.com/products/technodrome-179-teenage-mutant-ninja-turtles-foil,https://cdn.shopify.com/s/files/1/0574/4692/4324/files/a19131e960f9c6d4b777a2d03ab3553d2b149ddf_Asset_SIN_MTG_TMT_179_ENG_F.jpg?v=1770155294,53880817058164,NM,SIN-MTG-TMT-179-ENG-NM-F,NM,,,24.99,24.99,True,,
14928458023284,Technodrome [179] [Teenage Mutant Ninja Turtles] [Foil],technodrome-179-teenage-mutant-ninja-turtles-foil,Magic,Singles,,2026-02-03T16:48:27-05:00,2026-02-18T12:20:23-05:00,https://facetofacegames.com/products/technodrome-179-teenage-mutant-ninja-turtles-foil,https://cdn.shopify.com/s/files/1/0574/4692/4324/files/a19131e960f9c6d4b777a2d03ab3553d2b149ddf_Asset_SIN_MTG_TMT_179_ENG_F.jpg?v=1770155294,53880817090932,PL,SIN-MTG-TMT-179-ENG-PL-F,PL,,,0.00,,False,,
14928457990516,The Ooze [177] [Teenage Mutant Ninja Turtles] [Non-Foil],the-ooze-177-teenage-mutant-ninja-turtles-non-foil,Magic,Singles,,2026-02-03T16:48:27-05:00,2026-02-18T12:20:23-05:00,https://facetofacegames.com/products/the-ooze-177-teenage-mutant-ninja-turtles-non-foil,https://cdn.shopify.com/s/files/1/0574/4692/4324/files/55a7ca01cf87ed60a1ccf7b936b7adb3b277af4d_Asset_SIN_MTG_TMT_177_ENG_NF.jpg?v=1770155295,53880816992628,NM,SIN-MTG-TMT-177-ENG-NM-NF,NM,,,5.99,5.99,True,,
14928457990516,The Ooze [177] [Teenage Mutant Ninja Turtles] [Non-Foil],the-ooze-177-teenage-mutant-ninja-turtles-non-foil,Magic,Singles,,2026-02-03T16:48:27-05:00,2026-02-18T12:20:23-05:00,https://facetofacegames.com/products/the-ooze-177-teenage-mutant-ninja-turtles-non-foil,https://cdn.shopify.com/s/files/1/0574/4692/4324/files/55a7ca01cf87ed60a1ccf7b936b7adb3b277af4d_Asset_SIN_MTG_TMT_177_ENG_NF.jpg?v=1770155295,53880817025396,PL,SIN-MTG-TMT-177-ENG-PL-NF,PL,,,0.00,,False,,
14928457957748,Technodrome [179] [Teenage Mutant Ninja Turtles] [Non-Foil],technodrome-179-teenage-mutant-ninja-turtles-non-foil,Magic,Singles,,2026-02-03T16:48:27-05:00,2026-02-18T12:20:23-05:00,https://facetofacegames.com/products/technodrome-179-teenage-mutant-ninja-turtles-non-foil,https://cdn.shopify.com/s/files/1/0574/4692/4324/files/403f8921b4f3812b14e58522b3ac81c177e52dd5_Asset_SIN_MTG_TMT_179_ENG_NF.jpg?v=1770155295,53880816927092,NM,SIN-MTG-TMT-179-ENG-NM-NF,NM,,,19.99,19.99,True,,
14928457957748,Technodrome [179] [Teenage Mutant Ninja Turtles] [Non-Foil],technodrome-179-teenage-mutant-ninja-turtles-non-foil,Magic,Singles,,2026-02-03T16:48:27-05:00,2026-02-18T12:20:23-05:00,https://facetofacegames.com/products/technodrome-179-teenage-mutant-ninja-turtles-non-foil,https://cdn.shopify.com/s/files/1/0574/4692/4324/files/403f8921b4f3812b14e58522b3ac81c177e52dd5_Asset_SIN_MTG_TMT_179_ENG_NF.jpg?v=1770155295,53880816959860,PL,SIN-MTG-TMT-179-ENG-PL-NF,PL,,,0.00,,False,,
14928457924980,The Ooze [177] [Teenage Mutant Ninja Turtles] [Foil],the-ooze-177-teenage-mutant-ninja-turtles-foil,Magic,Singles,,2026-02-03T16:48:27-05:00,2026-02-18T12:20:23-05:00,https://facetofacegames.com/products/the-ooze-177-teenage-mutant-ninja-turtles-foil,https://cdn.shopify.com/s/files/1/0574/4692/4324/files/80991e5ba1613e027f2ede8af5212970c5e2eb77_Asset_SIN_MTG_TMT_177_ENG_F.jpg?v=1770155294,53880816861556,NM,SIN-MTG-TMT-177-ENG-NM-F,NM,,,7.99,7.99,True,,
14928457924980,The Ooze [177] [Teenage Mutant Ninja Turtles] [Foil],the-ooze-177-teenage-mutant-ninja-turtles-foil,Magic,Singles,,2026-02-03T16:48:27-05:00,2026-02-18T12:20:23-05:00,https://facetofacegames.com/products/the-ooze-177-teenage-mutant-ninja-turtles-foil,https://cdn.shopify.com/s/files/1/0574/4692/4324/files/80991e5ba1613e027f2ede8af5212970c5e2eb77_Asset_SIN_MTG_TMT_177_ENG_F.jpg?v=1770155294,53880816894324,PL,SIN-MTG-TMT-177-ENG-PL-F,PL,,,0.00,,False,,
14928457204084,The Last Ronin [154] [Teenage Mutant Ninja Turtles] [Non-Foil],the-last-ronin-154-teenage-mutant-ninja-turtles-non-foil,Magic,Singles,,2026-02-03T16:48:25-05:00,2026-02-18T12:20:23-05:00,https://facetofacegames.com/products/the-last-ronin-154-teenage-mutant-ninja-turtles-non-foil,https://cdn.shopify.com/s/files/1/0574/4692/4324/files/4a93b4f8cdb408981ddb350d5c14e0e4929b6779_Asset_SIN_MTG_TMT_154_ENG_NF.jpg?v=1770155288,53880815354228,NM,SIN-MTG-TMT-154-ENG-NM-NF,NM,,,5.99,5.99,True,,
14928457204084,The Last Ronin [154] [Teenage Mutant Ninja Turtles] [Non-Foil],the-last-ronin-154-teenage-mutant-ninja-turtles-non-foil,Magic,Singles,,2026-02-03T16:48:25-05:00,2026-02-18T12:20:23-05:00,https://facetofacegames.com/products/the-last-ronin-154-teenage-mutant-ninja-turtles-non-foil,https://cdn.shopify.com/s/files/1/0574/4692/4324/files/4a93b4f8cdb408981ddb350d5c14e0e4929b6779_Asset_SIN_MTG_TMT_154_ENG_NF.jpg?v=1770155288,53880815386996,PL,SIN-MTG-TMT-154-ENG-PL-NF,PL,,,0.00,,False,,
14928457171316,The Last Ronin [154] [Teenage Mutant Ninja Turtles] [Foil],the-last-ronin-154-teenage-mutant-ninja-turtles-foil,Magic,Singles,,2026-02-03T16:48:25-05:00,2026-02-18T12:20:23-05:00,https://facetofacegames.com/products/the-last-ronin-154-teenage-mutant-ninja-turtles-foil,https://cdn.shopify.com/s/files/1/0574/4692/4324/files/fe0727c592f2aa27b04a7e12e2367bc6a009eeed_Asset_SIN_MTG_TMT_154_ENG_F.jpg?v=1770155289,53880815419764,NM,SIN-MTG-TMT-154-ENG-NM-F,NM,,,7.99,7.99,True,,
14928457171316,The Last Ronin [154] [Teenage Mutant Ninja Turtles] [Foil],the-last-ronin-154-teenage-mutant-ninja-turtles-foil,Magic,Singles,,2026-02-03T16:48:25-05:00,2026-02-18T12:20:23-05:00,https://facetofacegames.com/products/the-last-ronin-154-teenage-mutant-ninja-turtles-foil,https://cdn.shopify.com/s/files/1/0574/4692/4324/files/fe0727c592f2aa27b04a7e12e2367bc6a009eeed_Asset_SIN_MTG_TMT_154_ENG_F.jpg?v=1770155289,53880815452532,PL,SIN-MTG-TMT-154-ENG-PL-F,PL,,,0.00,,False,,
14928456712564,Transdimensional Bovine [134] [Teenage Mutant Ninja Turtles] [Non-Foil],transdimensional-bovine-134-teenage-mutant-ninja-turtles-non-foil,Magic,Singles,,2026-02-03T16:48:23-05:00,2026-02-18T12:20:23-05:00,https://facetofacegames.com/products/transdimensional-bovine-134-teenage-mutant-ninja-turtles-non-foil,https://cdn.shopify.com/s/files/1/0574/4692/4324/files/c205b20622225e877553e20535220a813c8953f8_Asset_SIN_MTG_TMT_134_ENG_NF.jpg?v=1770155283,53880814436724,NM,SIN-MTG-TMT-134-ENG-NM-NF,NM,,,3.99,3.99,True,,
14928456712564,Transdimensional Bovine [134] [Teenage Mutant Ninja Turtles] [Non-Foil],transdimensional-bovine-134-teenage-mutant-ninja-turtles-non-foil,Magic,Singles,,2026-02-03T16:48:23-05:00,2026-02-18T12:20:23-05:00,https://facetofacegames.com/products/transdimensional-bovine-134-teenage-mutant-ninja-turtles-non-foil,https://cdn.shopify.com/s/files/1/0574/4692/4324/files/c205b20622225e877553e20535220a813c8953f8_Asset_SIN_MTG_TMT_134_ENG_NF.jpg?v=1770155283,53880814469492,PL,SIN-MTG-TMT-134-ENG-PL-NF,PL,,,0.00,,False,,
14928456679796,Transdimensional Bovine [134] [Teenage Mutant Ninja Turtles] [Foil],transdimensional-bovine-134-teenage-mutant-ninja-turtles-foil,Magic,Singles,,2026-02-03T16:48:23-05:00,2026-02-18T12:20:23-05:00,https://facetofacegames.com/products/transdimensional-bovine-134-teenage-mutant-ninja-turtles-foil,https://cdn.shopify.com/s/files/1/0574/4692/4324/files/101476f79f1e32b90b06cb16500117c11138f3fd_Asset_SIN_MTG_TMT_134_ENG_F.jpg?v=1770155283,53880814371188,NM,SIN-MTG-TMT-134-ENG-NM-F,NM,,,4.99,4.99,True,,
14928456679796,Transdimensional Bovine [134] [Teenage Mutant Ninja Turtles] [Foil],transdimensional-bovine-134-teenage-mutant-ninja-turtles-foil,Magic,Singles,,2026-02-03T16:48:23-05:00,2026-02-18T12:20:23-05:00,https://facetofacegames.com/products/transdimensional-bovine-134-teenage-mutant-ninja-turtles-foil,https://cdn.shopify.com/s/files/1/0574/4692/4324/files/101476f79f1e32b90b06cb16500117c11138f3fd_Asset_SIN_MTG_TMT_134_ENG_F.jpg?v=1770155283,53880814403956,PL,SIN-MTG-TMT-134-ENG-PL-F,PL,,,0.00,,False,,
14953005810036,Shredder's Technique [77] [Teenage Mutant Ninja Turtles] [Non-Foil],shredders-technique-77-teenage-mutant-ninja-turtles-non-foil,Magic,Singles,,2026-02-17T20:34:24-05:00,2026-02-18T12:14:28-05:00,https://facetofacegames.com/products/shredders-technique-77-teenage-mutant-ninja-turtles-non-foil,https://cdn.shopify.com/s/files/1/0574/4692/4324/files/ce67287adcff36bb6468c58b2cbbf591f8f13947_Asset_SIN_MTG_TMT_77_ENG_NF.jpg?v=1771444181,53932883902836,NM,SIN-MTG-TMT-77-ENG-NM-NF,NM,,,0.99,0.99,True,,
14953005810036,Shredder's Technique [77] [Teenage Mutant Ninja Turtles] [Non-Foil],shredders-technique-77-teenage-mutant-ninja-turtles-non-foil,Magic,Singles,,2026-02-17T20:34:24-05:00,2026-02-18T12:14:28-05:00,https://facetofacegames.com/products/shredders-technique-77-teenage-mutant-ninja-turtles-non-foil,https://cdn.shopify.com/s/files/1/0574/4692/4324/files/ce67287adcff36bb6468c58b2cbbf591f8f13947_Asset_SIN_MTG_TMT_77_ENG_NF.jpg?v=1771444181,53932883935604,PL,SIN-MTG-TMT-77-ENG-PL-NF,PL,,,0.00,,False,,
14953005449588,Shredder's Technique [77] [Teenage Mutant Ninja Turtles] [Foil],shredders-technique-77-teenage-mutant-ninja-turtles-foil,Magic,Singles,,2026-02-17T20:34:18-05:00,2026-02-18T12:14:28-05:00,https://facetofacegames.com/products/shredders-technique-77-teenage-mutant-ninja-turtles-foil,https://cdn.shopify.com/s/files/1/0574/4692/4324/files/7ae49ceee92224c11ed06f55da5f4eb39818921b_Asset_SIN_MTG_TMT_77_ENG_F.jpg?v=1771444181,53932882788724,NM,SIN-MTG-TMT-77-ENG-NM-F,NM,,,0.99,0.99,True,,
14953005449588,Shredder's Technique [77] [Teenage Mutant Ninja Turtles] [Foil],shredders-technique-77-teenage-mutant-ninja-turtles-foil,Magic,Singles,,2026-02-17T20:34:18-05:00,2026-02-18T12:14:28-05:00,https://facetofacegames.com/products/shredders-technique-77-teenage-mutant-ninja-turtles-foil,https://cdn.shopify.com/s/files/1/0574/4692/4324/files/7ae49ceee92224c11ed06f55da5f4eb39818921b_Asset_SIN_MTG_TMT_77_ENG_F.jpg?v=1771444181,53932882821492,PL,SIN-MTG-TMT-77-ENG-PL-F,PL,,,0.00,,False,,
14953000534388,Swamp [193] [Full Art] [Rooftop Basic Land] [Teenage Mutant Ninja Turtles] [Non-Foil],swamp-193-full-art-rooftop-basic-land-teenage-mutant-ninja-turtles-non-foil,Magic,Singles,,2026-02-17T20:33:04-05:00,2026-02-18T12:14:28-05:00,https://facetofacegames.com/products/swamp-193-full-art-rooftop-basic-land-teenage-mutant-ninja-turtles-non-foil,https://cdn.shopify.com/s/files/1/0574/4692/4324/files/c16cceaa08174d247c9dad37f24b20c7a0039588_Asset_SIN_MTG_TMT_193_ENG_NF.jpg?v=1771444136,53932872860020,NM,SIN-MTG-TMT-193-ENG-NM-NF,NM,,,0.99,0.99,True,,
14953000534388,Swamp [193] [Full Art] [Rooftop Basic Land] [Teenage Mutant Ninja Turtles] [Non-Foil],swamp-193-full-art-rooftop-basic-land-teenage-mutant-ninja-turtles-non-foil,Magic,Singles,,2026-02-17T20:33:04-05:00,2026-02-18T12:14:28-05:00,https://facetofacegames.com/products/swamp-193-full-art-rooftop-basic-land-teenage-mutant-ninja-turtles-non-foil,https://cdn.shopify.com/s/files/1/0574/4692/4324/files/c16cceaa08174d247c9dad37f24b20c7a0039588_Asset_SIN_MTG_TMT_193_ENG_NF.jpg?v=1771444136,53932872892788,PL,SIN-MTG-TMT-193-ENG-PL-NF,PL,,,0.00,,False,,
14953000042868,Spicy Oatmeal Pizza [109] [Teenage Mutant Ninja Turtles] [Non-Foil],spicy-oatmeal-pizza-109-teenage-mutant-ninja-turtles-non-foil,Magic,Singles,,2026-02-17T20:33:03-05:00,2026-02-18T12:14:28-05:00,https://facetofacegames.com/products/spicy-oatmeal-pizza-109-teenage-mutant-ninja-turtles-non-foil,https://cdn.shopify.com/s/files/1/0574/4692/4324/files/8b9ea377cc82681ff4e610a87f6078741747b605_Asset_SIN_MTG_TMT_109_ENG_NF.jpg?v=1771444131,53932872008052,NM,SIN-MTG-TMT-109-ENG-NM-NF,NM,,,0.49,0.49,True,,
14953000042868,Spicy Oatmeal Pizza [109] [Teenage Mutant Ninja Turtles] [Non-Foil],spicy-oatmeal-pizza-109-teenage-mutant-ninja-turtles-non-foil,Magic,Singles,,2026-02-17T20:33:03-05:00,2026-02-18T12:14:28-05:00,https://facetofacegames.com/products/spicy-oatmeal-pizza-109-teenage-mutant-ninja-turtles-non-foil,https://cdn.shopify.com/s/files/1/0574/4692/4324/files/8b9ea377cc82681ff4e610a87f6078741747b605_Asset_SIN_MTG_TMT_109_ENG_NF.jpg?v=1771444131,53932872040820,PL,SIN-MTG-TMT-109-ENG-PL-NF,PL,,,0.00,,False,,
14928462020980,"Savanti Romero, Time's Exile [72] [Teenage Mutant Ninja Turtles] [Foil]",savanti-romero-times-exile-72-teenage-mutant-ninja-turtles-foil,Magic,Singles,,2026-02-03T16:50:01-05:00,2026-02-18T12:14:28-05:00,https://facetofacegames.com/products/savanti-romero-times-exile-72-teenage-mutant-ninja-turtles-foil,https://cdn.shopify.com/s/files/1/0574/4692/4324/files/c8ccecc39c2ef39672bc1a9fe20b8fbc37b29ed5_Asset_SIN_MTG_TMT_72_ENG_F.jpg?v=1770155312,53880823906676,NM,SIN-MTG-TMT-72-ENG-NM-F,NM,,,4.99,4.99,True,,
14928462020980,"Savanti Romero, Time's Exile [72] [Teenage Mutant Ninja Turtles] [Foil]",savanti-romero-times-exile-72-teenage-mutant-ninja-turtles-foil,Magic,Singles,,2026-02-03T16:50:01-05:00,2026-02-18T12:14:28-05:00,https://facetofacegames.com/products/savanti-romero-times-exile-72-teenage-mutant-ninja-turtles-foil,https://cdn.shopify.com/s/files/1/0574/4692/4324/files/c8ccecc39c2ef39672bc1a9fe20b8fbc37b29ed5_Asset_SIN_MTG_TMT_72_ENG_F.jpg?v=1770155312,53880823939444,PL,SIN-MTG-TMT-72-ENG-PL-F,PL,,,0.00,,False,,
14928461758836,"Savanti Romero, Time's Exile [72] [Teenage Mutant Ninja Turtles] [Non-Foil]",savanti-romero-times-exile-72-teenage-mutant-ninja-turtles-non-foil,Magic,Singles,,2026-02-03T16:49:35-05:00,2026-02-18T12:14:28-05:00,https://facetofacegames.com/products/savanti-romero-times-exile-72-teenage-mutant-ninja-turtles-non-foil,https://cdn.shopify.com/s/files/1/0574/4692/4324/files/78741dffd98745c0e46f68e5433e1bc32fd6287b_Asset_SIN_MTG_TMT_72_ENG_NF.jpg?v=1770155312,53880823611764,NM,SIN-MTG-TMT-72-ENG-NM-NF,NM,,,3.99,3.99,True,,
14928461758836,"Savanti Romero, Time's Exile [72] [Teenage Mutant Ninja Turtles] [Non-Foil]",savanti-romero-times-exile-72-teenage-mutant-ninja-turtles-non-foil,Magic,Singles,,2026-02-03T16:49:35-05:00,2026-02-18T12:14:28-05:00,https://facetofacegames.com/products/savanti-romero-times-exile-72-teenage-mutant-ninja-turtles-non-foil,https://cdn.shopify.com/s/files/1/0574/4692/4324/files/78741dffd98745c0e46f68e5433e1bc32fd6287b_Asset_SIN_MTG_TMT_72_ENG_NF.jpg?v=1770155312,53880823644532,PL,SIN-MTG-TMT-72-ENG-PL-NF,PL,,,0.00,,False,,
14928461169012,Super Shredder [83] [Teenage Mutant Ninja Turtles] [Non-Foil],super-shredder-83-teenage-mutant-ninja-turtles-non-foil,Magic,Singles,,2026-02-03T16:49:08-05:00,2026-02-18T12:14:28-05:00,https://facetofacegames.com/products/super-shredder-83-teenage-mutant-ninja-turtles-non-foil,https://cdn.shopify.com/s/files/1/0574/4692/4324/files/96d111659a78b6e30ddd863cbbc9b18afbf95c96_Asset_SIN_MTG_TMT_83_ENG_NF.jpg?v=1770155317,53880822923636,NM,SIN-MTG-TMT-83-ENG-NM-NF,NM,,,44.99,44.99,True,,
14928461169012,Super Shredder [83] [Teenage Mutant Ninja Turtles] [Non-Foil],super-shredder-83-teenage-mutant-ninja-turtles-non-foil,Magic,Singles,,2026-02-03T16:49:08-05:00,2026-02-18T12:14:28-05:00,https://facetofacegames.com/products/super-shredder-83-teenage-mutant-ninja-turtles-non-foil,https://cdn.shopify.com/s/files/1/0574/4692/4324/files/96d111659a78b6e30ddd863cbbc9b18afbf95c96_Asset_SIN_MTG_TMT_83_ENG_NF.jpg?v=1770155317,53880822956404,PL,SIN-MTG-TMT-83-ENG-PL-NF,PL,,,0.00,,False,,
14928460644724,Super Shredder [83] [Teenage Mutant Ninja Turtles] [Foil],super-shredder-83-teenage-mutant-ninja-turtles-foil,Magic,Singles,,2026-02-03T16:49:01-05:00,2026-02-18T12:14:28-05:00,https://facetofacegames.com/products/super-shredder-83-teenage-mutant-ninja-turtles-foil,https://cdn.shopify.com/s/files/1/0574/4692/4324/files/965ad4ec07d12ac6ded4e951ff09d35b78fb6d81_Asset_SIN_MTG_TMT_83_ENG_F.jpg?v=1770155316,53880822006132,NM,SIN-MTG-TMT-83-ENG-NM-F,NM,,,54.99,54.99,True,,
14928460644724,Super Shredder [83] [Teenage Mutant Ninja Turtles] [Foil],super-shredder-83-teenage-mutant-ninja-turtles-foil,Magic,Singles,,2026-02-03T16:49:01-05:00,2026-02-18T12:14:28-05:00,https://facetofacegames.com/products/super-shredder-83-teenage-mutant-ninja-turtles-foil,https://cdn.shopify.com/s/files/1/0574/4692/4324/files/965ad4ec07d12ac6ded4e951ff09d35b78fb6d81_Asset_SIN_MTG_TMT_83_ENG_F.jpg?v=1770155316,53880822038900,PL,SIN-MTG-TMT-83-ENG-PL-F,PL,,,0.00,,False,,
14928460579188,South Wind Avatar [78] [Teenage Mutant Ninja Turtles] [Non-Foil],south-wind-avatar-78-teenage-mutant-ninja-turtles-non-foil,Magic,Singles,,2026-02-03T16:48:59-05:00,2026-02-18T12:14:28-05:00,https://facetofacegames.com/products/south-wind-avatar-78-teenage-mutant-ninja-turtles-non-foil,https://cdn.shopify.com/s/files/1/0574/4692/4324/files/dfdbea6ed5491264d58e92e6291dc7f7a86137e2_Asset_SIN_MTG_TMT_78_ENG_NF.jpg?v=1770155313,53880821776756,NM,SIN-MTG-TMT-78-ENG-NM-NF,NM,,,4.99,4.99,True,,
14928460579188,South Wind Avatar [78] [Teenage Mutant Ninja Turtles] [Non-Foil],south-wind-avatar-78-teenage-mutant-ninja-turtles-non-foil,Magic,Singles,,2026-02-03T16:48:59-05:00,2026-02-18T12:14:28-05:00,https://facetofacegames.com/products/south-wind-avatar-78-teenage-mutant-ninja-turtles-non-foil,https://cdn.shopify.com/s/files/1/0574/4692/4324/files/dfdbea6ed5491264d58e92e6291dc7f7a86137e2_Asset_SIN_MTG_TMT_78_ENG_NF.jpg?v=1770155313,53880821809524,PL,SIN-MTG-TMT-78-ENG-PL-NF,PL,,,0.00,,False,,
14928458711412,Swamp [255] [Full Art] [Pizza Basic Land ] [Teenage Mutant Ninja Turtles] [Non-Foil],swamp-255-full-art-pizza-basic-land-teenage-mutant-ninja-turtles-non-foil,Magic,Singles,,2026-02-03T16:48:28-05:00,2026-02-18T12:14:28-05:00,https://facetofacegames.com/products/swamp-255-full-art-pizza-basic-land-teenage-mutant-ninja-turtles-non-foil,https://cdn.shopify.com/s/files/1/0574/4692/4324/files/2795c3dd3ba493ea0339da4913fda0fd02ad7593_Asset_SIN_MTG_TMT_255_ENG_NF.jpg?v=1770155299,53880818499956,NM,SIN-MTG-TMT-255-ENG-NM-NF,NM,,,0.99,0.99,True,,
14928458711412,Swamp [255] [Full Art] [Pizza Basic Land ] [Teenage Mutant Ninja Turtles] [Non-Foil],swamp-255-full-art-pizza-basic-land-teenage-mutant-ninja-turtles-non-foil,Magic,Singles,,2026-02-03T16:48:28-05:00,2026-02-18T12:14:28-05:00,https://facetofacegames.com/products/swamp-255-full-art-pizza-basic-land-teenage-mutant-ninja-turtles-non-foil,https://cdn.shopify.com/s/files/1/0574/4692/4324/files/2795c3dd3ba493ea0339da4913fda0fd02ad7593_Asset_SIN_MTG_TMT_255_ENG_NF.jpg?v=1770155299,53880818532724,PL,SIN-MTG-TMT-255-ENG-PL-NF,PL,,,0.00,,False,,
14928457859444,"Splinter, Radical Rat [169] [Teenage Mutant Ninja Turtles] [Non-Foil]",splinter-radical-rat-169-teenage-mutant-ninja-turtles-non-foil,Magic,Singles,,2026-02-03T16:48:27-05:00,2026-02-18T12:14:28-05:00,https://facetofacegames.com/products/splinter-radical-rat-169-teenage-mutant-ninja-turtles-non-foil,https://cdn.shopify.com/s/files/1/0574/4692/4324/files/38ed93d9394c060a7c87aecacd2e76f6cfed1b77_Asset_SIN_MTG_TMT_169_ENG_NF.jpg?v=1770155292,53880816664948,NM,SIN-MTG-TMT-169-ENG-NM-NF,NM,,,5.99,5.99,True,,
14928457859444,"Splinter, Radical Rat [169] [Teenage Mutant Ninja Turtles] [Non-Foil]",splinter-radical-rat-169-teenage-mutant-ninja-turtles-non-foil,Magic,Singles,,2026-02-03T16:48:27-05:00,2026-02-18T12:14:28-05:00,https://facetofacegames.com/products/splinter-radical-rat-169-teenage-mutant-ninja-turtles-non-foil,https://cdn.shopify.com/s/files/1/0574/4692/4324/files/38ed93d9394c060a7c87aecacd2e76f6cfed1b77_Asset_SIN_MTG_TMT_169_ENG_NF.jpg?v=1770155292,53880816697716,PL,SIN-MTG-TMT-169-ENG-PL-NF,PL,,,0.00,,False,,
14953004761460,Shredder's Revenge [76] [Teenage Mutant Ninja Turtles] [Non-Foil],shredders-revenge-76-teenage-mutant-ninja-turtles-non-foil,Magic,Singles,,2026-02-17T20:34:12-05:00,2026-02-18T12:14:27-05:00,https://facetofacegames.com/products/shredders-revenge-76-teenage-mutant-ninja-turtles-non-foil,https://cdn.shopify.com/s/files/1/0574/4692/4324/files/3afb8060c44921fcf42c59f44123ce1b665a86fb_Asset_SIN_MTG_TMT_76_ENG_NF.jpg?v=1771444188,53932881248628,NM,SIN-MTG-TMT-76-ENG-NM-NF,NM,,,0.49,0.49,True,,
14953004761460,Shredder's Revenge [76] [Teenage Mutant Ninja Turtles] [Non-Foil],shredders-revenge-76-teenage-mutant-ninja-turtles-non-foil,Magic,Singles,,2026-02-17T20:34:12-05:00,2026-02-18T12:14:27-05:00,https://facetofacegames.com/products/shredders-revenge-76-teenage-mutant-ninja-turtles-non-foil,https://cdn.shopify.com/s/files/1/0574/4692/4324/files/3afb8060c44921fcf42c59f44123ce1b665a86fb_Asset_SIN_MTG_TMT_76_ENG_NF.jpg?v=1771444188,53932881281396,PL,SIN-MTG-TMT-76-ENG-PL-NF,PL,,,0.00,,False,,
14953000501620,Swamp [193] [Full Art] [Rooftop Basic Land] [Teenage Mutant Ninja Turtles] [Foil],swamp-193-full-art-rooftop-basic-land-teenage-mutant-ninja-turtles-foil,Magic,Singles,,2026-02-17T20:33:04-05:00,2026-02-18T12:14:27-05:00,https://facetofacegames.com/products/swamp-193-full-art-rooftop-basic-land-teenage-mutant-ninja-turtles-foil,https://cdn.shopify.com/s/files/1/0574/4692/4324/files/c91931d32c23a3deb90063bdda1384350e11c6e3_Asset_SIN_MTG_TMT_193_ENG_F.jpg?v=1771444135,53932872597876,NM,SIN-MTG-TMT-193-ENG-NM-F,NM,,,1.49,1.49,True,,
14953000501620,Swamp [193] [Full Art] [Rooftop Basic Land] [Teenage Mutant Ninja Turtles] [Foil],swamp-193-full-art-rooftop-basic-land-teenage-mutant-ninja-turtles-foil,Magic,Singles,,2026-02-17T20:33:04-05:00,2026-02-18T12:14:27-05:00,https://facetofacegames.com/products/swamp-193-full-art-rooftop-basic-land-teenage-mutant-ninja-turtles-foil,https://cdn.shopify.com/s/files/1/0574/4692/4324/files/c91931d32c23a3deb90063bdda1384350e11c6e3_Asset_SIN_MTG_TMT_193_ENG_F.jpg?v=1771444135,53932872630644,PL,SIN-MTG-TMT-193-ENG-PL-F,PL,,,0.00,,False,,
14952999879028,"Raphael, Tough Turtle [104] [Teenage Mutant Ninja Turtles] [Foil]",raphael-tough-turtle-104-teenage-mutant-ninja-turtles-foil,Magic,Singles,,2026-02-17T20:33:03-05:00,2026-02-18T12:14:27-05:00,https://facetofacegames.com/products/raphael-tough-turtle-104-teenage-mutant-ninja-turtles-foil,https://cdn.shopify.com/s/files/1/0574/4692/4324/files/7785f82a04d3ea356764ca14f337ac43835aa877_Asset_SIN_MTG_TMT_104_ENG_F.jpg?v=1771444132,53932871549300,NM,SIN-MTG-TMT-104-ENG-NM-F,NM,,,0.99,0.99,True,,
14952999879028,"Raphael, Tough Turtle [104] [Teenage Mutant Ninja Turtles] [Foil]",raphael-tough-turtle-104-teenage-mutant-ninja-turtles-foil,Magic,Singles,,2026-02-17T20:33:03-05:00,2026-02-18T12:14:27-05:00,https://facetofacegames.com/products/raphael-tough-turtle-104-teenage-mutant-ninja-turtles-foil,https://cdn.shopify.com/s/files/1/0574/4692/4324/files/7785f82a04d3ea356764ca14f337ac43835aa877_Asset_SIN_MTG_TMT_104_ENG_F.jpg?v=1771444132,53932871582068,PL,SIN-MTG-TMT-104-ENG-PL-F,PL,,,0.00,,False,,
14952999846260,Spicy Oatmeal Pizza [109] [Teenage Mutant Ninja Turtles] [Foil],spicy-oatmeal-pizza-109-teenage-mutant-ninja-turtles-foil,Magic,Singles,,2026-02-17T20:33:03-05:00,2026-02-18T12:14:27-05:00,https://facetofacegames.com/products/spicy-oatmeal-pizza-109-teenage-mutant-ninja-turtles-foil,https://cdn.shopify.com/s/files/1/0574/4692/4324/files/dd142cc819595af07c38d0b1873e6d70c769afdd_Asset_SIN_MTG_TMT_109_ENG_F.jpg?v=1771444131,53932871483764,NM,SIN-MTG-TMT-109-ENG-NM-F,NM,,,0.49,0.49,True,,
14952999846260,Spicy Oatmeal Pizza [109] [Teenage Mutant Ninja Turtles] [Foil],spicy-oatmeal-pizza-109-teenage-mutant-ninja-turtles-foil,Magic,Singles,,2026-02-17T20:33:03-05:00,2026-02-18T12:14:27-05:00,https://facetofacegames.com/products/spicy-oatmeal-pizza-109-teenage-mutant-ninja-turtles-foil,https://cdn.shopify.com/s/files/1/0574/4692/4324/files/dd142cc819595af07c38d0b1873e6d70c769afdd_Asset_SIN_MTG_TMT_109_ENG_F.jpg?v=1771444131,53932871516532,PL,SIN-MTG-TMT-109-ENG-PL-F,PL,,,0.00,,False,,
14928460775796,Splinter's Technique [80] [Teenage Mutant Ninja Turtles] [Non-Foil],splinters-technique-80-teenage-mutant-ninja-turtles-non-foil,Magic,Singles,,2026-02-03T16:49:03-05:00,2026-02-18T12:14:27-05:00,https://facetofacegames.com/products/splinters-technique-80-teenage-mutant-ninja-turtles-non-foil,https://cdn.shopify.com/s/files/1/0574/4692/4324/files/842c5f9f5c7e27df009f620a2e88c414e8989f14_Asset_SIN_MTG_TMT_80_ENG_NF.jpg?v=1770155315,53880822202740,NM,SIN-MTG-TMT-80-ENG-NM-NF,NM,,,12.99,12.99,True,,
14928460775796,Splinter's Technique [80] [Teenage Mutant Ninja Turtles] [Non-Foil],splinters-technique-80-teenage-mutant-ninja-turtles-non-foil,Magic,Singles,,2026-02-03T16:49:03-05:00,2026-02-18T12:14:27-05:00,https://facetofacegames.com/products/splinters-technique-80-teenage-mutant-ninja-turtles-non-foil,https://cdn.shopify.com/s/files/1/0574/4692/4324/files/842c5f9f5c7e27df009f620a2e88c414e8989f14_Asset_SIN_MTG_TMT_80_ENG_NF.jpg?v=1770155315,53880822235508,PL,SIN-MTG-TMT-80-ENG-PL-NF,PL,,,0.00,,False,,
14928460546420,Splinter's Technique [80] [Teenage Mutant Ninja Turtles] [Foil],splinters-technique-80-teenage-mutant-ninja-turtles-foil,Magic,Singles,,2026-02-03T16:48:59-05:00,2026-02-18T12:14:27-05:00,https://facetofacegames.com/products/splinters-technique-80-teenage-mutant-ninja-turtles-foil,https://cdn.shopify.com/s/files/1/0574/4692/4324/files/43d0f704ff9953cb8f78dd55db8dedb1010f4941_Asset_SIN_MTG_TMT_80_ENG_F.jpg?v=1770155315,53880821907828,NM,SIN-MTG-TMT-80-ENG-NM-F,NM,,,14.99,14.99,True,,
14928460546420,Splinter's Technique [80] [Teenage Mutant Ninja Turtles] [Foil],splinters-technique-80-teenage-mutant-ninja-turtles-foil,Magic,Singles,,2026-02-03T16:48:59-05:00,2026-02-18T12:14:27-05:00,https://facetofacegames.com/products/splinters-technique-80-teenage-mutant-ninja-turtles-foil,https://cdn.shopify.com/s/files/1/0574/4692/4324/files/43d0f704ff9953cb8f78dd55db8dedb1010f4941_Asset_SIN_MTG_TMT_80_ENG_F.jpg?v=1770155315,53880821940596,PL,SIN-MTG-TMT-80-ENG-PL-F,PL,,,0.00,,False,,
14928460513652,South Wind Avatar [78] [Teenage Mutant Ninja Turtles] [Foil],south-wind-avatar-78-teenage-mutant-ninja-turtles-foil,Magic,Singles,,2026-02-03T16:48:59-05:00,2026-02-18T12:14:27-05:00,https://facetofacegames.com/products/south-wind-avatar-78-teenage-mutant-ninja-turtles-foil,https://cdn.shopify.com/s/files/1/0574/4692/4324/files/d7a9ff2a0a2fbad7edfa24bf8b1122433e2f98a8_Asset_SIN_MTG_TMT_78_ENG_F.jpg?v=1770155313,53880821842292,NM,SIN-MTG-TMT-78-ENG-NM-F,NM,,,6.99,6.99,True,,
14928460513652,South Wind Avatar [78] [Teenage Mutant Ninja Turtles] [Foil],south-wind-avatar-78-teenage-mutant-ninja-turtles-foil,Magic,Singles,,2026-02-03T16:48:59-05:00,2026-02-18T12:14:27-05:00,https://facetofacegames.com/products/south-wind-avatar-78-teenage-mutant-ninja-turtles-foil,https://cdn.shopify.com/s/files/1/0574/4692/4324/files/d7a9ff2a0a2fbad7edfa24bf8b1122433e2f98a8_Asset_SIN_MTG_TMT_78_ENG_F.jpg?v=1770155313,53880821875060,PL,SIN-MTG-TMT-78-ENG-PL-F,PL,,,0.00,,False,,
14928460349812,"Rat King, Verminister [71] [Teenage Mutant Ninja Turtles] [Foil]",rat-king-verminister-71-teenage-mutant-ninja-turtles-foil,Magic,Singles,,2026-02-03T16:48:43-05:00,2026-02-18T12:14:27-05:00,https://facetofacegames.com/products/rat-king-verminister-71-teenage-mutant-ninja-turtles-foil,https://cdn.shopify.com/s/files/1/0574/4692/4324/files/c9c50dab0ffe04ff20915321703b39a79503386c_Asset_SIN_MTG_TMT_71_ENG_F.jpg?v=1770155312,53880821580148,NM,SIN-MTG-TMT-71-ENG-NM-F,NM,,,4.99,4.99,True,,
14928460349812,"Rat King, Verminister [71] [Teenage Mutant Ninja Turtles] [Foil]",rat-king-verminister-71-teenage-mutant-ninja-turtles-foil,Magic,Singles,,2026-02-03T16:48:43-05:00,2026-02-18T12:14:27-05:00,https://facetofacegames.com/products/rat-king-verminister-71-teenage-mutant-ninja-turtles-foil,https://cdn.shopify.com/s/files/1/0574/4692/4324/files/c9c50dab0ffe04ff20915321703b39a79503386c_Asset_SIN_MTG_TMT_71_ENG_F.jpg?v=1770155312,53880821612916,PL,SIN-MTG-TMT-71-ENG-PL-F,PL,,,0.00,,False,,
14928460317044,"Rat King, Verminister [71] [Teenage Mutant Ninja Turtles] [Non-Foil]",rat-king-verminister-71-teenage-mutant-ninja-turtles-non-foil,Magic,Singles,,2026-02-03T16:48:43-05:00,2026-02-18T12:14:27-05:00,https://facetofacegames.com/products/rat-king-verminister-71-teenage-mutant-ninja-turtles-non-foil,https://cdn.shopify.com/s/files/1/0574/4692/4324/files/364a593a9e4daa5c7ffb4f7dd9a71b22332a5527_Asset_SIN_MTG_TMT_71_ENG_NF.jpg?v=1770155312,53880821514612,NM,SIN-MTG-TMT-71-ENG-NM-NF,NM,,,3.99,3.99,True,,
14928460317044,"Rat King, Verminister [71] [Teenage Mutant Ninja Turtles] [Non-Foil]",rat-king-verminister-71-teenage-mutant-ninja-turtles-non-foil,Magic,Singles,,2026-02-03T16:48:43-05:00,2026-02-18T12:14:27-05:00,https://facetofacegames.com/products/rat-king-verminister-71-teenage-mutant-ninja-turtles-non-foil,https://cdn.shopify.com/s/files/1/0574/4692/4324/files/364a593a9e4daa5c7ffb4f7dd9a71b22332a5527_Asset_SIN_MTG_TMT_71_ENG_NF.jpg?v=1770155312,53880821547380,PL,SIN-MTG-TMT-71-ENG-PL-NF,PL,,,0.00,,False,,
14928459989364,"Renet, Temporal Apprentice [50] [Teenage Mutant Ninja Turtles] [Non-Foil]",renet-temporal-apprentice-50-teenage-mutant-ninja-turtles-non-foil,Magic,Singles,,2026-02-03T16:48:42-05:00,2026-02-18T12:14:27-05:00,https://facetofacegames.com/products/renet-temporal-apprentice-50-teenage-mutant-ninja-turtles-non-foil,https://cdn.shopify.com/s/files/1/0574/4692/4324/files/162b098cbe4befab93492741d0cde57b039de8a1_Asset_SIN_MTG_TMT_50_ENG_NF.jpg?v=1770155311,53880820859252,NM,SIN-MTG-TMT-50-ENG-NM-NF,NM,,,1.99,1.99,True,,
14928459989364,"Renet, Temporal Apprentice [50] [Teenage Mutant Ninja Turtles] [Non-Foil]",renet-temporal-apprentice-50-teenage-mutant-ninja-turtles-non-foil,Magic,Singles,,2026-02-03T16:48:42-05:00,2026-02-18T12:14:27-05:00,https://facetofacegames.com/products/renet-temporal-apprentice-50-teenage-mutant-ninja-turtles-non-foil,https://cdn.shopify.com/s/files/1/0574/4692/4324/files/162b098cbe4befab93492741d0cde57b039de8a1_Asset_SIN_MTG_TMT_50_ENG_NF.jpg?v=1770155311,53880820892020,PL,SIN-MTG-TMT-50-ENG-PL-NF,PL,,,0.00,,False,,
14928458645876,Swamp [255] [Full Art] [Pizza Basic Land ] [Teenage Mutant Ninja Turtles] [Foil],swamp-255-full-art-pizza-basic-land-teenage-mutant-ninja-turtles-foil,Magic,Singles,,2026-02-03T16:48:28-05:00,2026-02-18T12:14:27-05:00,https://facetofacegames.com/products/swamp-255-full-art-pizza-basic-land-teenage-mutant-ninja-turtles-foil,https://cdn.shopify.com/s/files/1/0574/4692/4324/files/010a6f754dddab019bfe2ff69ebd480a570551ca_Asset_SIN_MTG_TMT_255_ENG_F.jpg?v=1770155299,53880818303348,NM,SIN-MTG-TMT-255-ENG-NM-F,NM,,,1.49,1.49,True,,
14928458645876,Swamp [255] [Full Art] [Pizza Basic Land ] [Teenage Mutant Ninja Turtles] [Foil],swamp-255-full-art-pizza-basic-land-teenage-mutant-ninja-turtles-foil,Magic,Singles,,2026-02-03T16:48:28-05:00,2026-02-18T12:14:27-05:00,https://facetofacegames.com/products/swamp-255-full-art-pizza-basic-land-teenage-mutant-ninja-turtles-foil,https://cdn.shopify.com/s/files/1/0574/4692/4324/files/010a6f754dddab019bfe2ff69ebd480a570551ca_Asset_SIN_MTG_TMT_255_ENG_F.jpg?v=1770155299,53880818336116,PL,SIN-MTG-TMT-255-ENG-PL-F,PL,,,0.00,,False,,
14928457597300,"Splinter, Radical Rat [169] [Teenage Mutant Ninja Turtles] [Foil]",splinter-radical-rat-169-teenage-mutant-ninja-turtles-foil,Magic,Singles,,2026-02-03T16:48:26-05:00,2026-02-18T12:14:27-05:00,https://facetofacegames.com/products/splinter-radical-rat-169-teenage-mutant-ninja-turtles-foil,https://cdn.shopify.com/s/files/1/0574/4692/4324/files/7497b7d078b41fbeff70f56058e07d0b573a5140_Asset_SIN_MTG_TMT_169_ENG_F.jpg?v=1770155292,53880816206196,NM,SIN-MTG-TMT-169-ENG-NM-F,NM,,,7.99,7.99,True,,
14928457597300,"Splinter, Radical Rat [169] [Teenage Mutant Ninja Turtles] [Foil]",splinter-radical-rat-169-teenage-mutant-ninja-turtles-foil,Magic,Singles,,2026-02-03T16:48:26-05:00,2026-02-18T12:14:27-05:00,https://facetofacegames.com/products/splinter-radical-rat-169-teenage-mutant-ninja-turtles-foil,https://cdn.shopify.com/s/files/1/0574/4692/4324/files/7497b7d078b41fbeff70f56058e07d0b573a5140_Asset_SIN_MTG_TMT_169_ENG_F.jpg?v=1770155292,53880816238964,PL,SIN-MTG-TMT-169-ENG-PL-F,PL,,,0.00,,False,,
14928455991668,Ravenous Robots [106] [Teenage Mutant Ninja Turtles] [Foil],ravenous-robots-106-teenage-mutant-ninja-turtles-foil,Magic,Singles,,2026-02-03T16:48:21-05:00,2026-02-18T12:14:27-05:00,https://facetofacegames.com/products/ravenous-robots-106-teenage-mutant-ninja-turtles-foil,https://cdn.shopify.com/s/files/1/0574/4692/4324/files/10eb871c73deb4989aa5ca5f7c760fb37536f9ab_Asset_SIN_MTG_TMT_106_ENG_F.jpg?v=1770155275,53880813027700,NM,SIN-MTG-TMT-106-ENG-NM-F,NM,,,6.99,6.99,True,,
14928455991668,Ravenous Robots [106] [Teenage Mutant Ninja Turtles] [Foil],ravenous-robots-106-teenage-mutant-ninja-turtles-foil,Magic,Singles,,2026-02-03T16:48:21-05:00,2026-02-18T12:14:27-05:00,https://facetofacegames.com/products/ravenous-robots-106-teenage-mutant-ninja-turtles-foil,https://cdn.shopify.com/s/files/1/0574/4692/4324/files/10eb871c73deb4989aa5ca5f7c760fb37536f9ab_Asset_SIN_MTG_TMT_106_ENG_F.jpg?v=1770155275,53880813060468,PL,SIN-MTG-TMT-106-ENG-PL-F,PL,,,0.00,,False,,
14928455958900,"Raphael, the Nightwatcher [103] [Teenage Mutant Ninja Turtles] [Non-Foil]",raphael-the-nightwatcher-103-teenage-mutant-ninja-turtles-non-foil,Magic,Singles,,2026-02-03T16:48:21-05:00,2026-02-18T12:14:27-05:00,https://facetofacegames.com/products/raphael-the-nightwatcher-103-teenage-mutant-ninja-turtles-non-foil,https://cdn.shopify.com/s/files/1/0574/4692/4324/files/3c3f254fd3114ddd05343c3c2c978512176a9d82_Asset_SIN_MTG_TMT_103_ENG_NF.jpg?v=1770155275,53880812962164,NM,SIN-MTG-TMT-103-ENG-NM-NF,NM,,,7.99,7.99,True,,
14928455958900,"Raphael, the Nightwatcher [103] [Teenage Mutant Ninja Turtles] [Non-Foil]",raphael-the-nightwatcher-103-teenage-mutant-ninja-turtles-non-foil,Magic,Singles,,2026-02-03T16:48:21-05:00,2026-02-18T12:14:27-05:00,https://facetofacegames.com/products/raphael-the-nightwatcher-103-teenage-mutant-ninja-turtles-non-foil,https://cdn.shopify.com/s/files/1/0574/4692/4324/files/3c3f254fd3114ddd05343c3c2c978512176a9d82_Asset_SIN_MTG_TMT_103_ENG_NF.jpg?v=1770155275,53880812994932,PL,SIN-MTG-TMT-103-ENG-PL-NF,PL,,,0.00,,False,,
14928455893364,"Raphael, the Nightwatcher [103] [Teenage Mutant Ninja Turtles] [Foil]",raphael-the-nightwatcher-103-teenage-mutant-ninja-turtles-foil,Magic,Singles,,2026-02-03T16:48:21-05:00,2026-02-18T12:14:27-05:00,https://facetofacegames.com/products/raphael-the-nightwatcher-103-teenage-mutant-ninja-turtles-foil,https://cdn.shopify.com/s/files/1/0574/4692/4324/files/0b09ed32ec37131c4b4a3e44cae3c547767e876f_Asset_SIN_MTG_TMT_103_ENG_F.jpg?v=1770155275,53880812896628,NM,SIN-MTG-TMT-103-ENG-NM-F,NM,,,9.99,9.99,True,,
14928455893364,"Raphael, the Nightwatcher [103] [Teenage Mutant Ninja Turtles] [Foil]",raphael-the-nightwatcher-103-teenage-mutant-ninja-turtles-foil,Magic,Singles,,2026-02-03T16:48:21-05:00,2026-02-18T12:14:27-05:00,https://facetofacegames.com/products/raphael-the-nightwatcher-103-teenage-mutant-ninja-turtles-foil,https://cdn.shopify.com/s/files/1/0574/4692/4324/files/0b09ed32ec37131c4b4a3e44cae3c547767e876f_Asset_SIN_MTG_TMT_103_ENG_F.jpg?v=1770155275,53880812929396,PL,SIN-MTG-TMT-103-ENG-PL-F,PL,,,0.00,,False,,
14928456122740,"Slash, Reptile Rampager [108] [Teenage Mutant Ninja Turtles] [Foil]",slash-reptile-rampager-108-teenage-mutant-ninja-turtles-foil,Magic,Singles,,2026-02-03T16:48:22-05:00,2026-02-18T12:14:26-05:00,https://facetofacegames.com/products/slash-reptile-rampager-108-teenage-mutant-ninja-turtles-foil,https://cdn.shopify.com/s/files/1/0574/4692/4324/files/fa0a5a8e931d794060e198e206daa963560ddbc1_Asset_SIN_MTG_TMT_108_ENG_F.jpg?v=1770155276,53880813289844,NM,SIN-MTG-TMT-108-ENG-NM-F,NM,,,12.99,12.99,True,,
14928456122740,"Slash, Reptile Rampager [108] [Teenage Mutant Ninja Turtles] [Foil]",slash-reptile-rampager-108-teenage-mutant-ninja-turtles-foil,Magic,Singles,,2026-02-03T16:48:22-05:00,2026-02-18T12:14:26-05:00,https://facetofacegames.com/products/slash-reptile-rampager-108-teenage-mutant-ninja-turtles-foil,https://cdn.shopify.com/s/files/1/0574/4692/4324/files/fa0a5a8e931d794060e198e206daa963560ddbc1_Asset_SIN_MTG_TMT_108_ENG_F.jpg?v=1770155276,53880813322612,PL,SIN-MTG-TMT-108-ENG-PL-F,PL,,,0.00,,False,,
14928456188276,"Slash, Reptile Rampager [108] [Teenage Mutant Ninja Turtles] [Non-Foil]",slash-reptile-rampager-108-teenage-mutant-ninja-turtles-non-foil,Magic,Singles,,2026-02-03T16:48:22-05:00,2026-02-18T12:14:25-05:00,https://facetofacegames.com/products/slash-reptile-rampager-108-teenage-mutant-ninja-turtles-non-foil,https://cdn.shopify.com/s/files/1/0574/4692/4324/files/0b4a262158961d4667904d1535a2d5238518c604_Asset_SIN_MTG_TMT_108_ENG_NF.jpg?v=1770155277,53880813420916,NM,SIN-MTG-TMT-108-ENG-NM-NF,NM,,,9.99,9.99,True,,
14928456188276,"Slash, Reptile Rampager [108] [Teenage Mutant Ninja Turtles] [Non-Foil]",slash-reptile-rampager-108-teenage-mutant-ninja-turtles-non-foil,Magic,Singles,,2026-02-03T16:48:22-05:00,2026-02-18T12:14:25-05:00,https://facetofacegames.com/products/slash-reptile-rampager-108-teenage-mutant-ninja-turtles-non-foil,https://cdn.shopify.com/s/files/1/0574/4692/4324/files/0b4a262158961d4667904d1535a2d5238518c604_Asset_SIN_MTG_TMT_108_ENG_NF.jpg?v=1770155277,53880813453684,PL,SIN-MTG-TMT-108-ENG-PL-NF,PL,,,0.00,,False,,
14928461103476,"Shark Shredder, Killer Clone [73] [Teenage Mutant Ninja Turtles] [Non-Foil]",shark-shredder-killer-clone-73-teenage-mutant-ninja-turtles-non-foil,Magic,Singles,,2026-02-03T16:49:07-05:00,2026-02-18T12:14:24-05:00,https://facetofacegames.com/products/shark-shredder-killer-clone-73-teenage-mutant-ninja-turtles-non-foil,https://cdn.shopify.com/s/files/1/0574/4692/4324/files/dd7b76de5e7fc588c76c8422595d368f700ae428_Asset_SIN_MTG_TMT_73_ENG_NF.jpg?v=1770155312,53880822825332,NM,SIN-MTG-TMT-73-ENG-NM-NF,NM,,,7.99,7.99,True,,
14928461103476,"Shark Shredder, Killer Clone [73] [Teenage Mutant Ninja Turtles] [Non-Foil]",shark-shredder-killer-clone-73-teenage-mutant-ninja-turtles-non-foil,Magic,Singles,,2026-02-03T16:49:07-05:00,2026-02-18T12:14:24-05:00,https://facetofacegames.com/products/shark-shredder-killer-clone-73-teenage-mutant-ninja-turtles-non-foil,https://cdn.shopify.com/s/files/1/0574/4692/4324/files/dd7b76de5e7fc588c76c8422595d368f700ae428_Asset_SIN_MTG_TMT_73_ENG_NF.jpg?v=1770155312,53880822858100,PL,SIN-MTG-TMT-73-ENG-PL-NF,PL,,,0.00,,False,,
14952999911796,"Raphael, Tough Turtle [104] [Teenage Mutant Ninja Turtles] [Non-Foil]",raphael-tough-turtle-104-teenage-mutant-ninja-turtles-non-foil,Magic,Singles,,2026-02-17T20:33:03-05:00,2026-02-18T12:14:23-05:00,https://facetofacegames.com/products/raphael-tough-turtle-104-teenage-mutant-ninja-turtles-non-foil,https://cdn.shopify.com/s/files/1/0574/4692/4324/files/84ca9a60a9ec0b375ef72af156b6587f6cbb045e_Asset_SIN_MTG_TMT_104_ENG_NF.jpg?v=1771444131,53932871614836,NM,SIN-MTG-TMT-104-ENG-NM-NF,NM,,,0.75,0.75,True,,
14952999911796,"Raphael, Tough Turtle [104] [Teenage Mutant Ninja Turtles] [Non-Foil]",raphael-tough-turtle-104-teenage-mutant-ninja-turtles-non-foil,Magic,Singles,,2026-02-17T20:33:03-05:00,2026-02-18T12:14:23-05:00,https://facetofacegames.com/products/raphael-tough-turtle-104-teenage-mutant-ninja-turtles-non-foil,https://cdn.shopify.com/s/files/1/0574/4692/4324/files/84ca9a60a9ec0b375ef72af156b6587f6cbb045e_Asset_SIN_MTG_TMT_104_ENG_NF.jpg?v=1771444131,53932871647604,PL,SIN-MTG-TMT-104-ENG-PL-NF,PL,,,0.00,,False,,
14732035785076,One Piece Extra Booster: One Piece Heroines Edition - Booster Box,one-piece-extra-booster-one-piece-heroines-edition-booster-box,One Piece,Sealed Products,,2025-06-03T16:03:06-04:00,2026-02-18T12:14:23-05:00,https://facetofacegames.com/products/one-piece-extra-booster-one-piece-heroines-edition-booster-box,https://cdn.shopify.com/s/files/1/0574/4692/4324/files/83365098b87bd11d56313f36b6d55e023a25e7b6_Asset_SEA_BOX_ONE_OP_BJP2827232.webp?v=1770828479,52313686573428,Default Title,SEA-BOX-ONE-OP-BJP2827232,Default Title,,,599.99,599.99,True,,
14928461070708,"Shark Shredder, Killer Clone [73] [Teenage Mutant Ninja Turtles] [Foil]",shark-shredder-killer-clone-73-teenage-mutant-ninja-turtles-foil,Magic,Singles,,2026-02-03T16:49:07-05:00,2026-02-18T12:14:22-05:00,https://facetofacegames.com/products/shark-shredder-killer-clone-73-teenage-mutant-ninja-turtles-foil,https://cdn.shopify.com/s/files/1/0574/4692/4324/files/77c1454eadc56610172287e1abfc8b8846e7394d_Asset_SIN_MTG_TMT_73_ENG_F.jpg?v=1770155312,53880822759796,NM,SIN-MTG-TMT-73-ENG-NM-F,NM,,,9.99,9.99,True,,
14928461070708,"Shark Shredder, Killer Clone [73] [Teenage Mutant Ninja Turtles] [Foil]",shark-shredder-killer-clone-73-teenage-mutant-ninja-turtles-foil,Magic,Singles,,2026-02-03T16:49:07-05:00,2026-02-18T12:14:22-05:00,https://facetofacegames.com/products/shark-shredder-killer-clone-73-teenage-mutant-ninja-turtles-foil,https://cdn.shopify.com/s/files/1/0574/4692/4324/files/77c1454eadc56610172287e1abfc8b8846e7394d_Asset_SIN_MTG_TMT_73_ENG_F.jpg?v=1770155312,53880822792564,PL,SIN-MTG-TMT-73-ENG-PL-F,PL,,,0.00,,False,,
14953005744500,Shredder's Revenge [76] [Teenage Mutant Ninja Turtles] [Foil],shredders-revenge-76-teenage-mutant-ninja-turtles-foil,Magic,Singles,,2026-02-17T20:34:22-05:00,2026-02-18T12:14:20-05:00,https://facetofacegames.com/products/shredders-revenge-76-teenage-mutant-ninja-turtles-foil,https://cdn.shopify.com/s/files/1/0574/4692/4324/files/38000f5584a1ab7995cd08df87a07ab241665623_Asset_SIN_MTG_TMT_76_ENG_F.jpg?v=1771444181,53932883640692,NM,SIN-MTG-TMT-76-ENG-NM-F,NM,,,0.49,0.49,True,,
14953005744500,Shredder's Revenge [76] [Teenage Mutant Ninja Turtles] [Foil],shredders-revenge-76-teenage-mutant-ninja-turtles-foil,Magic,Singles,,2026-02-17T20:34:22-05:00,2026-02-18T12:14:20-05:00,https://facetofacegames.com/products/shredders-revenge-76-teenage-mutant-ninja-turtles-foil,https://cdn.shopify.com/s/files/1/0574/4692/4324/files/38000f5584a1ab7995cd08df87a07ab241665623_Asset_SIN_MTG_TMT_76_ENG_F.jpg?v=1771444181,53932883673460,PL,SIN-MTG-TMT-76-ENG-PL-F,PL,,,0.00,,False,,
14928458482036,"Sally Pride, Lioness Leader [24] [Teenage Mutant Ninja Turtles] [Non-Foil]",sally-pride-lioness-leader-24-teenage-mutant-ninja-turtles-non-foil,Magic,Singles,,2026-02-03T16:48:28-05:00,2026-02-18T12:14:20-05:00,https://facetofacegames.com/products/sally-pride-lioness-leader-24-teenage-mutant-ninja-turtles-non-foil,https://cdn.shopify.com/s/files/1/0574/4692/4324/files/f738aaa1f56317841399a9f321a4c12fd3e80857_Asset_SIN_MTG_TMT_24_ENG_NF.jpg?v=1770155297,53880817975668,NM,SIN-MTG-TMT-24-ENG-NM-NF,NM,,,2.99,2.99,True,,
14928458482036,"Sally Pride, Lioness Leader [24] [Teenage Mutant Ninja Turtles] [Non-Foil]",sally-pride-lioness-leader-24-teenage-mutant-ninja-turtles-non-foil,Magic,Singles,,2026-02-03T16:48:28-05:00,2026-02-18T12:14:20-05:00,https://facetofacegames.com/products/sally-pride-lioness-leader-24-teenage-mutant-ninja-turtles-non-foil,https://cdn.shopify.com/s/files/1/0574/4692/4324/files/f738aaa1f56317841399a9f321a4c12fd3e80857_Asset_SIN_MTG_TMT_24_ENG_NF.jpg?v=1770155297,53880818008436,PL,SIN-MTG-TMT-24-ENG-PL-NF,PL,,,0.00,,False,,
14928458416500,"Sally Pride, Lioness Leader [24] [Teenage Mutant Ninja Turtles] [Foil]",sally-pride-lioness-leader-24-teenage-mutant-ninja-turtles-foil,Magic,Singles,,2026-02-03T16:48:28-05:00,2026-02-18T12:14:19-05:00,https://facetofacegames.com/products/sally-pride-lioness-leader-24-teenage-mutant-ninja-turtles-foil,https://cdn.shopify.com/s/files/1/0574/4692/4324/files/6a992d561ea23f86b646dcd402b6cc409bd34b62_Asset_SIN_MTG_TMT_24_ENG_F.jpg?v=1770155296,53880817779060,NM,SIN-MTG-TMT-24-ENG-NM-F,NM,,,3.99,3.99,True,,
14928458416500,"Sally Pride, Lioness Leader [24] [Teenage Mutant Ninja Turtles] [Foil]",sally-pride-lioness-leader-24-teenage-mutant-ninja-turtles-foil,Magic,Singles,,2026-02-03T16:48:28-05:00,2026-02-18T12:14:19-05:00,https://facetofacegames.com/products/sally-pride-lioness-leader-24-teenage-mutant-ninja-turtles-foil,https://cdn.shopify.com/s/files/1/0574/4692/4324/files/6a992d561ea23f86b646dcd402b6cc409bd34b62_Asset_SIN_MTG_TMT_24_ENG_F.jpg?v=1770155296,53880817811828,PL,SIN-MTG-TMT-24-ENG-PL-F,PL,,,0.00,,False,,
14928460153204,"Renet, Temporal Apprentice [50] [Teenage Mutant Ninja Turtles] [Foil]",renet-temporal-apprentice-50-teenage-mutant-ninja-turtles-foil,Magic,Singles,,2026-02-03T16:48:42-05:00,2026-02-18T12:14:17-05:00,https://facetofacegames.com/products/renet-temporal-apprentice-50-teenage-mutant-ninja-turtles-foil,https://cdn.shopify.com/s/files/1/0574/4692/4324/files/60f5e8351ce0eef7d49177a86bb3477e45cac95e_Asset_SIN_MTG_TMT_50_ENG_F.jpg?v=1770155311,53880821121396,NM,SIN-MTG-TMT-50-ENG-NM-F,NM,,,2.99,2.99,True,,
14928460153204,"Renet, Temporal Apprentice [50] [Teenage Mutant Ninja Turtles] [Foil]",renet-temporal-apprentice-50-teenage-mutant-ninja-turtles-foil,Magic,Singles,,2026-02-03T16:48:42-05:00,2026-02-18T12:14:17-05:00,https://facetofacegames.com/products/renet-temporal-apprentice-50-teenage-mutant-ninja-turtles-foil,https://cdn.shopify.com/s/files/1/0574/4692/4324/files/60f5e8351ce0eef7d49177a86bb3477e45cac95e_Asset_SIN_MTG_TMT_50_ENG_F.jpg?v=1770155311,53880821154164,PL,SIN-MTG-TMT-50-ENG-PL-F,PL,,,0.00,,False,,
14928456089972,Ravenous Robots [106] [Teenage Mutant Ninja Turtles] [Non-Foil],ravenous-robots-106-teenage-mutant-ninja-turtles-non-foil,Magic,Singles,,2026-02-03T16:48:22-05:00,2026-02-18T12:14:17-05:00,https://facetofacegames.com/products/ravenous-robots-106-teenage-mutant-ninja-turtles-non-foil,https://cdn.shopify.com/s/files/1/0574/4692/4324/files/709a3f1f2c2720feeef33306025b0ed721e4bd84_Asset_SIN_MTG_TMT_106_ENG_NF.jpg?v=1770155276,53880813224308,NM,SIN-MTG-TMT-106-ENG-NM-NF,NM,,,4.99,4.99,True,,
14928456089972,Ravenous Robots [106] [Teenage Mutant Ninja Turtles] [Non-Foil],ravenous-robots-106-teenage-mutant-ninja-turtles-non-foil,Magic,Singles,,2026-02-03T16:48:22-05:00,2026-02-18T12:14:17-05:00,https://facetofacegames.com/products/ravenous-robots-106-teenage-mutant-ninja-turtles-non-foil,https://cdn.shopify.com/s/files/1/0574/4692/4324/files/709a3f1f2c2720feeef33306025b0ed721e4bd84_Asset_SIN_MTG_TMT_106_ENG_NF.jpg?v=1770155276,53880813257076,PL,SIN-MTG-TMT-106-ENG-PL-NF,PL,,,0.00,,False,,
14928457630068,North Wind Avatar [162] [Teenage Mutant Ninja Turtles] [Non-Foil],north-wind-avatar-162-teenage-mutant-ninja-turtles-non-foil,Magic,Singles,,2026-02-03T16:48:26-05:00,2026-02-18T12:10:46-05:00,https://facetofacegames.com/products/north-wind-avatar-162-teenage-mutant-ninja-turtles-non-foil,https://cdn.shopify.com/s/files/1/0574/4692/4324/files/40acdd8973e6b73346c22f8e1f01a66ddb2dc11c_Asset_SIN_MTG_TMT_162_ENG_NF.jpg?v=1770155290,53880816271732,NM,SIN-MTG-TMT-162-ENG-NM-NF,NM,,,19.99,19.99,True,,
14928457630068,North Wind Avatar [162] [Teenage Mutant Ninja Turtles] [Non-Foil],north-wind-avatar-162-teenage-mutant-ninja-turtles-non-foil,Magic,Singles,,2026-02-03T16:48:26-05:00,2026-02-18T12:10:46-05:00,https://facetofacegames.com/products/north-wind-avatar-162-teenage-mutant-ninja-turtles-non-foil,https://cdn.shopify.com/s/files/1/0574/4692/4324/files/40acdd8973e6b73346c22f8e1f01a66ddb2dc11c_Asset_SIN_MTG_TMT_162_ENG_NF.jpg?v=1770155290,53880816304500,PL,SIN-MTG-TMT-162-ENG-PL-NF,PL,,,0.00,,False,,
14953000370548,Plains [191] [Full Art] [Rooftop Basic Land] [Teenage Mutant Ninja Turtles] [Foil],plains-191-full-art-rooftop-basic-land-teenage-mutant-ninja-turtles-foil,Magic,Singles,,2026-02-17T20:33:04-05:00,2026-02-18T12:10:35-05:00,https://facetofacegames.com/products/plains-191-full-art-rooftop-basic-land-teenage-mutant-ninja-turtles-foil,https://cdn.shopify.com/s/files/1/0574/4692/4324/files/b66a04c7a85a34abb52f8e2dae726117ce3af43d_Asset_SIN_MTG_TMT_191_ENG_F.jpg?v=1771444136,53932872466804,NM,SIN-MTG-TMT-191-ENG-NM-F,NM,,,1.49,1.49,True,,
14953000370548,Plains [191] [Full Art] [Rooftop Basic Land] [Teenage Mutant Ninja Turtles] [Foil],plains-191-full-art-rooftop-basic-land-teenage-mutant-ninja-turtles-foil,Magic,Singles,,2026-02-17T20:33:04-05:00,2026-02-18T12:10:35-05:00,https://facetofacegames.com/products/plains-191-full-art-rooftop-basic-land-teenage-mutant-ninja-turtles-foil,https://cdn.shopify.com/s/files/1/0574/4692/4324/files/b66a04c7a85a34abb52f8e2dae726117ce3af43d_Asset_SIN_MTG_TMT_191_ENG_F.jpg?v=1771444136,53932872499572,PL,SIN-MTG-TMT-191-ENG-PL-F,PL,,,0.00,,False,,
14928459858292,Mondo Gecko [46] [Teenage Mutant Ninja Turtles] [Foil],mondo-gecko-46-teenage-mutant-ninja-turtles-foil,Magic,Singles,,2026-02-03T16:48:42-05:00,2026-02-18T12:10:35-05:00,https://facetofacegames.com/products/mondo-gecko-46-teenage-mutant-ninja-turtles-foil,https://cdn.shopify.com/s/files/1/0574/4692/4324/files/da109e0a8ded976063ad0fa59aeaf40667f17e83_Asset_SIN_MTG_TMT_46_ENG_F.jpg?v=1770155311,53880820662644,NM,SIN-MTG-TMT-46-ENG-NM-F,NM,,,9.99,9.99,True,,
14928459858292,Mondo Gecko [46] [Teenage Mutant Ninja Turtles] [Foil],mondo-gecko-46-teenage-mutant-ninja-turtles-foil,Magic,Singles,,2026-02-03T16:48:42-05:00,2026-02-18T12:10:35-05:00,https://facetofacegames.com/products/mondo-gecko-46-teenage-mutant-ninja-turtles-foil,https://cdn.shopify.com/s/files/1/0574/4692/4324/files/da109e0a8ded976063ad0fa59aeaf40667f17e83_Asset_SIN_MTG_TMT_46_ENG_F.jpg?v=1770155311,53880820695412,PL,SIN-MTG-TMT-46-ENG-PL-F,PL,,,0.00,,False,,
14928456647028,Party Dude [128] [Teenage Mutant Ninja Turtles] [Foil],party-dude-128-teenage-mutant-ninja-turtles-foil,Magic,Singles,,2026-02-03T16:48:23-05:00,2026-02-18T12:10:34-05:00,https://facetofacegames.com/products/party-dude-128-teenage-mutant-ninja-turtles-foil,https://cdn.shopify.com/s/files/1/0574/4692/4324/files/8e0ef55d0cf4c22b8a0df993634000e5192ef024_Asset_SIN_MTG_TMT_128_ENG_F.jpg?v=1770155283,53880814174580,NM,SIN-MTG-TMT-128-ENG-NM-F,NM,,,8.99,8.99,True,,
14928456647028,Party Dude [128] [Teenage Mutant Ninja Turtles] [Foil],party-dude-128-teenage-mutant-ninja-turtles-foil,Magic,Singles,,2026-02-03T16:48:23-05:00,2026-02-18T12:10:34-05:00,https://facetofacegames.com/products/party-dude-128-teenage-mutant-ninja-turtles-foil,https://cdn.shopify.com/s/files/1/0574/4692/4324/files/8e0ef55d0cf4c22b8a0df993634000e5192ef024_Asset_SIN_MTG_TMT_128_ENG_F.jpg?v=1770155283,53880814207348,PL,SIN-MTG-TMT-128-ENG-PL-F,PL,,,0.00,,False,,
14928456614260,Party Dude [128] [Teenage Mutant Ninja Turtles] [Non-Foil],party-dude-128-teenage-mutant-ninja-turtles-non-foil,Magic,Singles,,2026-02-03T16:48:23-05:00,2026-02-18T12:10:34-05:00,https://facetofacegames.com/products/party-dude-128-teenage-mutant-ninja-turtles-non-foil,https://cdn.shopify.com/s/files/1/0574/4692/4324/files/f67356fd6be2595dafb2ebe4e7b015cb711fa720_Asset_SIN_MTG_TMT_128_ENG_NF.jpg?v=1770155283,53880814305652,NM,SIN-MTG-TMT-128-ENG-NM-NF,NM,,,6.99,6.99,True,,
14928456614260,Party Dude [128] [Teenage Mutant Ninja Turtles] [Non-Foil],party-dude-128-teenage-mutant-ninja-turtles-non-foil,Magic,Singles,,2026-02-03T16:48:23-05:00,2026-02-18T12:10:34-05:00,https://facetofacegames.com/products/party-dude-128-teenage-mutant-ninja-turtles-non-foil,https://cdn.shopify.com/s/files/1/0574/4692/4324/files/f67356fd6be2595dafb2ebe4e7b015cb711fa720_Asset_SIN_MTG_TMT_128_ENG_NF.jpg?v=1770155283,53880814338420,PL,SIN-MTG-TMT-128-ENG-PL-NF,PL,,,0.00,,False,,
14953000108404,Mutant Chain Reaction [125] [Teenage Mutant Ninja Turtles] [Foil],mutant-chain-reaction-125-teenage-mutant-ninja-turtles-foil,Magic,Singles,,2026-02-17T20:33:03-05:00,2026-02-18T12:10:33-05:00,https://facetofacegames.com/products/mutant-chain-reaction-125-teenage-mutant-ninja-turtles-foil,https://cdn.shopify.com/s/files/1/0574/4692/4324/files/1b08ac06364efbd11925833fad2d5f4fee4206e6_Asset_SIN_MTG_TMT_125_ENG_F.jpg?v=1771444134,53932871876980,NM,SIN-MTG-TMT-125-ENG-NM-F,NM,,,0.49,0.49,True,,
14953000108404,Mutant Chain Reaction [125] [Teenage Mutant Ninja Turtles] [Foil],mutant-chain-reaction-125-teenage-mutant-ninja-turtles-foil,Magic,Singles,,2026-02-17T20:33:03-05:00,2026-02-18T12:10:33-05:00,https://facetofacegames.com/products/mutant-chain-reaction-125-teenage-mutant-ninja-turtles-foil,https://cdn.shopify.com/s/files/1/0574/4692/4324/files/1b08ac06364efbd11925833fad2d5f4fee4206e6_Asset_SIN_MTG_TMT_125_ENG_F.jpg?v=1771444134,53932871909748,PL,SIN-MTG-TMT-125-ENG-PL-F,PL,,,0.00,,False,,
14928458252660,Northampton Farm [188] [Teenage Mutant Ninja Turtles] [Non-Foil],northampton-farm-188-teenage-mutant-ninja-turtles-non-foil,Magic,Singles,,2026-02-03T16:48:27-05:00,2026-02-18T12:10:33-05:00,https://facetofacegames.com/products/northampton-farm-188-teenage-mutant-ninja-turtles-non-foil,https://cdn.shopify.com/s/files/1/0574/4692/4324/files/51b2f09f012220d292460ff156340a0f4f6536eb_Asset_SIN_MTG_TMT_188_ENG_NF.jpg?v=1770155296,53880817516916,NM,SIN-MTG-TMT-188-ENG-NM-NF,NM,,,2.99,2.99,True,,
14928458252660,Northampton Farm [188] [Teenage Mutant Ninja Turtles] [Non-Foil],northampton-farm-188-teenage-mutant-ninja-turtles-non-foil,Magic,Singles,,2026-02-03T16:48:27-05:00,2026-02-18T12:10:33-05:00,https://facetofacegames.com/products/northampton-farm-188-teenage-mutant-ninja-turtles-non-foil,https://cdn.shopify.com/s/files/1/0574/4692/4324/files/51b2f09f012220d292460ff156340a0f4f6536eb_Asset_SIN_MTG_TMT_188_ENG_NF.jpg?v=1770155296,53880817549684,PL,SIN-MTG-TMT-188-ENG-PL-NF,PL,,,0.00,,False,,
14928458187124,Northampton Farm [188] [Teenage Mutant Ninja Turtles] [Foil],northampton-farm-188-teenage-mutant-ninja-turtles-foil,Magic,Singles,,2026-02-03T16:48:27-05:00,2026-02-18T12:10:33-05:00,https://facetofacegames.com/products/northampton-farm-188-teenage-mutant-ninja-turtles-foil,https://cdn.shopify.com/s/files/1/0574/4692/4324/files/688f1fd74b2fa4052492e5b07554145f73d7db65_Asset_SIN_MTG_TMT_188_ENG_F.jpg?v=1770155296,53880817451380,NM,SIN-MTG-TMT-188-ENG-NM-F,NM,,,3.99,3.99,True,,
14928458187124,Northampton Farm [188] [Teenage Mutant Ninja Turtles] [Foil],northampton-farm-188-teenage-mutant-ninja-turtles-foil,Magic,Singles,,2026-02-03T16:48:27-05:00,2026-02-18T12:10:33-05:00,https://facetofacegames.com/products/northampton-farm-188-teenage-mutant-ninja-turtles-foil,https://cdn.shopify.com/s/files/1/0574/4692/4324/files/688f1fd74b2fa4052492e5b07554145f73d7db65_Asset_SIN_MTG_TMT_188_ENG_F.jpg?v=1770155296,53880817484148,PL,SIN-MTG-TMT-188-ENG-PL-F,PL,,,0.00,,False,,
14928457367924,"Mikey & Leo, Chaos & Order [158] [Teenage Mutant Ninja Turtles] [Non-Foil]",mikey-leo-chaos-order-158-teenage-mutant-ninja-turtles-non-foil,Magic,Singles,,2026-02-03T16:48:26-05:00,2026-02-18T12:10:33-05:00,https://facetofacegames.com/products/mikey-leo-chaos-order-158-teenage-mutant-ninja-turtles-non-foil,https://cdn.shopify.com/s/files/1/0574/4692/4324/files/7678f75c4ec8eb4ac6af829b7fa1dd3413031a38_Asset_SIN_MTG_TMT_158_ENG_NF.jpg?v=1770155289,53880815812980,NM,SIN-MTG-TMT-158-ENG-NM-NF,NM,,,4.99,4.99,True,,
14928457367924,"Mikey & Leo, Chaos & Order [158] [Teenage Mutant Ninja Turtles] [Non-Foil]",mikey-leo-chaos-order-158-teenage-mutant-ninja-turtles-non-foil,Magic,Singles,,2026-02-03T16:48:26-05:00,2026-02-18T12:10:33-05:00,https://facetofacegames.com/products/mikey-leo-chaos-order-158-teenage-mutant-ninja-turtles-non-foil,https://cdn.shopify.com/s/files/1/0574/4692/4324/files/7678f75c4ec8eb4ac6af829b7fa1dd3413031a38_Asset_SIN_MTG_TMT_158_ENG_NF.jpg?v=1770155289,53880815845748,PL,SIN-MTG-TMT-158-ENG-PL-NF,PL,,,0.00,,False,,
14928456548724,"Mutagen Man, Living Ooze [124] [Teenage Mutant Ninja Turtles] [Non-Foil]",mutagen-man-living-ooze-124-teenage-mutant-ninja-turtles-non-foil,Magic,Singles,,2026-02-03T16:48:23-05:00,2026-02-18T12:10:33-05:00,https://facetofacegames.com/products/mutagen-man-living-ooze-124-teenage-mutant-ninja-turtles-non-foil,https://cdn.shopify.com/s/files/1/0574/4692/4324/files/bf7f8eb1afdf8032c253a8bd63e21d8c49610000_Asset_SIN_MTG_TMT_124_ENG_NF.jpg?v=1770155282,53880814109044,NM,SIN-MTG-TMT-124-ENG-NM-NF,NM,,,7.99,7.99,True,,
14928456548724,"Mutagen Man, Living Ooze [124] [Teenage Mutant Ninja Turtles] [Non-Foil]",mutagen-man-living-ooze-124-teenage-mutant-ninja-turtles-non-foil,Magic,Singles,,2026-02-03T16:48:23-05:00,2026-02-18T12:10:33-05:00,https://facetofacegames.com/products/mutagen-man-living-ooze-124-teenage-mutant-ninja-turtles-non-foil,https://cdn.shopify.com/s/files/1/0574/4692/4324/files/bf7f8eb1afdf8032c253a8bd63e21d8c49610000_Asset_SIN_MTG_TMT_124_ENG_NF.jpg?v=1770155282,53880814141812,PL,SIN-MTG-TMT-124-ENG-PL-NF,PL,,,0.00,,False,,
14928455926132,"Raphael, Ninja Destroyer [102] [Teenage Mutant Ninja Turtles] [Foil]",raphael-ninja-destroyer-102-teenage-mutant-ninja-turtles-foil,Magic,Singles,,2026-02-03T16:48:21-05:00,2026-02-18T12:10:33-05:00,https://facetofacegames.com/products/raphael-ninja-destroyer-102-teenage-mutant-ninja-turtles-foil,https://cdn.shopify.com/s/files/1/0574/4692/4324/files/e9be57c9b95d66bcd84346c83f462483505bf088_Asset_SIN_MTG_TMT_102_ENG_F.jpg?v=1770155274,53880812765556,NM,SIN-MTG-TMT-102-ENG-NM-F,NM,,,8.99,8.99,True,,
14928455926132,"Raphael, Ninja Destroyer [102] [Teenage Mutant Ninja Turtles] [Foil]",raphael-ninja-destroyer-102-teenage-mutant-ninja-turtles-foil,Magic,Singles,,2026-02-03T16:48:21-05:00,2026-02-18T12:10:33-05:00,https://facetofacegames.com/products/raphael-ninja-destroyer-102-teenage-mutant-ninja-turtles-foil,https://cdn.shopify.com/s/files/1/0574/4692/4324/files/e9be57c9b95d66bcd84346c83f462483505bf088_Asset_SIN_MTG_TMT_102_ENG_F.jpg?v=1770155274,53880812798324,PL,SIN-MTG-TMT-102-ENG-PL-F,PL,,,0.00,,False,,
14928455860596,"Raphael, Ninja Destroyer [102] [Teenage Mutant Ninja Turtles] [Non-Foil]",raphael-ninja-destroyer-102-teenage-mutant-ninja-turtles-non-foil,Magic,Singles,,2026-02-03T16:48:21-05:00,2026-02-18T12:10:33-05:00,https://facetofacegames.com/products/raphael-ninja-destroyer-102-teenage-mutant-ninja-turtles-non-foil,https://cdn.shopify.com/s/files/1/0574/4692/4324/files/7bafb4ab58704ec9072a8f465dc732923e606916_Asset_SIN_MTG_TMT_102_ENG_NF.jpg?v=1770155274,53880812831092,NM,SIN-MTG-TMT-102-ENG-NM-NF,NM,,,6.99,6.99,True,,
14928455860596,"Raphael, Ninja Destroyer [102] [Teenage Mutant Ninja Turtles] [Non-Foil]",raphael-ninja-destroyer-102-teenage-mutant-ninja-turtles-non-foil,Magic,Singles,,2026-02-03T16:48:21-05:00,2026-02-18T12:10:33-05:00,https://facetofacegames.com/products/raphael-ninja-destroyer-102-teenage-mutant-ninja-turtles-non-foil,https://cdn.shopify.com/s/files/1/0574/4692/4324/files/7bafb4ab58704ec9072a8f465dc732923e606916_Asset_SIN_MTG_TMT_102_ENG_NF.jpg?v=1770155274,53880812863860,PL,SIN-MTG-TMT-102-ENG-PL-NF,PL,,,0.00,,False,,
14953006236020,Negate [47] [Teenage Mutant Ninja Turtles] [Non-Foil],negate-47-teenage-mutant-ninja-turtles-non-foil,Magic,Singles,,2026-02-17T20:34:35-05:00,2026-02-18T12:10:32-05:00,https://facetofacegames.com/products/negate-47-teenage-mutant-ninja-turtles-non-foil,https://cdn.shopify.com/s/files/1/0574/4692/4324/files/d085a54194ae9dd8ab6ecafad4044c2f9f81053e_Asset_SIN_MTG_TMT_47_ENG_NF.jpg?v=1771444181,53932885541236,NM,SIN-MTG-TMT-47-ENG-NM-NF,NM,,,0.49,0.49,True,,
14953006236020,Negate [47] [Teenage Mutant Ninja Turtles] [Non-Foil],negate-47-teenage-mutant-ninja-turtles-non-foil,Magic,Singles,,2026-02-17T20:34:35-05:00,2026-02-18T12:10:32-05:00,https://facetofacegames.com/products/negate-47-teenage-mutant-ninja-turtles-non-foil,https://cdn.shopify.com/s/files/1/0574/4692/4324/files/d085a54194ae9dd8ab6ecafad4044c2f9f81053e_Asset_SIN_MTG_TMT_47_ENG_NF.jpg?v=1771444181,53932885574004,PL,SIN-MTG-TMT-47-ENG-PL-NF,PL,,,0.00,,False,,
14953006039412,Hard-Won Jitte [91] [Teenage Mutant Ninja Turtles] [Foil],hard-won-jitte-91-teenage-mutant-ninja-turtles-foil,Magic,Singles,,2026-02-17T20:34:27-05:00,2026-02-18T12:10:32-05:00,https://facetofacegames.com/products/hard-won-jitte-91-teenage-mutant-ninja-turtles-foil,https://cdn.shopify.com/s/files/1/0574/4692/4324/files/ca76b1b2ed43b991f30118109d611ed90e6ea32d_Asset_SIN_MTG_TMT_91_ENG_F.jpg?v=1771444181,53932884427124,NM,SIN-MTG-TMT-91-ENG-NM-F,NM,,,0.49,0.49,True,,
14953006039412,Hard-Won Jitte [91] [Teenage Mutant Ninja Turtles] [Foil],hard-won-jitte-91-teenage-mutant-ninja-turtles-foil,Magic,Singles,,2026-02-17T20:34:27-05:00,2026-02-18T12:10:32-05:00,https://facetofacegames.com/products/hard-won-jitte-91-teenage-mutant-ninja-turtles-foil,https://cdn.shopify.com/s/files/1/0574/4692/4324/files/ca76b1b2ed43b991f30118109d611ed90e6ea32d_Asset_SIN_MTG_TMT_91_ENG_F.jpg?v=1771444181,53932884459892,PL,SIN-MTG-TMT-91-ENG-PL-F,PL,,,0.00,,False,,
14928457269620,"Mikey & Don, Party Planners [157] [Teenage Mutant Ninja Turtles] [Non-Foil]",mikey-don-party-planners-157-teenage-mutant-ninja-turtles-non-foil,Magic,Singles,,2026-02-03T16:48:25-05:00,2026-02-18T12:10:32-05:00,https://facetofacegames.com/products/mikey-don-party-planners-157-teenage-mutant-ninja-turtles-non-foil,https://cdn.shopify.com/s/files/1/0574/4692/4324/files/5261e69afdb53c08f7e5cb8341fbf15b28865175_Asset_SIN_MTG_TMT_157_ENG_NF.jpg?v=1770155289,53880815550836,NM,SIN-MTG-TMT-157-ENG-NM-NF,NM,,,7.99,7.99,True,,
14928457269620,"Mikey & Don, Party Planners [157] [Teenage Mutant Ninja Turtles] [Non-Foil]",mikey-don-party-planners-157-teenage-mutant-ninja-turtles-non-foil,Magic,Singles,,2026-02-03T16:48:25-05:00,2026-02-18T12:10:32-05:00,https://facetofacegames.com/products/mikey-don-party-planners-157-teenage-mutant-ninja-turtles-non-foil,https://cdn.shopify.com/s/files/1/0574/4692/4324/files/5261e69afdb53c08f7e5cb8341fbf15b28865175_Asset_SIN_MTG_TMT_157_ENG_NF.jpg?v=1770155289,53880815583604,PL,SIN-MTG-TMT-157-ENG-PL-NF,PL,,,0.00,,False,,
14928456581492,"Mutagen Man, Living Ooze [124] [Teenage Mutant Ninja Turtles] [Foil]",mutagen-man-living-ooze-124-teenage-mutant-ninja-turtles-foil,Magic,Singles,,2026-02-03T16:48:23-05:00,2026-02-18T12:10:32-05:00,https://facetofacegames.com/products/mutagen-man-living-ooze-124-teenage-mutant-ninja-turtles-foil,https://cdn.shopify.com/s/files/1/0574/4692/4324/files/051cdf0292ecaa20f311729ace72a4d18afd148e_Asset_SIN_MTG_TMT_124_ENG_F.jpg?v=1770155282,53880814240116,NM,SIN-MTG-TMT-124-ENG-NM-F,NM,,,9.99,9.99,True,,
14928456581492,"Mutagen Man, Living Ooze [124] [Teenage Mutant Ninja Turtles] [Foil]",mutagen-man-living-ooze-124-teenage-mutant-ninja-turtles-foil,Magic,Singles,,2026-02-03T16:48:23-05:00,2026-02-18T12:10:32-05:00,https://facetofacegames.com/products/mutagen-man-living-ooze-124-teenage-mutant-ninja-turtles-foil,https://cdn.shopify.com/s/files/1/0574/4692/4324/files/051cdf0292ecaa20f311729ace72a4d18afd148e_Asset_SIN_MTG_TMT_124_ENG_F.jpg?v=1770155282,53880814272884,PL,SIN-MTG-TMT-124-ENG-PL-F,PL,,,0.00,,False,,
14953000141172,Mutant Chain Reaction [125] [Teenage Mutant Ninja Turtles] [Non-Foil],mutant-chain-reaction-125-teenage-mutant-ninja-turtles-non-foil,Magic,Singles,,2026-02-17T20:33:03-05:00,2026-02-18T12:10:31-05:00,https://facetofacegames.com/products/mutant-chain-reaction-125-teenage-mutant-ninja-turtles-non-foil,https://cdn.shopify.com/s/files/1/0574/4692/4324/files/ea0820126971f0b9eb45baf20f6a1d0b0c974622_Asset_SIN_MTG_TMT_125_ENG_NF.jpg?v=1771444133,53932872073588,NM,SIN-MTG-TMT-125-ENG-NM-NF,NM,,,0.49,0.49,True,,
14953000141172,Mutant Chain Reaction [125] [Teenage Mutant Ninja Turtles] [Non-Foil],mutant-chain-reaction-125-teenage-mutant-ninja-turtles-non-foil,Magic,Singles,,2026-02-17T20:33:03-05:00,2026-02-18T12:10:31-05:00,https://facetofacegames.com/products/mutant-chain-reaction-125-teenage-mutant-ninja-turtles-non-foil,https://cdn.shopify.com/s/files/1/0574/4692/4324/files/ea0820126971f0b9eb45baf20f6a1d0b0c974622_Asset_SIN_MTG_TMT_125_ENG_NF.jpg?v=1771444133,53932872106356,PL,SIN-MTG-TMT-125-ENG-PL-NF,PL,,,0.00,,False,,
14928459923828,Mondo Gecko [46] [Teenage Mutant Ninja Turtles] [Non-Foil],mondo-gecko-46-teenage-mutant-ninja-turtles-non-foil,Magic,Singles,,2026-02-03T16:48:42-05:00,2026-02-18T12:10:31-05:00,https://facetofacegames.com/products/mondo-gecko-46-teenage-mutant-ninja-turtles-non-foil,https://cdn.shopify.com/s/files/1/0574/4692/4324/files/8a68b9f873bab8a34fd2826c56cfc50418c7204a_Asset_SIN_MTG_TMT_46_ENG_NF.jpg?v=1770155311,53880820728180,NM,SIN-MTG-TMT-46-ENG-NM-NF,NM,,,7.99,7.99,True,,
14928459923828,Mondo Gecko [46] [Teenage Mutant Ninja Turtles] [Non-Foil],mondo-gecko-46-teenage-mutant-ninja-turtles-non-foil,Magic,Singles,,2026-02-03T16:48:42-05:00,2026-02-18T12:10:31-05:00,https://facetofacegames.com/products/mondo-gecko-46-teenage-mutant-ninja-turtles-non-foil,https://cdn.shopify.com/s/files/1/0574/4692/4324/files/8a68b9f873bab8a34fd2826c56cfc50418c7204a_Asset_SIN_MTG_TMT_46_ENG_NF.jpg?v=1770155311,53880820760948,PL,SIN-MTG-TMT-46-ENG-PL-NF,PL,,,0.00,,False,,
14928457302388,"Mikey & Leo, Chaos & Order [158] [Teenage Mutant Ninja Turtles] [Foil]",mikey-leo-chaos-order-158-teenage-mutant-ninja-turtles-foil,Magic,Singles,,2026-02-03T16:48:25-05:00,2026-02-18T12:10:31-05:00,https://facetofacegames.com/products/mikey-leo-chaos-order-158-teenage-mutant-ninja-turtles-foil,https://cdn.shopify.com/s/files/1/0574/4692/4324/files/a1bf3751cb7e4ad46505a90becdb70c15d765fc9_Asset_SIN_MTG_TMT_158_ENG_F.jpg?v=1770155289,53880815616372,NM,SIN-MTG-TMT-158-ENG-NM-F,NM,,,5.99,5.99,True,,
14928457302388,"Mikey & Leo, Chaos & Order [158] [Teenage Mutant Ninja Turtles] [Foil]",mikey-leo-chaos-order-158-teenage-mutant-ninja-turtles-foil,Magic,Singles,,2026-02-03T16:48:25-05:00,2026-02-18T12:10:31-05:00,https://facetofacegames.com/products/mikey-leo-chaos-order-158-teenage-mutant-ninja-turtles-foil,https://cdn.shopify.com/s/files/1/0574/4692/4324/files/a1bf3751cb7e4ad46505a90becdb70c15d765fc9_Asset_SIN_MTG_TMT_158_ENG_F.jpg?v=1770155289,53880815649140,PL,SIN-MTG-TMT-158-ENG-PL-F,PL,,,0.00,,False,,
14928456057204,Raphael's Technique [105] [Teenage Mutant Ninja Turtles] [Non-Foil],raphaels-technique-105-teenage-mutant-ninja-turtles-non-foil,Magic,Singles,,2026-02-03T16:48:22-05:00,2026-02-18T12:10:31-05:00,https://facetofacegames.com/products/raphaels-technique-105-teenage-mutant-ninja-turtles-non-foil,https://cdn.shopify.com/s/files/1/0574/4692/4324/files/976df9ad5c5e79f4f7313f392d39d923fa782e5c_Asset_SIN_MTG_TMT_105_ENG_NF.jpg?v=1770155276,53880813158772,NM,SIN-MTG-TMT-105-ENG-NM-NF,NM,,,2.99,2.99,True,,
14928456057204,Raphael's Technique [105] [Teenage Mutant Ninja Turtles] [Non-Foil],raphaels-technique-105-teenage-mutant-ninja-turtles-non-foil,Magic,Singles,,2026-02-03T16:48:22-05:00,2026-02-18T12:10:31-05:00,https://facetofacegames.com/products/raphaels-technique-105-teenage-mutant-ninja-turtles-non-foil,https://cdn.shopify.com/s/files/1/0574/4692/4324/files/976df9ad5c5e79f4f7313f392d39d923fa782e5c_Asset_SIN_MTG_TMT_105_ENG_NF.jpg?v=1770155276,53880813191540,PL,SIN-MTG-TMT-105-ENG-PL-NF,PL,,,0.00,,False,,
14928456024436,Raphael's Technique [105] [Teenage Mutant Ninja Turtles] [Foil],raphaels-technique-105-teenage-mutant-ninja-turtles-foil,Magic,Singles,,2026-02-03T16:48:21-05:00,2026-02-18T12:10:31-05:00,https://facetofacegames.com/products/raphaels-technique-105-teenage-mutant-ninja-turtles-foil,https://cdn.shopify.com/s/files/1/0574/4692/4324/files/098c6b36bbfc760b44845d1bd4519ee2ff730aec_Asset_SIN_MTG_TMT_105_ENG_F.jpg?v=1770155276,53880813093236,NM,SIN-MTG-TMT-105-ENG-NM-F,NM,,,3.99,3.99,False,,
14928456024436,Raphael's Technique [105] [Teenage Mutant Ninja Turtles] [Foil],raphaels-technique-105-teenage-mutant-ninja-turtles-foil,Magic,Singles,,2026-02-03T16:48:21-05:00,2026-02-18T12:10:31-05:00,https://facetofacegames.com/products/raphaels-technique-105-teenage-mutant-ninja-turtles-foil,https://cdn.shopify.com/s/files/1/0574/4692/4324/files/098c6b36bbfc760b44845d1bd4519ee2ff730aec_Asset_SIN_MTG_TMT_105_ENG_F.jpg?v=1770155276,53880813126004,PL,SIN-MTG-TMT-105-ENG-PL-F,PL,,,0.00,,False,,
14953005023604,Negate [47] [Teenage Mutant Ninja Turtles] [Foil],negate-47-teenage-mutant-ninja-turtles-foil,Magic,Singles,,2026-02-17T20:34:15-05:00,2026-02-18T12:10:30-05:00,https://facetofacegames.com/products/negate-47-teenage-mutant-ninja-turtles-foil,https://cdn.shopify.com/s/files/1/0574/4692/4324/files/131faece73efbc24c8a59650f94329fdada979b1_Asset_SIN_MTG_TMT_47_ENG_F.jpg?v=1771444181,53932881805684,NM,SIN-MTG-TMT-47-ENG-NM-F,NM,,,0.49,0.49,True,,
14953005023604,Negate [47] [Teenage Mutant Ninja Turtles] [Foil],negate-47-teenage-mutant-ninja-turtles-foil,Magic,Singles,,2026-02-17T20:34:15-05:00,2026-02-18T12:10:30-05:00,https://facetofacegames.com/products/negate-47-teenage-mutant-ninja-turtles-foil,https://cdn.shopify.com/s/files/1/0574/4692/4324/files/131faece73efbc24c8a59650f94329fdada979b1_Asset_SIN_MTG_TMT_47_ENG_F.jpg?v=1771444181,53932881838452,PL,SIN-MTG-TMT-47-ENG-PL-F,PL,,,0.00,,False,,
14953000665460,Mountain [194] [Full Art] [Rooftop Basic Land] [Teenage Mutant Ninja Turtles] [Non-Foil],mountain-194-full-art-rooftop-basic-land-teenage-mutant-ninja-turtles-non-foil,Magic,Singles,,2026-02-17T20:33:05-05:00,2026-02-18T12:10:30-05:00,https://facetofacegames.com/products/mountain-194-full-art-rooftop-basic-land-teenage-mutant-ninja-turtles-non-foil,https://cdn.shopify.com/s/files/1/0574/4692/4324/files/0bbe346b8b344a60c474289a50211afbc2932490_Asset_SIN_MTG_TMT_194_ENG_NF.jpg?v=1771444136,53932873122164,NM,SIN-MTG-TMT-194-ENG-NM-NF,NM,,,0.99,0.99,True,,
14953000665460,Mountain [194] [Full Art] [Rooftop Basic Land] [Teenage Mutant Ninja Turtles] [Non-Foil],mountain-194-full-art-rooftop-basic-land-teenage-mutant-ninja-turtles-non-foil,Magic,Singles,,2026-02-17T20:33:05-05:00,2026-02-18T12:10:30-05:00,https://facetofacegames.com/products/mountain-194-full-art-rooftop-basic-land-teenage-mutant-ninja-turtles-non-foil,https://cdn.shopify.com/s/files/1/0574/4692/4324/files/0bbe346b8b344a60c474289a50211afbc2932490_Asset_SIN_MTG_TMT_194_ENG_NF.jpg?v=1771444136,53932873154932,PL,SIN-MTG-TMT-194-ENG-PL-NF,PL,,,0.00,,False,,
14953000468852,Plains [191] [Full Art] [Rooftop Basic Land] [Teenage Mutant Ninja Turtles] [Non-Foil],plains-191-full-art-rooftop-basic-land-teenage-mutant-ninja-turtles-non-foil,Magic,Singles,,2026-02-17T20:33:04-05:00,2026-02-18T12:10:30-05:00,https://facetofacegames.com/products/plains-191-full-art-rooftop-basic-land-teenage-mutant-ninja-turtles-non-foil,https://cdn.shopify.com/s/files/1/0574/4692/4324/files/9e007c487b7b1229769a088d290dcb1731227e1b_Asset_SIN_MTG_TMT_191_ENG_NF.jpg?v=1771444135,53932872663412,NM,SIN-MTG-TMT-191-ENG-NM-NF,NM,,,0.99,0.99,True,,
14953000468852,Plains [191] [Full Art] [Rooftop Basic Land] [Teenage Mutant Ninja Turtles] [Non-Foil],plains-191-full-art-rooftop-basic-land-teenage-mutant-ninja-turtles-non-foil,Magic,Singles,,2026-02-17T20:33:04-05:00,2026-02-18T12:10:30-05:00,https://facetofacegames.com/products/plains-191-full-art-rooftop-basic-land-teenage-mutant-ninja-turtles-non-foil,https://cdn.shopify.com/s/files/1/0574/4692/4324/files/9e007c487b7b1229769a088d290dcb1731227e1b_Asset_SIN_MTG_TMT_191_ENG_NF.jpg?v=1771444135,53932872696180,PL,SIN-MTG-TMT-191-ENG-PL-NF,PL,,,0.00,,False,,
14928460251508,Ninja Teen [67] [Teenage Mutant Ninja Turtles] [Foil],ninja-teen-67-teenage-mutant-ninja-turtles-foil,Magic,Singles,,2026-02-03T16:48:43-05:00,2026-02-18T12:10:30-05:00,https://facetofacegames.com/products/ninja-teen-67-teenage-mutant-ninja-turtles-foil,https://cdn.shopify.com/s/files/1/0574/4692/4324/files/6db51105aa05d6030cfc16f603603d25a4f1f0c8_Asset_SIN_MTG_TMT_67_ENG_F.jpg?v=1770155312,53880821383540,NM,SIN-MTG-TMT-67-ENG-NM-F,NM,,,9.99,9.99,True,,
14928460251508,Ninja Teen [67] [Teenage Mutant Ninja Turtles] [Foil],ninja-teen-67-teenage-mutant-ninja-turtles-foil,Magic,Singles,,2026-02-03T16:48:43-05:00,2026-02-18T12:10:30-05:00,https://facetofacegames.com/products/ninja-teen-67-teenage-mutant-ninja-turtles-foil,https://cdn.shopify.com/s/files/1/0574/4692/4324/files/6db51105aa05d6030cfc16f603603d25a4f1f0c8_Asset_SIN_MTG_TMT_67_ENG_F.jpg?v=1770155312,53880821416308,PL,SIN-MTG-TMT-67-ENG-PL-F,PL,,,0.00,,False,,
14928458678644,Mountain [256] [Full Art] [Pizza Basic Land ] [Teenage Mutant Ninja Turtles] [Non-Foil],mountain-256-full-art-pizza-basic-land-teenage-mutant-ninja-turtles-non-foil,Magic,Singles,,2026-02-03T16:48:28-05:00,2026-02-18T12:10:30-05:00,https://facetofacegames.com/products/mountain-256-full-art-pizza-basic-land-teenage-mutant-ninja-turtles-non-foil,https://cdn.shopify.com/s/files/1/0574/4692/4324/files/2586cfc270148bb4085589fcae61cf3ba152e271_Asset_SIN_MTG_TMT_256_ENG_NF.jpg?v=1770155299,53880818368884,NM,SIN-MTG-TMT-256-ENG-NM-NF,NM,,,0.99,0.99,True,,
14928458678644,Mountain [256] [Full Art] [Pizza Basic Land ] [Teenage Mutant Ninja Turtles] [Non-Foil],mountain-256-full-art-pizza-basic-land-teenage-mutant-ninja-turtles-non-foil,Magic,Singles,,2026-02-03T16:48:28-05:00,2026-02-18T12:10:30-05:00,https://facetofacegames.com/products/mountain-256-full-art-pizza-basic-land-teenage-mutant-ninja-turtles-non-foil,https://cdn.shopify.com/s/files/1/0574/4692/4324/files/2586cfc270148bb4085589fcae61cf3ba152e271_Asset_SIN_MTG_TMT_256_ENG_NF.jpg?v=1770155299,53880818401652,PL,SIN-MTG-TMT-256-ENG-PL-NF,PL,,,0.00,,False,,
14928458580340,Mountain [256] [Full Art] [Pizza Basic Land ] [Teenage Mutant Ninja Turtles] [Foil],mountain-256-full-art-pizza-basic-land-teenage-mutant-ninja-turtles-foil,Magic,Singles,,2026-02-03T16:48:28-05:00,2026-02-18T12:10:30-05:00,https://facetofacegames.com/products/mountain-256-full-art-pizza-basic-land-teenage-mutant-ninja-turtles-foil,https://cdn.shopify.com/s/files/1/0574/4692/4324/files/01531ee0bdb8e6a4e8675604d963954b34b67426_Asset_SIN_MTG_TMT_256_ENG_F.jpg?v=1770155299,53880818237812,NM,SIN-MTG-TMT-256-ENG-NM-F,NM,,,1.49,1.49,True,,
14928458580340,Mountain [256] [Full Art] [Pizza Basic Land ] [Teenage Mutant Ninja Turtles] [Foil],mountain-256-full-art-pizza-basic-land-teenage-mutant-ninja-turtles-foil,Magic,Singles,,2026-02-03T16:48:28-05:00,2026-02-18T12:10:30-05:00,https://facetofacegames.com/products/mountain-256-full-art-pizza-basic-land-teenage-mutant-ninja-turtles-foil,https://cdn.shopify.com/s/files/1/0574/4692/4324/files/01531ee0bdb8e6a4e8675604d963954b34b67426_Asset_SIN_MTG_TMT_256_ENG_F.jpg?v=1770155299,53880818270580,PL,SIN-MTG-TMT-256-ENG-PL-F,PL,,,0.00,,False,,
14928457466228,North Wind Avatar [162] [Teenage Mutant Ninja Turtles] [Foil],north-wind-avatar-162-teenage-mutant-ninja-turtles-foil,Magic,Singles,,2026-02-03T16:48:26-05:00,2026-02-18T12:10:30-05:00,https://facetofacegames.com/products/north-wind-avatar-162-teenage-mutant-ninja-turtles-foil,https://cdn.shopify.com/s/files/1/0574/4692/4324/files/4becac461caf70fc07129a5218ddc4e902da3def_Asset_SIN_MTG_TMT_162_ENG_F.jpg?v=1770155289,53880816075124,NM,SIN-MTG-TMT-162-ENG-NM-F,NM,,,24.99,24.99,True,,
14928457466228,North Wind Avatar [162] [Teenage Mutant Ninja Turtles] [Foil],north-wind-avatar-162-teenage-mutant-ninja-turtles-foil,Magic,Singles,,2026-02-03T16:48:26-05:00,2026-02-18T12:10:30-05:00,https://facetofacegames.com/products/north-wind-avatar-162-teenage-mutant-ninja-turtles-foil,https://cdn.shopify.com/s/files/1/0574/4692/4324/files/4becac461caf70fc07129a5218ddc4e902da3def_Asset_SIN_MTG_TMT_162_ENG_F.jpg?v=1770155289,53880816107892,PL,SIN-MTG-TMT-162-ENG-PL-F,PL,,,0.00,,False,,
14928457335156,"Mikey & Don, Party Planners [157] [Teenage Mutant Ninja Turtles] [Foil]",mikey-don-party-planners-157-teenage-mutant-ninja-turtles-foil,Magic,Singles,,2026-02-03T16:48:25-05:00,2026-02-18T12:10:30-05:00,https://facetofacegames.com/products/mikey-don-party-planners-157-teenage-mutant-ninja-turtles-foil,https://cdn.shopify.com/s/files/1/0574/4692/4324/files/8ceed32db106bbadc6b5a1ad5d9d58e9f5f23f94_Asset_SIN_MTG_TMT_157_ENG_F.jpg?v=1770155289,53880815681908,NM,SIN-MTG-TMT-157-ENG-NM-F,NM,,,9.99,9.99,True,,
14928457335156,"Mikey & Don, Party Planners [157] [Teenage Mutant Ninja Turtles] [Foil]",mikey-don-party-planners-157-teenage-mutant-ninja-turtles-foil,Magic,Singles,,2026-02-03T16:48:25-05:00,2026-02-18T12:10:30-05:00,https://facetofacegames.com/products/mikey-don-party-planners-157-teenage-mutant-ninja-turtles-foil,https://cdn.shopify.com/s/files/1/0574/4692/4324/files/8ceed32db106bbadc6b5a1ad5d9d58e9f5f23f94_Asset_SIN_MTG_TMT_157_ENG_F.jpg?v=1770155289,53880815714676,PL,SIN-MTG-TMT-157-ENG-PL-F,PL,,,0.00,,False,,
14928456384884,"Michelangelo, Weirdness to 11 [121] [Teenage Mutant Ninja Turtles] [Non-Foil]",michelangelo-weirdness-to-11-121-teenage-mutant-ninja-turtles-non-foil,Magic,Singles,,2026-02-03T16:48:23-05:00,2026-02-18T12:10:30-05:00,https://facetofacegames.com/products/michelangelo-weirdness-to-11-121-teenage-mutant-ninja-turtles-non-foil,https://cdn.shopify.com/s/files/1/0574/4692/4324/files/5a4e08158b49ae8eb876c9720cb9d2120da16aab_Asset_SIN_MTG_TMT_121_ENG_NF.jpg?v=1770155282,53880813814132,NM,SIN-MTG-TMT-121-ENG-NM-NF,NM,,,8.99,8.99,True,,
14928456384884,"Michelangelo, Weirdness to 11 [121] [Teenage Mutant Ninja Turtles] [Non-Foil]",michelangelo-weirdness-to-11-121-teenage-mutant-ninja-turtles-non-foil,Magic,Singles,,2026-02-03T16:48:23-05:00,2026-02-18T12:10:30-05:00,https://facetofacegames.com/products/michelangelo-weirdness-to-11-121-teenage-mutant-ninja-turtles-non-foil,https://cdn.shopify.com/s/files/1/0574/4692/4324/files/5a4e08158b49ae8eb876c9720cb9d2120da16aab_Asset_SIN_MTG_TMT_121_ENG_NF.jpg?v=1770155282,53880813846900,PL,SIN-MTG-TMT-121-ENG-PL-NF,PL,,,0.00,,False,,
14928456319348,"Michelangelo, Weirdness to 11 [121] [Teenage Mutant Ninja Turtles] [Foil]",michelangelo-weirdness-to-11-121-teenage-mutant-ninja-turtles-foil,Magic,Singles,,2026-02-03T16:48:23-05:00,2026-02-18T12:10:30-05:00,https://facetofacegames.com/products/michelangelo-weirdness-to-11-121-teenage-mutant-ninja-turtles-foil,https://cdn.shopify.com/s/files/1/0574/4692/4324/files/9aea2daad5177a102eed62ec144dbf89fd92321b_Asset_SIN_MTG_TMT_121_ENG_F.jpg?v=1770155282,53880813748596,NM,SIN-MTG-TMT-121-ENG-NM-F,NM,,,11.99,11.99,True,,
14928456319348,"Michelangelo, Weirdness to 11 [121] [Teenage Mutant Ninja Turtles] [Foil]",michelangelo-weirdness-to-11-121-teenage-mutant-ninja-turtles-foil,Magic,Singles,,2026-02-03T16:48:23-05:00,2026-02-18T12:10:30-05:00,https://facetofacegames.com/products/michelangelo-weirdness-to-11-121-teenage-mutant-ninja-turtles-foil,https://cdn.shopify.com/s/files/1/0574/4692/4324/files/9aea2daad5177a102eed62ec144dbf89fd92321b_Asset_SIN_MTG_TMT_121_ENG_F.jpg?v=1770155282,53880813781364,PL,SIN-MTG-TMT-121-ENG-PL-F,PL,,,0.00,,False,,
14953000567156,Mountain [194] [Full Art] [Rooftop Basic Land] [Teenage Mutant Ninja Turtles] [Foil],mountain-194-full-art-rooftop-basic-land-teenage-mutant-ninja-turtles-foil,Magic,Singles,,2026-02-17T20:33:04-05:00,2026-02-18T12:10:29-05:00,https://facetofacegames.com/products/mountain-194-full-art-rooftop-basic-land-teenage-mutant-ninja-turtles-foil,https://cdn.shopify.com/s/files/1/0574/4692/4324/files/af838d13fbb7e7272945c565a586da7dc8e062e9_Asset_SIN_MTG_TMT_194_ENG_F.jpg?v=1771444137,53932872925556,NM,SIN-MTG-TMT-194-ENG-NM-F,NM,,,1.49,1.49,True,,
14953000567156,Mountain [194] [Full Art] [Rooftop Basic Land] [Teenage Mutant Ninja Turtles] [Foil],mountain-194-full-art-rooftop-basic-land-teenage-mutant-ninja-turtles-foil,Magic,Singles,,2026-02-17T20:33:04-05:00,2026-02-18T12:10:29-05:00,https://facetofacegames.com/products/mountain-194-full-art-rooftop-basic-land-teenage-mutant-ninja-turtles-foil,https://cdn.shopify.com/s/files/1/0574/4692/4324/files/af838d13fbb7e7272945c565a586da7dc8e062e9_Asset_SIN_MTG_TMT_194_ENG_F.jpg?v=1771444137,53932872958324,PL,SIN-MTG-TMT-194-ENG-PL-F,PL,,,0.00,,False,,
14928458547572,Plains [253] [Full Art] [Pizza Basic Land ] [Teenage Mutant Ninja Turtles] [Foil],plains-253-full-art-pizza-basic-land-teenage-mutant-ninja-turtles-foil,Magic,Singles,,2026-02-03T16:48:28-05:00,2026-02-18T12:10:29-05:00,https://facetofacegames.com/products/plains-253-full-art-pizza-basic-land-teenage-mutant-ninja-turtles-foil,https://cdn.shopify.com/s/files/1/0574/4692/4324/files/42132523bdeb6c0a9038f5c9a57a874bf2456efe_Asset_SIN_MTG_TMT_253_ENG_F.jpg?v=1770155298,53880818106740,NM,SIN-MTG-TMT-253-ENG-NM-F,NM,,,1.49,1.49,True,,
14928458547572,Plains [253] [Full Art] [Pizza Basic Land ] [Teenage Mutant Ninja Turtles] [Foil],plains-253-full-art-pizza-basic-land-teenage-mutant-ninja-turtles-foil,Magic,Singles,,2026-02-03T16:48:28-05:00,2026-02-18T12:10:29-05:00,https://facetofacegames.com/products/plains-253-full-art-pizza-basic-land-teenage-mutant-ninja-turtles-foil,https://cdn.shopify.com/s/files/1/0574/4692/4324/files/42132523bdeb6c0a9038f5c9a57a874bf2456efe_Asset_SIN_MTG_TMT_253_ENG_F.jpg?v=1770155298,53880818139508,PL,SIN-MTG-TMT-253-ENG-PL-F,PL,,,0.00,,False,,
14928458449268,Prehistoric Pet [22] [Teenage Mutant Ninja Turtles] [Non-Foil],prehistoric-pet-22-teenage-mutant-ninja-turtles-non-foil,Magic,Singles,,2026-02-03T16:48:28-05:00,2026-02-18T12:10:29-05:00,https://facetofacegames.com/products/prehistoric-pet-22-teenage-mutant-ninja-turtles-non-foil,https://cdn.shopify.com/s/files/1/0574/4692/4324/files/9bc8c90479f65119986b1af1d166596f5ac30c96_Asset_SIN_MTG_TMT_22_ENG_NF.jpg?v=1770155297,53880817910132,NM,SIN-MTG-TMT-22-ENG-NM-NF,NM,,,2.99,2.99,True,,
14928458449268,Prehistoric Pet [22] [Teenage Mutant Ninja Turtles] [Non-Foil],prehistoric-pet-22-teenage-mutant-ninja-turtles-non-foil,Magic,Singles,,2026-02-03T16:48:28-05:00,2026-02-18T12:10:29-05:00,https://facetofacegames.com/products/prehistoric-pet-22-teenage-mutant-ninja-turtles-non-foil,https://cdn.shopify.com/s/files/1/0574/4692/4324/files/9bc8c90479f65119986b1af1d166596f5ac30c96_Asset_SIN_MTG_TMT_22_ENG_NF.jpg?v=1770155297,53880817942900,PL,SIN-MTG-TMT-22-ENG-PL-NF,PL,,,0.00,,False,,
14928458383732,Prehistoric Pet [22] [Teenage Mutant Ninja Turtles] [Foil],prehistoric-pet-22-teenage-mutant-ninja-turtles-foil,Magic,Singles,,2026-02-03T16:48:28-05:00,2026-02-18T12:10:29-05:00,https://facetofacegames.com/products/prehistoric-pet-22-teenage-mutant-ninja-turtles-foil,https://cdn.shopify.com/s/files/1/0574/4692/4324/files/405c32e83f48e560dcaa714024809bfa08a69406_Asset_SIN_MTG_TMT_22_ENG_F.jpg?v=1770155297,53880817844596,NM,SIN-MTG-TMT-22-ENG-NM-F,NM,,,3.99,3.99,True,,
14928458383732,Prehistoric Pet [22] [Teenage Mutant Ninja Turtles] [Foil],prehistoric-pet-22-teenage-mutant-ninja-turtles-foil,Magic,Singles,,2026-02-03T16:48:28-05:00,2026-02-18T12:10:29-05:00,https://facetofacegames.com/products/prehistoric-pet-22-teenage-mutant-ninja-turtles-foil,https://cdn.shopify.com/s/files/1/0574/4692/4324/files/405c32e83f48e560dcaa714024809bfa08a69406_Asset_SIN_MTG_TMT_22_ENG_F.jpg?v=1770155297,53880817877364,PL,SIN-MTG-TMT-22-ENG-PL-F,PL,,,0.00,,False,,
14928457662836,"Raph & Mikey, Troublemakers [167] [Teenage Mutant Ninja Turtles] [Non-Foil]",raph-mikey-troublemakers-167-teenage-mutant-ninja-turtles-non-foil,Magic,Singles,,2026-02-03T16:48:26-05:00,2026-02-18T12:10:29-05:00,https://facetofacegames.com/products/raph-mikey-troublemakers-167-teenage-mutant-ninja-turtles-non-foil,https://cdn.shopify.com/s/files/1/0574/4692/4324/files/707579198af4a6fdb2bb10bbe76d65646a0c8c75_Asset_SIN_MTG_TMT_167_ENG_NF.jpg?v=1770155292,53880816337268,NM,SIN-MTG-TMT-167-ENG-NM-NF,NM,,,9.99,9.99,True,,
14928457662836,"Raph & Mikey, Troublemakers [167] [Teenage Mutant Ninja Turtles] [Non-Foil]",raph-mikey-troublemakers-167-teenage-mutant-ninja-turtles-non-foil,Magic,Singles,,2026-02-03T16:48:26-05:00,2026-02-18T12:10:29-05:00,https://facetofacegames.com/products/raph-mikey-troublemakers-167-teenage-mutant-ninja-turtles-non-foil,https://cdn.shopify.com/s/files/1/0574/4692/4324/files/707579198af4a6fdb2bb10bbe76d65646a0c8c75_Asset_SIN_MTG_TMT_167_ENG_NF.jpg?v=1770155292,53880816370036,PL,SIN-MTG-TMT-167-ENG-PL-NF,PL,,,0.00,,False,,
14928457564532,"Raph & Mikey, Troublemakers [167] [Teenage Mutant Ninja Turtles] [Foil]",raph-mikey-troublemakers-167-teenage-mutant-ninja-turtles-foil,Magic,Singles,,2026-02-03T16:48:26-05:00,2026-02-18T12:10:29-05:00,https://facetofacegames.com/products/raph-mikey-troublemakers-167-teenage-mutant-ninja-turtles-foil,https://cdn.shopify.com/s/files/1/0574/4692/4324/files/3912c9f770618f0d61d090a5b4e7a3c45c3a4ee6_Asset_SIN_MTG_TMT_167_ENG_F.jpg?v=1770155291,53880816009588,NM,SIN-MTG-TMT-167-ENG-NM-F,NM,,,12.99,12.99,True,,
14928457564532,"Raph & Mikey, Troublemakers [167] [Teenage Mutant Ninja Turtles] [Foil]",raph-mikey-troublemakers-167-teenage-mutant-ninja-turtles-foil,Magic,Singles,,2026-02-03T16:48:26-05:00,2026-02-18T12:10:29-05:00,https://facetofacegames.com/products/raph-mikey-troublemakers-167-teenage-mutant-ninja-turtles-foil,https://cdn.shopify.com/s/files/1/0574/4692/4324/files/3912c9f770618f0d61d090a5b4e7a3c45c3a4ee6_Asset_SIN_MTG_TMT_167_ENG_F.jpg?v=1770155291,53880816042356,PL,SIN-MTG-TMT-167-ENG-PL-F,PL,,,0.00,,False,,
14928457531764,"Raph & Leo, Sibling Rivals [166] [Teenage Mutant Ninja Turtles] [Foil]",raph-leo-sibling-rivals-166-teenage-mutant-ninja-turtles-foil,Magic,Singles,,2026-02-03T16:48:26-05:00,2026-02-18T12:10:29-05:00,https://facetofacegames.com/products/raph-leo-sibling-rivals-166-teenage-mutant-ninja-turtles-foil,https://cdn.shopify.com/s/files/1/0574/4692/4324/files/9a94ca82022416b2c28be88999791d322c9f0c64_Asset_SIN_MTG_TMT_166_ENG_F.jpg?v=1770155290,53880816140660,NM,SIN-MTG-TMT-166-ENG-NM-F,NM,,,4.99,4.99,True,,
14928457531764,"Raph & Leo, Sibling Rivals [166] [Teenage Mutant Ninja Turtles] [Foil]",raph-leo-sibling-rivals-166-teenage-mutant-ninja-turtles-foil,Magic,Singles,,2026-02-03T16:48:26-05:00,2026-02-18T12:10:29-05:00,https://facetofacegames.com/products/raph-leo-sibling-rivals-166-teenage-mutant-ninja-turtles-foil,https://cdn.shopify.com/s/files/1/0574/4692/4324/files/9a94ca82022416b2c28be88999791d322c9f0c64_Asset_SIN_MTG_TMT_166_ENG_F.jpg?v=1770155290,53880816173428,PL,SIN-MTG-TMT-166-ENG-PL-F,PL,,,0.00,,False,,
14928457498996,"Raph & Leo, Sibling Rivals [166] [Teenage Mutant Ninja Turtles] [Non-Foil]",raph-leo-sibling-rivals-166-teenage-mutant-ninja-turtles-non-foil,Magic,Singles,,2026-02-03T16:48:26-05:00,2026-02-18T12:10:29-05:00,https://facetofacegames.com/products/raph-leo-sibling-rivals-166-teenage-mutant-ninja-turtles-non-foil,https://cdn.shopify.com/s/files/1/0574/4692/4324/files/c121774125934289650a76e17a2b7863c594af2e_Asset_SIN_MTG_TMT_166_ENG_NF.jpg?v=1770155289,53880815944052,NM,SIN-MTG-TMT-166-ENG-NM-NF,NM,,,3.99,3.99,True,,
14928457498996,"Raph & Leo, Sibling Rivals [166] [Teenage Mutant Ninja Turtles] [Non-Foil]",raph-leo-sibling-rivals-166-teenage-mutant-ninja-turtles-non-foil,Magic,Singles,,2026-02-03T16:48:26-05:00,2026-02-18T12:10:29-05:00,https://facetofacegames.com/products/raph-leo-sibling-rivals-166-teenage-mutant-ninja-turtles-non-foil,https://cdn.shopify.com/s/files/1/0574/4692/4324/files/c121774125934289650a76e17a2b7863c594af2e_Asset_SIN_MTG_TMT_166_ENG_NF.jpg?v=1770155289,53880815976820,PL,SIN-MTG-TMT-166-ENG-PL-NF,PL,,,0.00,,False,,
14928456417652,"Michelangelo, Improviser [119] [Teenage Mutant Ninja Turtles] [Foil]",michelangelo-improviser-119-teenage-mutant-ninja-turtles-foil,Magic,Singles,,2026-02-03T16:48:23-05:00,2026-02-18T12:10:29-05:00,https://facetofacegames.com/products/michelangelo-improviser-119-teenage-mutant-ninja-turtles-foil,https://cdn.shopify.com/s/files/1/0574/4692/4324/files/9e57edf283aefde3c47d870fc352262d77151e4c_Asset_SIN_MTG_TMT_119_ENG_F.jpg?v=1770155280,53880813879668,NM,SIN-MTG-TMT-119-ENG-NM-F,NM,,,14.99,14.99,True,,
14928456417652,"Michelangelo, Improviser [119] [Teenage Mutant Ninja Turtles] [Foil]",michelangelo-improviser-119-teenage-mutant-ninja-turtles-foil,Magic,Singles,,2026-02-03T16:48:23-05:00,2026-02-18T12:10:29-05:00,https://facetofacegames.com/products/michelangelo-improviser-119-teenage-mutant-ninja-turtles-foil,https://cdn.shopify.com/s/files/1/0574/4692/4324/files/9e57edf283aefde3c47d870fc352262d77151e4c_Asset_SIN_MTG_TMT_119_ENG_F.jpg?v=1770155280,53880813912436,PL,SIN-MTG-TMT-119-ENG-PL-F,PL,,,0.00,,False,,
14928456286580,"Michelangelo, Improviser [119] [Teenage Mutant Ninja Turtles] [Non-Foil]",michelangelo-improviser-119-teenage-mutant-ninja-turtles-non-foil,Magic,Singles,,2026-02-03T16:48:23-05:00,2026-02-18T12:10:29-05:00,https://facetofacegames.com/products/michelangelo-improviser-119-teenage-mutant-ninja-turtles-non-foil,https://cdn.shopify.com/s/files/1/0574/4692/4324/files/5241598ff0a3187972ef324af296934fef4bf880_Asset_SIN_MTG_TMT_119_ENG_NF.jpg?v=1770155281,53880813683060,NM,SIN-MTG-TMT-119-ENG-NM-NF,NM,,,12.99,12.99,True,,
14928456286580,"Michelangelo, Improviser [119] [Teenage Mutant Ninja Turtles] [Non-Foil]",michelangelo-improviser-119-teenage-mutant-ninja-turtles-non-foil,Magic,Singles,,2026-02-03T16:48:23-05:00,2026-02-18T12:10:29-05:00,https://facetofacegames.com/products/michelangelo-improviser-119-teenage-mutant-ninja-turtles-non-foil,https://cdn.shopify.com/s/files/1/0574/4692/4324/files/5241598ff0a3187972ef324af296934fef4bf880_Asset_SIN_MTG_TMT_119_ENG_NF.jpg?v=1770155281,53880813715828,PL,SIN-MTG-TMT-119-ENG-PL-NF,PL,,,0.00,,False,,
14928460218740,"Madame Null, Power Broker [66] [Teenage Mutant Ninja Turtles] [Non-Foil]",madame-null-power-broker-66-teenage-mutant-ninja-turtles-non-foil,Magic,Singles,,2026-02-03T16:48:43-05:00,2026-02-18T12:10:28-05:00,https://facetofacegames.com/products/madame-null-power-broker-66-teenage-mutant-ninja-turtles-non-foil,https://cdn.shopify.com/s/files/1/0574/4692/4324/files/67c323e5b9d4c81897636b686210c52f7b2b69a7_Asset_SIN_MTG_TMT_66_ENG_NF.jpg?v=1770155312,53880821318004,NM,SIN-MTG-TMT-66-ENG-NM-NF,NM,,,2.99,2.99,True,,
14928460218740,"Madame Null, Power Broker [66] [Teenage Mutant Ninja Turtles] [Non-Foil]",madame-null-power-broker-66-teenage-mutant-ninja-turtles-non-foil,Magic,Singles,,2026-02-03T16:48:43-05:00,2026-02-18T12:10:28-05:00,https://facetofacegames.com/products/madame-null-power-broker-66-teenage-mutant-ninja-turtles-non-foil,https://cdn.shopify.com/s/files/1/0574/4692/4324/files/67c323e5b9d4c81897636b686210c52f7b2b69a7_Asset_SIN_MTG_TMT_66_ENG_NF.jpg?v=1770155312,53880821350772,PL,SIN-MTG-TMT-66-ENG-PL-NF,PL,,,0.00,,False,,
14928460185972,"Madame Null, Power Broker [66] [Teenage Mutant Ninja Turtles] [Foil]",madame-null-power-broker-66-teenage-mutant-ninja-turtles-foil,Magic,Singles,,2026-02-03T16:48:43-05:00,2026-02-18T12:10:28-05:00,https://facetofacegames.com/products/madame-null-power-broker-66-teenage-mutant-ninja-turtles-foil,https://cdn.shopify.com/s/files/1/0574/4692/4324/files/26f38f25805013cba36bca8e7e58585aca6b8963_Asset_SIN_MTG_TMT_66_ENG_F.jpg?v=1770155312,53880821252468,NM,SIN-MTG-TMT-66-ENG-NM-F,NM,,,3.99,3.99,True,,
14928460185972,"Madame Null, Power Broker [66] [Teenage Mutant Ninja Turtles] [Foil]",madame-null-power-broker-66-teenage-mutant-ninja-turtles-foil,Magic,Singles,,2026-02-03T16:48:43-05:00,2026-02-18T12:10:28-05:00,https://facetofacegames.com/products/madame-null-power-broker-66-teenage-mutant-ninja-turtles-foil,https://cdn.shopify.com/s/files/1/0574/4692/4324/files/26f38f25805013cba36bca8e7e58585aca6b8963_Asset_SIN_MTG_TMT_66_ENG_F.jpg?v=1770155312,53880821285236,PL,SIN-MTG-TMT-66-ENG-PL-F,PL,,,0.00,,False,,
14928458514804,Plains [253] [Full Art] [Pizza Basic Land ] [Teenage Mutant Ninja Turtles] [Non-Foil],plains-253-full-art-pizza-basic-land-teenage-mutant-ninja-turtles-non-foil,Magic,Singles,,2026-02-03T16:48:28-05:00,2026-02-18T12:10:28-05:00,https://facetofacegames.com/products/plains-253-full-art-pizza-basic-land-teenage-mutant-ninja-turtles-non-foil,https://cdn.shopify.com/s/files/1/0574/4692/4324/files/b08e556adc0eef73ba49827ab854c3f023711a7f_Asset_SIN_MTG_TMT_253_ENG_NF.jpg?v=1770155298,53880818041204,NM,SIN-MTG-TMT-253-ENG-NM-NF,NM,,,0.99,0.99,True,,
14928458514804,Plains [253] [Full Art] [Pizza Basic Land ] [Teenage Mutant Ninja Turtles] [Non-Foil],plains-253-full-art-pizza-basic-land-teenage-mutant-ninja-turtles-non-foil,Magic,Singles,,2026-02-03T16:48:28-05:00,2026-02-18T12:10:28-05:00,https://facetofacegames.com/products/plains-253-full-art-pizza-basic-land-teenage-mutant-ninja-turtles-non-foil,https://cdn.shopify.com/s/files/1/0574/4692/4324/files/b08e556adc0eef73ba49827ab854c3f023711a7f_Asset_SIN_MTG_TMT_253_ENG_NF.jpg?v=1770155298,53880818073972,PL,SIN-MTG-TMT-253-ENG-PL-NF,PL,,,0.00,,False,,
14928456483188,Michelangelo's Technique [122] [Teenage Mutant Ninja Turtles] [Non-Foil],michelangelos-technique-122-teenage-mutant-ninja-turtles-non-foil,Magic,Singles,,2026-02-03T16:48:23-05:00,2026-02-18T12:10:28-05:00,https://facetofacegames.com/products/michelangelos-technique-122-teenage-mutant-ninja-turtles-non-foil,https://cdn.shopify.com/s/files/1/0574/4692/4324/files/30289e6b88c97dcd1950d989c0d8d177e40a8c9d_Asset_SIN_MTG_TMT_122_ENG_NF.jpg?v=1770155283,53880814010740,NM,SIN-MTG-TMT-122-ENG-NM-NF,NM,,,4.99,4.99,True,,
14928456483188,Michelangelo's Technique [122] [Teenage Mutant Ninja Turtles] [Non-Foil],michelangelos-technique-122-teenage-mutant-ninja-turtles-non-foil,Magic,Singles,,2026-02-03T16:48:23-05:00,2026-02-18T12:10:28-05:00,https://facetofacegames.com/products/michelangelos-technique-122-teenage-mutant-ninja-turtles-non-foil,https://cdn.shopify.com/s/files/1/0574/4692/4324/files/30289e6b88c97dcd1950d989c0d8d177e40a8c9d_Asset_SIN_MTG_TMT_122_ENG_NF.jpg?v=1770155283,53880814043508,PL,SIN-MTG-TMT-122-ENG-PL-NF,PL,,,0.00,,False,,
14928456450420,Michelangelo's Technique [122] [Teenage Mutant Ninja Turtles] [Foil],michelangelos-technique-122-teenage-mutant-ninja-turtles-foil,Magic,Singles,,2026-02-03T16:48:23-05:00,2026-02-18T12:10:28-05:00,https://facetofacegames.com/products/michelangelos-technique-122-teenage-mutant-ninja-turtles-foil,https://cdn.shopify.com/s/files/1/0574/4692/4324/files/453cd7c215306f1712823d738d8ed2d811efc2bd_Asset_SIN_MTG_TMT_122_ENG_F.jpg?v=1770155282,53880813945204,NM,SIN-MTG-TMT-122-ENG-NM-F,NM,,,5.99,5.99,True,,
14928456450420,Michelangelo's Technique [122] [Teenage Mutant Ninja Turtles] [Foil],michelangelos-technique-122-teenage-mutant-ninja-turtles-foil,Magic,Singles,,2026-02-03T16:48:23-05:00,2026-02-18T12:10:28-05:00,https://facetofacegames.com/products/michelangelos-technique-122-teenage-mutant-ninja-turtles-foil,https://cdn.shopify.com/s/files/1/0574/4692/4324/files/453cd7c215306f1712823d738d8ed2d811efc2bd_Asset_SIN_MTG_TMT_122_ENG_F.jpg?v=1770155282,53880813977972,PL,SIN-MTG-TMT-122-ENG-PL-F,PL,,,0.00,,False,,
14953005089140,Dimensional Exile [4] [Teenage Mutant Ninja Turtles] [Non-Foil],dimensional-exile-4-teenage-mutant-ninja-turtles-non-foil,Magic,Singles,,2026-02-17T20:34:15-05:00,2026-02-18T12:10:25-05:00,https://facetofacegames.com/products/dimensional-exile-4-teenage-mutant-ninja-turtles-non-foil,https://cdn.shopify.com/s/files/1/0574/4692/4324/files/a171d685142118b3305472d2454c1baa512c4387_Asset_SIN_MTG_TMT_4_ENG_NF.jpg?v=1771444188,53932881871220,NM,SIN-MTG-TMT-4-ENG-NM-NF,NM,,,0.49,0.49,True,,
14953005089140,Dimensional Exile [4] [Teenage Mutant Ninja Turtles] [Non-Foil],dimensional-exile-4-teenage-mutant-ninja-turtles-non-foil,Magic,Singles,,2026-02-17T20:34:15-05:00,2026-02-18T12:10:25-05:00,https://facetofacegames.com/products/dimensional-exile-4-teenage-mutant-ninja-turtles-non-foil,https://cdn.shopify.com/s/files/1/0574/4692/4324/files/a171d685142118b3305472d2454c1baa512c4387_Asset_SIN_MTG_TMT_4_ENG_NF.jpg?v=1771444188,53932881903988,PL,SIN-MTG-TMT-4-ENG-PL-NF,PL,,,0.00,,False,,
14953000075636,Courier of Comestibles [112] [Teenage Mutant Ninja Turtles] [Foil],courier-of-comestibles-112-teenage-mutant-ninja-turtles-foil,Magic,Singles,,2026-02-17T20:33:03-05:00,2026-02-18T12:10:25-05:00,https://facetofacegames.com/products/courier-of-comestibles-112-teenage-mutant-ninja-turtles-foil,https://cdn.shopify.com/s/files/1/0574/4692/4324/files/60a0b9accb44951db2e51a264cdf00268a0e6048_Asset_SIN_MTG_TMT_112_ENG_F.jpg?v=1771444133,53932871942516,NM,SIN-MTG-TMT-112-ENG-NM-F,NM,,,0.49,0.49,True,,
14953000075636,Courier of Comestibles [112] [Teenage Mutant Ninja Turtles] [Foil],courier-of-comestibles-112-teenage-mutant-ninja-turtles-foil,Magic,Singles,,2026-02-17T20:33:03-05:00,2026-02-18T12:10:25-05:00,https://facetofacegames.com/products/courier-of-comestibles-112-teenage-mutant-ninja-turtles-foil,https://cdn.shopify.com/s/files/1/0574/4692/4324/files/60a0b9accb44951db2e51a264cdf00268a0e6048_Asset_SIN_MTG_TMT_112_ENG_F.jpg?v=1771444133,53932871975284,PL,SIN-MTG-TMT-112-ENG-PL-F,PL,,,0.00,,False,,
14953005416820,Dimensional Exile [4] [Teenage Mutant Ninja Turtles] [Foil],dimensional-exile-4-teenage-mutant-ninja-turtles-foil,Magic,Singles,,2026-02-17T20:34:18-05:00,2026-02-18T12:06:51-05:00,https://facetofacegames.com/products/dimensional-exile-4-teenage-mutant-ninja-turtles-foil,https://cdn.shopify.com/s/files/1/0574/4692/4324/files/617bda943e97deb5442b2fc632409c0fb33b239c_Asset_SIN_MTG_TMT_4_ENG_F.jpg?v=1771444181,53932882657652,NM,SIN-MTG-TMT-4-ENG-NM-F,NM,,,0.49,0.49,True,,
14953005416820,Dimensional Exile [4] [Teenage Mutant Ninja Turtles] [Foil],dimensional-exile-4-teenage-mutant-ninja-turtles-foil,Magic,Singles,,2026-02-17T20:34:18-05:00,2026-02-18T12:06:51-05:00,https://facetofacegames.com/products/dimensional-exile-4-teenage-mutant-ninja-turtles-foil,https://cdn.shopify.com/s/files/1/0574/4692/4324/files/617bda943e97deb5442b2fc632409c0fb33b239c_Asset_SIN_MTG_TMT_4_ENG_F.jpg?v=1771444181,53932882690420,PL,SIN-MTG-TMT-4-ENG-PL-F,PL,,,0.00,,False,,
14953000239476,Foot Elite [146] [Teenage Mutant Ninja Turtles] [Foil],foot-elite-146-teenage-mutant-ninja-turtles-foil,Magic,Singles,,2026-02-17T20:33:04-05:00,2026-02-18T12:06:51-05:00,https://facetofacegames.com/products/foot-elite-146-teenage-mutant-ninja-turtles-foil,https://cdn.shopify.com/s/files/1/0574/4692/4324/files/ecf4b52c268ef5ac92f3409c5e8c81eb7de7e7d3_Asset_SIN_MTG_TMT_146_ENG_F.jpg?v=1771444134,53932872728948,NM,SIN-MTG-TMT-146-ENG-NM-F,NM,,,0.29,0.29,True,,
14953000239476,Foot Elite [146] [Teenage Mutant Ninja Turtles] [Foil],foot-elite-146-teenage-mutant-ninja-turtles-foil,Magic,Singles,,2026-02-17T20:33:04-05:00,2026-02-18T12:06:51-05:00,https://facetofacegames.com/products/foot-elite-146-teenage-mutant-ninja-turtles-foil,https://cdn.shopify.com/s/files/1/0574/4692/4324/files/ecf4b52c268ef5ac92f3409c5e8c81eb7de7e7d3_Asset_SIN_MTG_TMT_146_ENG_F.jpg?v=1771444134,53932872761716,PL,SIN-MTG-TMT-146-ENG-PL-F,PL,,,0.00,,False,,
14928458350964,Leonardo's Technique [18] [Teenage Mutant Ninja Turtles] [Foil],leonardos-technique-18-teenage-mutant-ninja-turtles-foil,Magic,Singles,,2026-02-03T16:48:28-05:00,2026-02-18T12:06:51-05:00,https://facetofacegames.com/products/leonardos-technique-18-teenage-mutant-ninja-turtles-foil,https://cdn.shopify.com/s/files/1/0574/4692/4324/files/b60b97f7f232fe842bbb26ecd87bd898c4322ce0_Asset_SIN_MTG_TMT_18_ENG_F.jpg?v=1770155296,53880817713524,NM,SIN-MTG-TMT-18-ENG-NM-F,NM,,,7.99,7.99,True,,
14928458350964,Leonardo's Technique [18] [Teenage Mutant Ninja Turtles] [Foil],leonardos-technique-18-teenage-mutant-ninja-turtles-foil,Magic,Singles,,2026-02-03T16:48:28-05:00,2026-02-18T12:06:51-05:00,https://facetofacegames.com/products/leonardos-technique-18-teenage-mutant-ninja-turtles-foil,https://cdn.shopify.com/s/files/1/0574/4692/4324/files/b60b97f7f232fe842bbb26ecd87bd898c4322ce0_Asset_SIN_MTG_TMT_18_ENG_F.jpg?v=1770155296,53880817746292,PL,SIN-MTG-TMT-18-ENG-PL-F,PL,,,0.00,,False,,
14928456876404,Leader's Talent [13] [Teenage Mutant Ninja Turtles] [Non-Foil],leaders-talent-13-teenage-mutant-ninja-turtles-non-foil,Magic,Singles,,2026-02-03T16:48:24-05:00,2026-02-18T12:06:51-05:00,https://facetofacegames.com/products/leaders-talent-13-teenage-mutant-ninja-turtles-non-foil,https://cdn.shopify.com/s/files/1/0574/4692/4324/files/9670f8dc6f6825a4a9e9ea7d406594591dbb2bde_Asset_SIN_MTG_TMT_13_ENG_NF.jpg?v=1770155284,53880814764404,NM,SIN-MTG-TMT-13-ENG-NM-NF,NM,,,2.99,2.99,True,,
14928456876404,Leader's Talent [13] [Teenage Mutant Ninja Turtles] [Non-Foil],leaders-talent-13-teenage-mutant-ninja-turtles-non-foil,Magic,Singles,,2026-02-03T16:48:24-05:00,2026-02-18T12:06:51-05:00,https://facetofacegames.com/products/leaders-talent-13-teenage-mutant-ninja-turtles-non-foil,https://cdn.shopify.com/s/files/1/0574/4692/4324/files/9670f8dc6f6825a4a9e9ea7d406594591dbb2bde_Asset_SIN_MTG_TMT_13_ENG_NF.jpg?v=1770155284,53880814797172,PL,SIN-MTG-TMT-13-ENG-PL-NF,PL,,,0.00,,False,,
14928458056052,"Leonardo, Sewer Samurai [17] [Teenage Mutant Ninja Turtles] [Foil]",leonardo-sewer-samurai-17-teenage-mutant-ninja-turtles-foil,Magic,Singles,,2026-02-03T16:48:27-05:00,2026-02-18T12:06:50-05:00,https://facetofacegames.com/products/leonardo-sewer-samurai-17-teenage-mutant-ninja-turtles-foil,https://cdn.shopify.com/s/files/1/0574/4692/4324/files/4411f42611cf8c0bda82ad72b39b5124c328d0ff_Asset_SIN_MTG_TMT_17_ENG_F.jpg?v=1770155295,53880817189236,NM,SIN-MTG-TMT-17-ENG-NM-F,NM,,,14.99,14.99,True,,
14928458056052,"Leonardo, Sewer Samurai [17] [Teenage Mutant Ninja Turtles] [Foil]",leonardo-sewer-samurai-17-teenage-mutant-ninja-turtles-foil,Magic,Singles,,2026-02-03T16:48:27-05:00,2026-02-18T12:06:50-05:00,https://facetofacegames.com/products/leonardo-sewer-samurai-17-teenage-mutant-ninja-turtles-foil,https://cdn.shopify.com/s/files/1/0574/4692/4324/files/4411f42611cf8c0bda82ad72b39b5124c328d0ff_Asset_SIN_MTG_TMT_17_ENG_F.jpg?v=1770155295,53880817222004,PL,SIN-MTG-TMT-17-ENG-PL-F,PL,,,0.00,,False,,
14928457892212,"Krang, Utrom Warlord [175] [Teenage Mutant Ninja Turtles] [Non-Foil]",krang-utrom-warlord-175-teenage-mutant-ninja-turtles-non-foil,Magic,Singles,,2026-02-03T16:48:27-05:00,2026-02-18T12:06:50-05:00,https://facetofacegames.com/products/krang-utrom-warlord-175-teenage-mutant-ninja-turtles-non-foil,https://cdn.shopify.com/s/files/1/0574/4692/4324/files/ad10931235593bffc6bceb53b01265ceac174e39_Asset_SIN_MTG_TMT_175_ENG_NF.jpg?v=1770155294,53880816796020,NM,SIN-MTG-TMT-175-ENG-NM-NF,NM,,,49.99,49.99,True,,
14928457892212,"Krang, Utrom Warlord [175] [Teenage Mutant Ninja Turtles] [Non-Foil]",krang-utrom-warlord-175-teenage-mutant-ninja-turtles-non-foil,Magic,Singles,,2026-02-03T16:48:27-05:00,2026-02-18T12:06:50-05:00,https://facetofacegames.com/products/krang-utrom-warlord-175-teenage-mutant-ninja-turtles-non-foil,https://cdn.shopify.com/s/files/1/0574/4692/4324/files/ad10931235593bffc6bceb53b01265ceac174e39_Asset_SIN_MTG_TMT_175_ENG_NF.jpg?v=1770155294,53880816828788,PL,SIN-MTG-TMT-175-ENG-PL-NF,PL,,,0.00,,False,,
14928457400692,"Leonardo, Cutting Edge [15] [Teenage Mutant Ninja Turtles] [Non-Foil]",leonardo-cutting-edge-15-teenage-mutant-ninja-turtles-non-foil,Magic,Singles,,2026-02-03T16:48:26-05:00,2026-02-18T12:06:50-05:00,https://facetofacegames.com/products/leonardo-cutting-edge-15-teenage-mutant-ninja-turtles-non-foil,https://cdn.shopify.com/s/files/1/0574/4692/4324/files/2d65d219f3ee06f8b40498d055305440ea722832_Asset_SIN_MTG_TMT_15_ENG_NF.jpg?v=1770155290,53880815747444,NM,SIN-MTG-TMT-15-ENG-NM-NF,NM,,,7.99,7.99,True,,
14928457400692,"Leonardo, Cutting Edge [15] [Teenage Mutant Ninja Turtles] [Non-Foil]",leonardo-cutting-edge-15-teenage-mutant-ninja-turtles-non-foil,Magic,Singles,,2026-02-03T16:48:26-05:00,2026-02-18T12:06:50-05:00,https://facetofacegames.com/products/leonardo-cutting-edge-15-teenage-mutant-ninja-turtles-non-foil,https://cdn.shopify.com/s/files/1/0574/4692/4324/files/2d65d219f3ee06f8b40498d055305440ea722832_Asset_SIN_MTG_TMT_15_ENG_NF.jpg?v=1770155290,53880815780212,PL,SIN-MTG-TMT-15-ENG-PL-NF,PL,,,0.00,,False,,
14953000403316,"Karai, Future of the Foot [151] [Teenage Mutant Ninja Turtles] [Non-Foil]",karai-future-of-the-foot-151-teenage-mutant-ninja-turtles-non-foil,Magic,Singles,,2026-02-17T20:33:04-05:00,2026-02-18T12:06:48-05:00,https://facetofacegames.com/products/karai-future-of-the-foot-151-teenage-mutant-ninja-turtles-non-foil,https://cdn.shopify.com/s/files/1/0574/4692/4324/files/2512af20f55750ddd35a6f1d17687a2077bb5215_Asset_SIN_MTG_TMT_151_ENG_NF.jpg?v=1771444135,53932872532340,NM,SIN-MTG-TMT-151-ENG-NM-NF,NM,,,0.49,0.49,True,,
14953000403316,"Karai, Future of the Foot [151] [Teenage Mutant Ninja Turtles] [Non-Foil]",karai-future-of-the-foot-151-teenage-mutant-ninja-turtles-non-foil,Magic,Singles,,2026-02-17T20:33:04-05:00,2026-02-18T12:06:48-05:00,https://facetofacegames.com/products/karai-future-of-the-foot-151-teenage-mutant-ninja-turtles-non-foil,https://cdn.shopify.com/s/files/1/0574/4692/4324/files/2512af20f55750ddd35a6f1d17687a2077bb5215_Asset_SIN_MTG_TMT_151_ENG_NF.jpg?v=1771444135,53932872565108,PL,SIN-MTG-TMT-151-ENG-PL-NF,PL,,,0.00,,False,,
14928459825524,"Krang, Master Mind [43] [Teenage Mutant Ninja Turtles] [Non-Foil]",krang-master-mind-43-teenage-mutant-ninja-turtles-non-foil,Magic,Singles,,2026-02-03T16:48:42-05:00,2026-02-18T12:06:48-05:00,https://facetofacegames.com/products/krang-master-mind-43-teenage-mutant-ninja-turtles-non-foil,https://cdn.shopify.com/s/files/1/0574/4692/4324/files/55290e80e9231e36db76af720633c8ae3f2cfcb1_Asset_SIN_MTG_TMT_43_ENG_NF.jpg?v=1770155311,53880820531572,NM,SIN-MTG-TMT-43-ENG-NM-NF,NM,,,7.99,7.99,True,,
14928459825524,"Krang, Master Mind [43] [Teenage Mutant Ninja Turtles] [Non-Foil]",krang-master-mind-43-teenage-mutant-ninja-turtles-non-foil,Magic,Singles,,2026-02-03T16:48:42-05:00,2026-02-18T12:06:48-05:00,https://facetofacegames.com/products/krang-master-mind-43-teenage-mutant-ninja-turtles-non-foil,https://cdn.shopify.com/s/files/1/0574/4692/4324/files/55290e80e9231e36db76af720633c8ae3f2cfcb1_Asset_SIN_MTG_TMT_43_ENG_NF.jpg?v=1770155311,53880820564340,PL,SIN-MTG-TMT-43-ENG-PL-NF,PL,,,0.00,,False,,
14928458088820,"Leonardo, Sewer Samurai [17] [Teenage Mutant Ninja Turtles] [Non-Foil]",leonardo-sewer-samurai-17-teenage-mutant-ninja-turtles-non-foil,Magic,Singles,,2026-02-03T16:48:27-05:00,2026-02-18T12:06:48-05:00,https://facetofacegames.com/products/leonardo-sewer-samurai-17-teenage-mutant-ninja-turtles-non-foil,https://cdn.shopify.com/s/files/1/0574/4692/4324/files/253437cc5b11a24acef8f8481d43e03240af1610_Asset_SIN_MTG_TMT_17_ENG_NF.jpg?v=1770155296,53880817123700,NM,SIN-MTG-TMT-17-ENG-NM-NF,NM,,,12.99,12.99,True,,
14928458088820,"Leonardo, Sewer Samurai [17] [Teenage Mutant Ninja Turtles] [Non-Foil]",leonardo-sewer-samurai-17-teenage-mutant-ninja-turtles-non-foil,Magic,Singles,,2026-02-03T16:48:27-05:00,2026-02-18T12:06:48-05:00,https://facetofacegames.com/products/leonardo-sewer-samurai-17-teenage-mutant-ninja-turtles-non-foil,https://cdn.shopify.com/s/files/1/0574/4692/4324/files/253437cc5b11a24acef8f8481d43e03240af1610_Asset_SIN_MTG_TMT_17_ENG_NF.jpg?v=1770155296,53880817156468,PL,SIN-MTG-TMT-17-ENG-PL-NF,PL,,,0.00,,False,,
14928457433460,"Leonardo, Cutting Edge [15] [Teenage Mutant Ninja Turtles] [Foil]",leonardo-cutting-edge-15-teenage-mutant-ninja-turtles-foil,Magic,Singles,,2026-02-03T16:48:26-05:00,2026-02-18T12:06:48-05:00,https://facetofacegames.com/products/leonardo-cutting-edge-15-teenage-mutant-ninja-turtles-foil,https://cdn.shopify.com/s/files/1/0574/4692/4324/files/df91baa84d26b91844e56241675aee20284e9e25_Asset_SIN_MTG_TMT_15_ENG_F.jpg?v=1770155289,53880815878516,NM,SIN-MTG-TMT-15-ENG-NM-F,NM,,,9.99,9.99,True,,
14928457433460,"Leonardo, Cutting Edge [15] [Teenage Mutant Ninja Turtles] [Foil]",leonardo-cutting-edge-15-teenage-mutant-ninja-turtles-foil,Magic,Singles,,2026-02-03T16:48:26-05:00,2026-02-18T12:06:48-05:00,https://facetofacegames.com/products/leonardo-cutting-edge-15-teenage-mutant-ninja-turtles-foil,https://cdn.shopify.com/s/files/1/0574/4692/4324/files/df91baa84d26b91844e56241675aee20284e9e25_Asset_SIN_MTG_TMT_15_ENG_F.jpg?v=1770155289,53880815911284,PL,SIN-MTG-TMT-15-ENG-PL-F,PL,,,0.00,,False,,
14928456352116,"Leatherhead, Swamp Stalker [117] [Teenage Mutant Ninja Turtles] [Non-Foil]",leatherhead-swamp-stalker-117-teenage-mutant-ninja-turtles-non-foil,Magic,Singles,,2026-02-03T16:48:23-05:00,2026-02-18T12:06:48-05:00,https://facetofacegames.com/products/leatherhead-swamp-stalker-117-teenage-mutant-ninja-turtles-non-foil,https://cdn.shopify.com/s/files/1/0574/4692/4324/files/2b61de0525ab11770b20c256a9c5004d4fa9d1c9_Asset_SIN_MTG_TMT_117_ENG_NF.jpg?v=1770155280,53880813617524,NM,SIN-MTG-TMT-117-ENG-NM-NF,NM,,,4.99,4.99,True,,
14928456352116,"Leatherhead, Swamp Stalker [117] [Teenage Mutant Ninja Turtles] [Non-Foil]",leatherhead-swamp-stalker-117-teenage-mutant-ninja-turtles-non-foil,Magic,Singles,,2026-02-03T16:48:23-05:00,2026-02-18T12:06:48-05:00,https://facetofacegames.com/products/leatherhead-swamp-stalker-117-teenage-mutant-ninja-turtles-non-foil,https://cdn.shopify.com/s/files/1/0574/4692/4324/files/2b61de0525ab11770b20c256a9c5004d4fa9d1c9_Asset_SIN_MTG_TMT_117_ENG_NF.jpg?v=1770155280,53880813650292,PL,SIN-MTG-TMT-117-ENG-PL-NF,PL,,,0.00,,False,,
14928456253812,"Leatherhead, Swamp Stalker [117] [Teenage Mutant Ninja Turtles] [Foil]",leatherhead-swamp-stalker-117-teenage-mutant-ninja-turtles-foil,Magic,Singles,,2026-02-03T16:48:23-05:00,2026-02-18T12:06:48-05:00,https://facetofacegames.com/products/leatherhead-swamp-stalker-117-teenage-mutant-ninja-turtles-foil,https://cdn.shopify.com/s/files/1/0574/4692/4324/files/eb1dd1e5a68f8a71e8ba6ac41a7ee7bb712a8b52_Asset_SIN_MTG_TMT_117_ENG_F.jpg?v=1770155279,53880813551988,NM,SIN-MTG-TMT-117-ENG-NM-F,NM,,,5.99,5.99,True,,
14928456253812,"Leatherhead, Swamp Stalker [117] [Teenage Mutant Ninja Turtles] [Foil]",leatherhead-swamp-stalker-117-teenage-mutant-ninja-turtles-foil,Magic,Singles,,2026-02-03T16:48:23-05:00,2026-02-18T12:06:48-05:00,https://facetofacegames.com/products/leatherhead-swamp-stalker-117-teenage-mutant-ninja-turtles-foil,https://cdn.shopify.com/s/files/1/0574/4692/4324/files/eb1dd1e5a68f8a71e8ba6ac41a7ee7bb712a8b52_Asset_SIN_MTG_TMT_117_ENG_F.jpg?v=1770155279,53880813584756,PL,SIN-MTG-TMT-117-ENG-PL-F,PL,,,0.00,,False,,
14928459661684,"Krang, Master Mind [43] [Teenage Mutant Ninja Turtles] [Foil]",krang-master-mind-43-teenage-mutant-ninja-turtles-foil,Magic,Singles,,2026-02-03T16:48:40-05:00,2026-02-18T12:06:47-05:00,https://facetofacegames.com/products/krang-master-mind-43-teenage-mutant-ninja-turtles-foil,https://cdn.shopify.com/s/files/1/0574/4692/4324/files/0cf79602bef5057d4ba5358f0b6f6391709a04a7_Asset_SIN_MTG_TMT_43_ENG_F.jpg?v=1770155311,53880820302196,NM,SIN-MTG-TMT-43-ENG-NM-F,NM,,,9.99,9.99,True,,
14928459661684,"Krang, Master Mind [43] [Teenage Mutant Ninja Turtles] [Foil]",krang-master-mind-43-teenage-mutant-ninja-turtles-foil,Magic,Singles,,2026-02-03T16:48:40-05:00,2026-02-18T12:06:47-05:00,https://facetofacegames.com/products/krang-master-mind-43-teenage-mutant-ninja-turtles-foil,https://cdn.shopify.com/s/files/1/0574/4692/4324/files/0cf79602bef5057d4ba5358f0b6f6391709a04a7_Asset_SIN_MTG_TMT_43_ENG_F.jpg?v=1770155311,53880820334964,PL,SIN-MTG-TMT-43-ENG-PL-F,PL,,,0.00,,False,,
14928458285428,Leonardo's Technique [18] [Teenage Mutant Ninja Turtles] [Non-Foil],leonardos-technique-18-teenage-mutant-ninja-turtles-non-foil,Magic,Singles,,2026-02-03T16:48:28-05:00,2026-02-18T12:06:47-05:00,https://facetofacegames.com/products/leonardos-technique-18-teenage-mutant-ninja-turtles-non-foil,https://cdn.shopify.com/s/files/1/0574/4692/4324/files/612013b98a852b52e7796c04986f02011daa70f8_Asset_SIN_MTG_TMT_18_ENG_NF.jpg?v=1770155296,53880817582452,NM,SIN-MTG-TMT-18-ENG-NM-NF,NM,,,6.99,6.99,True,,
14928458285428,Leonardo's Technique [18] [Teenage Mutant Ninja Turtles] [Non-Foil],leonardos-technique-18-teenage-mutant-ninja-turtles-non-foil,Magic,Singles,,2026-02-03T16:48:28-05:00,2026-02-18T12:06:47-05:00,https://facetofacegames.com/products/leonardos-technique-18-teenage-mutant-ninja-turtles-non-foil,https://cdn.shopify.com/s/files/1/0574/4692/4324/files/612013b98a852b52e7796c04986f02011daa70f8_Asset_SIN_MTG_TMT_18_ENG_NF.jpg?v=1770155296,53880817615220,PL,SIN-MTG-TMT-18-ENG-PL-NF,PL,,,0.00,,False,,
14928457793908,"Krang, Utrom Warlord [175] [Teenage Mutant Ninja Turtles] [Foil]",krang-utrom-warlord-175-teenage-mutant-ninja-turtles-foil,Magic,Singles,,2026-02-03T16:48:27-05:00,2026-02-18T12:06:47-05:00,https://facetofacegames.com/products/krang-utrom-warlord-175-teenage-mutant-ninja-turtles-foil,https://cdn.shopify.com/s/files/1/0574/4692/4324/files/525d394dee99e1a44213e705169bec745c435fbf_Asset_SIN_MTG_TMT_175_ENG_F.jpg?v=1770155293,53880816599412,NM,SIN-MTG-TMT-175-ENG-NM-F,NM,,,59.99,59.99,True,,
14928457793908,"Krang, Utrom Warlord [175] [Teenage Mutant Ninja Turtles] [Foil]",krang-utrom-warlord-175-teenage-mutant-ninja-turtles-foil,Magic,Singles,,2026-02-03T16:48:27-05:00,2026-02-18T12:06:47-05:00,https://facetofacegames.com/products/krang-utrom-warlord-175-teenage-mutant-ninja-turtles-foil,https://cdn.shopify.com/s/files/1/0574/4692/4324/files/525d394dee99e1a44213e705169bec745c435fbf_Asset_SIN_MTG_TMT_175_ENG_F.jpg?v=1770155293,53880816632180,PL,SIN-MTG-TMT-175-ENG-PL-F,PL,,,0.00,,False,,
14928456810868,Leader's Talent [13] [Teenage Mutant Ninja Turtles] [Foil],leaders-talent-13-teenage-mutant-ninja-turtles-foil,Magic,Singles,,2026-02-03T16:48:24-05:00,2026-02-18T12:06:47-05:00,https://facetofacegames.com/products/leaders-talent-13-teenage-mutant-ninja-turtles-foil,https://cdn.shopify.com/s/files/1/0574/4692/4324/files/1acfaa0859e6152573aea8d1ad64ab6437eec495_Asset_SIN_MTG_TMT_13_ENG_F.jpg?v=1770155283,53880814633332,NM,SIN-MTG-TMT-13-ENG-NM-F,NM,,,3.99,3.99,True,,
14928456810868,Leader's Talent [13] [Teenage Mutant Ninja Turtles] [Foil],leaders-talent-13-teenage-mutant-ninja-turtles-foil,Magic,Singles,,2026-02-03T16:48:24-05:00,2026-02-18T12:06:47-05:00,https://facetofacegames.com/products/leaders-talent-13-teenage-mutant-ninja-turtles-foil,https://cdn.shopify.com/s/files/1/0574/4692/4324/files/1acfaa0859e6152573aea8d1ad64ab6437eec495_Asset_SIN_MTG_TMT_13_ENG_F.jpg?v=1770155283,53880814666100,PL,SIN-MTG-TMT-13-ENG-PL-F,PL,,,0.00,,False,,
14953000010100,Cowabunga! [113] [Teenage Mutant Ninja Turtles] [Foil],cowabunga-113-teenage-mutant-ninja-turtles-foil,Magic,Singles,,2026-02-17T20:33:03-05:00,2026-02-18T12:03:02-05:00,https://facetofacegames.com/products/cowabunga-113-teenage-mutant-ninja-turtles-foil,https://cdn.shopify.com/s/files/1/0574/4692/4324/files/394983b520f7fd14df0c6b66d4ab61a9b2da86d8_Asset_SIN_MTG_TMT_113_ENG_F.jpg?v=1771444133,53932871811444,NM,SIN-MTG-TMT-113-ENG-NM-F,NM,,,0.49,0.49,True,,
14953000010100,Cowabunga! [113] [Teenage Mutant Ninja Turtles] [Foil],cowabunga-113-teenage-mutant-ninja-turtles-foil,Magic,Singles,,2026-02-17T20:33:03-05:00,2026-02-18T12:03:02-05:00,https://facetofacegames.com/products/cowabunga-113-teenage-mutant-ninja-turtles-foil,https://cdn.shopify.com/s/files/1/0574/4692/4324/files/394983b520f7fd14df0c6b66d4ab61a9b2da86d8_Asset_SIN_MTG_TMT_113_ENG_F.jpg?v=1771444133,53932871844212,PL,SIN-MTG-TMT-113-ENG-PL-F,PL,,,0.00,,False,,
14928457138548,Krang & Shredder [153] [Teenage Mutant Ninja Turtles] [Non-Foil],krang-shredder-153-teenage-mutant-ninja-turtles-non-foil,Magic,Singles,,2026-02-03T16:48:25-05:00,2026-02-18T12:03:02-05:00,https://facetofacegames.com/products/krang-shredder-153-teenage-mutant-ninja-turtles-non-foil,https://cdn.shopify.com/s/files/1/0574/4692/4324/files/88563bb50fb57b39cbdc4f4a1b900fc30874e36b_Asset_SIN_MTG_TMT_153_ENG_NF.jpg?v=1770155289,53880815288692,NM,SIN-MTG-TMT-153-ENG-NM-NF,NM,,,4.99,4.99,True,,
14928457138548,Krang & Shredder [153] [Teenage Mutant Ninja Turtles] [Non-Foil],krang-shredder-153-teenage-mutant-ninja-turtles-non-foil,Magic,Singles,,2026-02-03T16:48:25-05:00,2026-02-18T12:03:02-05:00,https://facetofacegames.com/products/krang-shredder-153-teenage-mutant-ninja-turtles-non-foil,https://cdn.shopify.com/s/files/1/0574/4692/4324/files/88563bb50fb57b39cbdc4f4a1b900fc30874e36b_Asset_SIN_MTG_TMT_153_ENG_NF.jpg?v=1770155289,53880815321460,PL,SIN-MTG-TMT-153-ENG-PL-NF,PL,,,0.00,,False,,
14928460972404,"Casey Jones, Vigilante [88] [Teenage Mutant Ninja Turtles] [Non-Foil]",casey-jones-vigilante-88-teenage-mutant-ninja-turtles-non-foil,Magic,Singles,,2026-02-03T16:49:04-05:00,2026-02-18T12:03:01-05:00,https://facetofacegames.com/products/casey-jones-vigilante-88-teenage-mutant-ninja-turtles-non-foil,https://cdn.shopify.com/s/files/1/0574/4692/4324/files/9264fe16b826c24461dcb9ba145bf54dc771b373_Asset_SIN_MTG_TMT_88_ENG_NF.jpg?v=1770155317,53880822595956,NM,SIN-MTG-TMT-88-ENG-NM-NF,NM,,,3.99,3.99,True,,
14928460972404,"Casey Jones, Vigilante [88] [Teenage Mutant Ninja Turtles] [Non-Foil]",casey-jones-vigilante-88-teenage-mutant-ninja-turtles-non-foil,Magic,Singles,,2026-02-03T16:49:04-05:00,2026-02-18T12:03:01-05:00,https://facetofacegames.com/products/casey-jones-vigilante-88-teenage-mutant-ninja-turtles-non-foil,https://cdn.shopify.com/s/files/1/0574/4692/4324/files/9264fe16b826c24461dcb9ba145bf54dc771b373_Asset_SIN_MTG_TMT_88_ENG_NF.jpg?v=1770155317,53880822628724,PL,SIN-MTG-TMT-88-ENG-PL-NF,PL,,,0.00,,False,,
14928459694452,"Kitsune, Dragon's Daughter [41] [Teenage Mutant Ninja Turtles] [Non-Foil]",kitsune-dragons-daughter-41-teenage-mutant-ninja-turtles-non-foil,Magic,Singles,,2026-02-03T16:48:40-05:00,2026-02-18T12:03:00-05:00,https://facetofacegames.com/products/kitsune-dragons-daughter-41-teenage-mutant-ninja-turtles-non-foil,https://cdn.shopify.com/s/files/1/0574/4692/4324/files/f9259f4d1f333411e29c8aa055d3c1d399c3fa95_Asset_SIN_MTG_TMT_41_ENG_NF.jpg?v=1770155311,53880820236660,NM,SIN-MTG-TMT-41-ENG-NM-NF,NM,,,1.99,1.99,True,,
14928459694452,"Kitsune, Dragon's Daughter [41] [Teenage Mutant Ninja Turtles] [Non-Foil]",kitsune-dragons-daughter-41-teenage-mutant-ninja-turtles-non-foil,Magic,Singles,,2026-02-03T16:48:40-05:00,2026-02-18T12:03:00-05:00,https://facetofacegames.com/products/kitsune-dragons-daughter-41-teenage-mutant-ninja-turtles-non-foil,https://cdn.shopify.com/s/files/1/0574/4692/4324/files/f9259f4d1f333411e29c8aa055d3c1d399c3fa95_Asset_SIN_MTG_TMT_41_ENG_NF.jpg?v=1770155311,53880820269428,PL,SIN-MTG-TMT-41-ENG-PL-NF,PL,,,0.00,,False,,
14928459301236,Does Machines [34] [Teenage Mutant Ninja Turtles] [Foil],does-machines-34-teenage-mutant-ninja-turtles-foil,Magic,Singles,,2026-02-03T16:48:40-05:00,2026-02-18T12:03:00-05:00,https://facetofacegames.com/products/does-machines-34-teenage-mutant-ninja-turtles-foil,https://cdn.shopify.com/s/files/1/0574/4692/4324/files/d8e562b7c247cb1a40f721043d02a1bd10f0bd11_Asset_SIN_MTG_TMT_34_ENG_F.jpg?v=1770155310,53880819581300,NM,SIN-MTG-TMT-34-ENG-NM-F,NM,,,5.99,5.99,True,,
14928459301236,Does Machines [34] [Teenage Mutant Ninja Turtles] [Foil],does-machines-34-teenage-mutant-ninja-turtles-foil,Magic,Singles,,2026-02-03T16:48:40-05:00,2026-02-18T12:03:00-05:00,https://facetofacegames.com/products/does-machines-34-teenage-mutant-ninja-turtles-foil,https://cdn.shopify.com/s/files/1/0574/4692/4324/files/d8e562b7c247cb1a40f721043d02a1bd10f0bd11_Asset_SIN_MTG_TMT_34_ENG_F.jpg?v=1770155310,53880819614068,PL,SIN-MTG-TMT-34-ENG-PL-F,PL,,,0.00,,False,,
14928458744180,Island [254] [Full Art] [Pizza Basic Land ] [Teenage Mutant Ninja Turtles] [Non-Foil],island-254-full-art-pizza-basic-land-teenage-mutant-ninja-turtles-non-foil,Magic,Singles,,2026-02-03T16:48:28-05:00,2026-02-18T12:03:00-05:00,https://facetofacegames.com/products/island-254-full-art-pizza-basic-land-teenage-mutant-ninja-turtles-non-foil,https://cdn.shopify.com/s/files/1/0574/4692/4324/files/2c4614ab37041be39d37df80bdfe8a601c0382e4_Asset_SIN_MTG_TMT_254_ENG_NF.jpg?v=1770155298,53880818434420,NM,SIN-MTG-TMT-254-ENG-NM-NF,NM,,,0.99,0.99,True,,
14928458744180,Island [254] [Full Art] [Pizza Basic Land ] [Teenage Mutant Ninja Turtles] [Non-Foil],island-254-full-art-pizza-basic-land-teenage-mutant-ninja-turtles-non-foil,Magic,Singles,,2026-02-03T16:48:28-05:00,2026-02-18T12:03:00-05:00,https://facetofacegames.com/products/island-254-full-art-pizza-basic-land-teenage-mutant-ninja-turtles-non-foil,https://cdn.shopify.com/s/files/1/0574/4692/4324/files/2c4614ab37041be39d37df80bdfe8a601c0382e4_Asset_SIN_MTG_TMT_254_ENG_NF.jpg?v=1770155298,53880818467188,PL,SIN-MTG-TMT-254-ENG-PL-NF,PL,,,0.00,,False,,
14928456941940,Dark Leo & Shredder [142] [Teenage Mutant Ninja Turtles] [Non-Foil],dark-leo-shredder-142-teenage-mutant-ninja-turtles-non-foil,Magic,Singles,,2026-02-03T16:48:24-05:00,2026-02-18T12:03:00-05:00,https://facetofacegames.com/products/dark-leo-shredder-142-teenage-mutant-ninja-turtles-non-foil,https://cdn.shopify.com/s/files/1/0574/4692/4324/files/e98100aff663a2104807202ec0cea4d139d35cad_Asset_SIN_MTG_TMT_142_ENG_NF.jpg?v=1770155286,53880815026548,NM,SIN-MTG-TMT-142-ENG-NM-NF,NM,,,11.99,11.99,True,,
14928456941940,Dark Leo & Shredder [142] [Teenage Mutant Ninja Turtles] [Non-Foil],dark-leo-shredder-142-teenage-mutant-ninja-turtles-non-foil,Magic,Singles,,2026-02-03T16:48:24-05:00,2026-02-18T12:03:00-05:00,https://facetofacegames.com/products/dark-leo-shredder-142-teenage-mutant-ninja-turtles-non-foil,https://cdn.shopify.com/s/files/1/0574/4692/4324/files/e98100aff663a2104807202ec0cea4d139d35cad_Asset_SIN_MTG_TMT_142_ENG_NF.jpg?v=1770155286,53880815059316,PL,SIN-MTG-TMT-142-ENG-PL-NF,PL,,,0.00,,False,,
14953000599924,Island [192] [Full Art] [Rooftop Basic Land] [Teenage Mutant Ninja Turtles] [Non-Foil],island-192-full-art-rooftop-basic-land-teenage-mutant-ninja-turtles-non-foil,Magic,Singles,,2026-02-17T20:33:04-05:00,2026-02-18T12:02:59-05:00,https://facetofacegames.com/products/island-192-full-art-rooftop-basic-land-teenage-mutant-ninja-turtles-non-foil,https://cdn.shopify.com/s/files/1/0574/4692/4324/files/246bae5f5448959bcf442136e9de7f1d6aa74ee9_Asset_SIN_MTG_TMT_192_ENG_NF.jpg?v=1771444135,53932872991092,NM,SIN-MTG-TMT-192-ENG-NM-NF,NM,,,0.99,0.99,True,,
14953000599924,Island [192] [Full Art] [Rooftop Basic Land] [Teenage Mutant Ninja Turtles] [Non-Foil],island-192-full-art-rooftop-basic-land-teenage-mutant-ninja-turtles-non-foil,Magic,Singles,,2026-02-17T20:33:04-05:00,2026-02-18T12:02:59-05:00,https://facetofacegames.com/products/island-192-full-art-rooftop-basic-land-teenage-mutant-ninja-turtles-non-foil,https://cdn.shopify.com/s/files/1/0574/4692/4324/files/246bae5f5448959bcf442136e9de7f1d6aa74ee9_Asset_SIN_MTG_TMT_192_ENG_NF.jpg?v=1771444135,53932873023860,PL,SIN-MTG-TMT-192-ENG-PL-NF,PL,,,0.00,,False,,
14928460874100,Cool but Rude [89] [Teenage Mutant Ninja Turtles] [Non-Foil],cool-but-rude-89-teenage-mutant-ninja-turtles-non-foil,Magic,Singles,,2026-02-03T16:49:03-05:00,2026-02-18T12:02:59-05:00,https://facetofacegames.com/products/cool-but-rude-89-teenage-mutant-ninja-turtles-non-foil,https://cdn.shopify.com/s/files/1/0574/4692/4324/files/912780495e4391da9b59b8eabb8c1a02938b6554_Asset_SIN_MTG_TMT_89_ENG_NF.jpg?v=1770155317,53880822399348,NM,SIN-MTG-TMT-89-ENG-NM-NF,NM,,,9.99,9.99,True,,
14928460874100,Cool but Rude [89] [Teenage Mutant Ninja Turtles] [Non-Foil],cool-but-rude-89-teenage-mutant-ninja-turtles-non-foil,Magic,Singles,,2026-02-03T16:49:03-05:00,2026-02-18T12:02:59-05:00,https://facetofacegames.com/products/cool-but-rude-89-teenage-mutant-ninja-turtles-non-foil,https://cdn.shopify.com/s/files/1/0574/4692/4324/files/912780495e4391da9b59b8eabb8c1a02938b6554_Asset_SIN_MTG_TMT_89_ENG_NF.jpg?v=1770155317,53880822432116,PL,SIN-MTG-TMT-89-ENG-PL-NF,PL,,,0.00,,False,,
14953000436084,Island [192] [Full Art] [Rooftop Basic Land] [Teenage Mutant Ninja Turtles] [Foil],island-192-full-art-rooftop-basic-land-teenage-mutant-ninja-turtles-foil,Magic,Singles,,2026-02-17T20:33:04-05:00,2026-02-18T12:02:56-05:00,https://facetofacegames.com/products/island-192-full-art-rooftop-basic-land-teenage-mutant-ninja-turtles-foil,https://cdn.shopify.com/s/files/1/0574/4692/4324/files/a9199c1c55302f7080a6c02d45065108b014b2d6_Asset_SIN_MTG_TMT_192_ENG_F.jpg?v=1771444135,53932872794484,NM,SIN-MTG-TMT-192-ENG-NM-F,NM,,,1.49,1.49,True,,
14953000436084,Island [192] [Full Art] [Rooftop Basic Land] [Teenage Mutant Ninja Turtles] [Foil],island-192-full-art-rooftop-basic-land-teenage-mutant-ninja-turtles-foil,Magic,Singles,,2026-02-17T20:33:04-05:00,2026-02-18T12:02:56-05:00,https://facetofacegames.com/products/island-192-full-art-rooftop-basic-land-teenage-mutant-ninja-turtles-foil,https://cdn.shopify.com/s/files/1/0574/4692/4324/files/a9199c1c55302f7080a6c02d45065108b014b2d6_Asset_SIN_MTG_TMT_192_ENG_F.jpg?v=1771444135,53932872827252,PL,SIN-MTG-TMT-192-ENG-PL-F,PL,,,0.00,,False,,
14952999944564,Courier of Comestibles [112] [Teenage Mutant Ninja Turtles] [Non-Foil],courier-of-comestibles-112-teenage-mutant-ninja-turtles-non-foil,Magic,Singles,,2026-02-17T20:33:03-05:00,2026-02-18T12:02:56-05:00,https://facetofacegames.com/products/courier-of-comestibles-112-teenage-mutant-ninja-turtles-non-foil,https://cdn.shopify.com/s/files/1/0574/4692/4324/files/053611e92732747294f49e0e227ae9ef07cb1519_Asset_SIN_MTG_TMT_112_ENG_NF.jpg?v=1771444133,53932871680372,NM,SIN-MTG-TMT-112-ENG-NM-NF,NM,,,0.49,0.49,True,,
14952999944564,Courier of Comestibles [112] [Teenage Mutant Ninja Turtles] [Non-Foil],courier-of-comestibles-112-teenage-mutant-ninja-turtles-non-foil,Magic,Singles,,2026-02-17T20:33:03-05:00,2026-02-18T12:02:56-05:00,https://facetofacegames.com/products/courier-of-comestibles-112-teenage-mutant-ninja-turtles-non-foil,https://cdn.shopify.com/s/files/1/0574/4692/4324/files/053611e92732747294f49e0e227ae9ef07cb1519_Asset_SIN_MTG_TMT_112_ENG_NF.jpg?v=1771444133,53932871713140,PL,SIN-MTG-TMT-112-ENG-PL-NF,PL,,,0.00,,False,,
14928460808564,"Casey Jones, Vigilante [88] [Teenage Mutant Ninja Turtles] [Foil]",casey-jones-vigilante-88-teenage-mutant-ninja-turtles-foil,Magic,Singles,,2026-02-03T16:49:03-05:00,2026-02-18T12:02:56-05:00,https://facetofacegames.com/products/casey-jones-vigilante-88-teenage-mutant-ninja-turtles-foil,https://cdn.shopify.com/s/files/1/0574/4692/4324/files/62ec28e025d170951f94f49d31c8449ea9b72bae_Asset_SIN_MTG_TMT_88_ENG_F.jpg?v=1770155317,53880822268276,NM,SIN-MTG-TMT-88-ENG-NM-F,NM,,,4.99,4.99,True,,
14928460808564,"Casey Jones, Vigilante [88] [Teenage Mutant Ninja Turtles] [Foil]",casey-jones-vigilante-88-teenage-mutant-ninja-turtles-foil,Magic,Singles,,2026-02-03T16:49:03-05:00,2026-02-18T12:02:56-05:00,https://facetofacegames.com/products/casey-jones-vigilante-88-teenage-mutant-ninja-turtles-foil,https://cdn.shopify.com/s/files/1/0574/4692/4324/files/62ec28e025d170951f94f49d31c8449ea9b72bae_Asset_SIN_MTG_TMT_88_ENG_F.jpg?v=1770155317,53880822301044,PL,SIN-MTG-TMT-88-ENG-PL-F,PL,,,0.00,,False,,
14928459334004,"Donatello, Gadget Master [35] [Teenage Mutant Ninja Turtles] [Foil]",donatello-gadget-master-35-teenage-mutant-ninja-turtles-foil,Magic,Singles,,2026-02-03T16:48:40-05:00,2026-02-18T12:02:56-05:00,https://facetofacegames.com/products/donatello-gadget-master-35-teenage-mutant-ninja-turtles-foil,https://cdn.shopify.com/s/files/1/0574/4692/4324/files/8ddb96e030d00d025415c0ecc6f0b2d24b7165ef_Asset_SIN_MTG_TMT_35_ENG_F.jpg?v=1770155310,53880819712372,NM,SIN-MTG-TMT-35-ENG-NM-F,NM,,,5.99,5.99,True,,
14928459334004,"Donatello, Gadget Master [35] [Teenage Mutant Ninja Turtles] [Foil]",donatello-gadget-master-35-teenage-mutant-ninja-turtles-foil,Magic,Singles,,2026-02-03T16:48:40-05:00,2026-02-18T12:02:56-05:00,https://facetofacegames.com/products/donatello-gadget-master-35-teenage-mutant-ninja-turtles-foil,https://cdn.shopify.com/s/files/1/0574/4692/4324/files/8ddb96e030d00d025415c0ecc6f0b2d24b7165ef_Asset_SIN_MTG_TMT_35_ENG_F.jpg?v=1770155310,53880819745140,PL,SIN-MTG-TMT-35-ENG-PL-F,PL,,,0.00,,False,,
14928456221044,Groundchuck & Dirtbag [115] [Teenage Mutant Ninja Turtles] [Foil],groundchuck-dirtbag-115-teenage-mutant-ninja-turtles-foil,Magic,Singles,,2026-02-03T16:48:22-05:00,2026-02-18T12:02:56-05:00,https://facetofacegames.com/products/groundchuck-dirtbag-115-teenage-mutant-ninja-turtles-foil,https://cdn.shopify.com/s/files/1/0574/4692/4324/files/6791d018aa2b4e8f0551a2f3d9a912ade0d0a60f_Asset_SIN_MTG_TMT_115_ENG_F.jpg?v=1770155279,53880813486452,NM,SIN-MTG-TMT-115-ENG-NM-F,NM,,,8.99,8.99,True,,
14928456221044,Groundchuck & Dirtbag [115] [Teenage Mutant Ninja Turtles] [Foil],groundchuck-dirtbag-115-teenage-mutant-ninja-turtles-foil,Magic,Singles,,2026-02-03T16:48:22-05:00,2026-02-18T12:02:56-05:00,https://facetofacegames.com/products/groundchuck-dirtbag-115-teenage-mutant-ninja-turtles-foil,https://cdn.shopify.com/s/files/1/0574/4692/4324/files/6791d018aa2b4e8f0551a2f3d9a912ade0d0a60f_Asset_SIN_MTG_TMT_115_ENG_F.jpg?v=1770155279,53880813519220,PL,SIN-MTG-TMT-115-ENG-PL-F,PL,,,0.00,,False,,
14953000763764,Action News Crew [1] [Teenage Mutant Ninja Turtles] [Non-Foil],action-news-crew-1-teenage-mutant-ninja-turtles-non-foil,Magic,Singles,,2026-02-17T20:33:09-05:00,2026-02-18T12:02:55-05:00,https://facetofacegames.com/products/action-news-crew-1-teenage-mutant-ninja-turtles-non-foil,https://cdn.shopify.com/s/files/1/0574/4692/4324/files/e0aa35616440b624960e6becbdffe5f4dc628fc9_Asset_SIN_MTG_TMT_1_ENG_NF.jpg?v=1771444151,53932873253236,NM,SIN-MTG-TMT-1-ENG-NM-NF,NM,,,0.49,0.49,True,,
14953000763764,Action News Crew [1] [Teenage Mutant Ninja Turtles] [Non-Foil],action-news-crew-1-teenage-mutant-ninja-turtles-non-foil,Magic,Singles,,2026-02-17T20:33:09-05:00,2026-02-18T12:02:55-05:00,https://facetofacegames.com/products/action-news-crew-1-teenage-mutant-ninja-turtles-non-foil,https://cdn.shopify.com/s/files/1/0574/4692/4324/files/e0aa35616440b624960e6becbdffe5f4dc628fc9_Asset_SIN_MTG_TMT_1_ENG_NF.jpg?v=1771444151,53932873286004,PL,SIN-MTG-TMT-1-ENG-PL-NF,PL,,,0.00,,False,,
14953000730996,Forest [195] [Full Art] [Rooftop Basic Land] [Teenage Mutant Ninja Turtles] [Non-Foil],forest-195-full-art-rooftop-basic-land-teenage-mutant-ninja-turtles-non-foil,Magic,Singles,,2026-02-17T20:33:09-05:00,2026-02-18T12:02:55-05:00,https://facetofacegames.com/products/forest-195-full-art-rooftop-basic-land-teenage-mutant-ninja-turtles-non-foil,https://cdn.shopify.com/s/files/1/0574/4692/4324/files/53e8bddf3af9e23152e1836a449bde7268e9e97b_Asset_SIN_MTG_TMT_195_ENG_NF.jpg?v=1771444152,53932873318772,NM,SIN-MTG-TMT-195-ENG-NM-NF,NM,,,0.99,0.99,True,,
14953000730996,Forest [195] [Full Art] [Rooftop Basic Land] [Teenage Mutant Ninja Turtles] [Non-Foil],forest-195-full-art-rooftop-basic-land-teenage-mutant-ninja-turtles-non-foil,Magic,Singles,,2026-02-17T20:33:09-05:00,2026-02-18T12:02:55-05:00,https://facetofacegames.com/products/forest-195-full-art-rooftop-basic-land-teenage-mutant-ninja-turtles-non-foil,https://cdn.shopify.com/s/files/1/0574/4692/4324/files/53e8bddf3af9e23152e1836a449bde7268e9e97b_Asset_SIN_MTG_TMT_195_ENG_NF.jpg?v=1771444152,53932873351540,PL,SIN-MTG-TMT-195-ENG-PL-NF,PL,,,0.00,,False,,
14953000698228,Forest [195] [Full Art] [Rooftop Basic Land] [Teenage Mutant Ninja Turtles] [Foil],forest-195-full-art-rooftop-basic-land-teenage-mutant-ninja-turtles-foil,Magic,Singles,,2026-02-17T20:33:09-05:00,2026-02-18T12:02:55-05:00,https://facetofacegames.com/products/forest-195-full-art-rooftop-basic-land-teenage-mutant-ninja-turtles-foil,https://cdn.shopify.com/s/files/1/0574/4692/4324/files/e8ddd55ef5f15b29998b20748e7318f8bc5d50ad_Asset_SIN_MTG_TMT_195_ENG_F.jpg?v=1771444154,53932873187700,NM,SIN-MTG-TMT-195-ENG-NM-F,NM,,,1.49,1.49,True,,
14953000698228,Forest [195] [Full Art] [Rooftop Basic Land] [Teenage Mutant Ninja Turtles] [Foil],forest-195-full-art-rooftop-basic-land-teenage-mutant-ninja-turtles-foil,Magic,Singles,,2026-02-17T20:33:09-05:00,2026-02-18T12:02:55-05:00,https://facetofacegames.com/products/forest-195-full-art-rooftop-basic-land-teenage-mutant-ninja-turtles-foil,https://cdn.shopify.com/s/files/1/0574/4692/4324/files/e8ddd55ef5f15b29998b20748e7318f8bc5d50ad_Asset_SIN_MTG_TMT_195_ENG_F.jpg?v=1771444154,53932873220468,PL,SIN-MTG-TMT-195-ENG-PL-F,PL,,,0.00,,False,,
14953000632692,Genghis Frog [148] [Teenage Mutant Ninja Turtles] [Non-Foil],genghis-frog-148-teenage-mutant-ninja-turtles-non-foil,Magic,Singles,,2026-02-17T20:33:05-05:00,2026-02-18T12:02:55-05:00,https://facetofacegames.com/products/genghis-frog-148-teenage-mutant-ninja-turtles-non-foil,https://cdn.shopify.com/s/files/1/0574/4692/4324/files/d787d40325c91d45c53086a50d38a90aa1779e1c_Asset_SIN_MTG_TMT_148_ENG_NF.jpg?v=1771444135,53932873056628,NM,SIN-MTG-TMT-148-ENG-NM-NF,NM,,,0.49,0.49,True,,
14953000632692,Genghis Frog [148] [Teenage Mutant Ninja Turtles] [Non-Foil],genghis-frog-148-teenage-mutant-ninja-turtles-non-foil,Magic,Singles,,2026-02-17T20:33:05-05:00,2026-02-18T12:02:55-05:00,https://facetofacegames.com/products/genghis-frog-148-teenage-mutant-ninja-turtles-non-foil,https://cdn.shopify.com/s/files/1/0574/4692/4324/files/d787d40325c91d45c53086a50d38a90aa1779e1c_Asset_SIN_MTG_TMT_148_ENG_NF.jpg?v=1771444135,53932873089396,PL,SIN-MTG-TMT-148-ENG-PL-NF,PL,,,0.00,,False,,
14953000272244,Genghis Frog [148] [Teenage Mutant Ninja Turtles] [Foil],genghis-frog-148-teenage-mutant-ninja-turtles-foil,Magic,Singles,,2026-02-17T20:33:04-05:00,2026-02-18T12:02:55-05:00,https://facetofacegames.com/products/genghis-frog-148-teenage-mutant-ninja-turtles-foil,https://cdn.shopify.com/s/files/1/0574/4692/4324/files/a637a7f52bdae47b8cf7f1dae4e7e179bfb66772_Asset_SIN_MTG_TMT_148_ENG_F.jpg?v=1771444135,53932872270196,NM,SIN-MTG-TMT-148-ENG-NM-F,NM,,,0.49,0.49,True,,
14953000272244,Genghis Frog [148] [Teenage Mutant Ninja Turtles] [Foil],genghis-frog-148-teenage-mutant-ninja-turtles-foil,Magic,Singles,,2026-02-17T20:33:04-05:00,2026-02-18T12:02:55-05:00,https://facetofacegames.com/products/genghis-frog-148-teenage-mutant-ninja-turtles-foil,https://cdn.shopify.com/s/files/1/0574/4692/4324/files/a637a7f52bdae47b8cf7f1dae4e7e179bfb66772_Asset_SIN_MTG_TMT_148_ENG_F.jpg?v=1771444135,53932872302964,PL,SIN-MTG-TMT-148-ENG-PL-F,PL,,,0.00,,False,,
14928460841332,Improvised Arsenal [92] [Teenage Mutant Ninja Turtles] [Foil],improvised-arsenal-92-teenage-mutant-ninja-turtles-foil,Magic,Singles,,2026-02-03T16:49:03-05:00,2026-02-18T12:02:55-05:00,https://facetofacegames.com/products/improvised-arsenal-92-teenage-mutant-ninja-turtles-foil,https://cdn.shopify.com/s/files/1/0574/4692/4324/files/9ccf1554e46f37f7fef356d7918f349c6e7fbf31_Asset_SIN_MTG_TMT_92_ENG_F.jpg?v=1770155317,53880822333812,NM,SIN-MTG-TMT-92-ENG-NM-F,NM,,,5.99,5.99,True,,
14928460841332,Improvised Arsenal [92] [Teenage Mutant Ninja Turtles] [Foil],improvised-arsenal-92-teenage-mutant-ninja-turtles-foil,Magic,Singles,,2026-02-03T16:49:03-05:00,2026-02-18T12:02:55-05:00,https://facetofacegames.com/products/improvised-arsenal-92-teenage-mutant-ninja-turtles-foil,https://cdn.shopify.com/s/files/1/0574/4692/4324/files/9ccf1554e46f37f7fef356d7918f349c6e7fbf31_Asset_SIN_MTG_TMT_92_ENG_F.jpg?v=1770155317,53880822366580,PL,SIN-MTG-TMT-92-ENG-PL-F,PL,,,0.00,,False,,
14928460022132,"Armaggon, Future Shark [58] [Teenage Mutant Ninja Turtles] [Foil]",armaggon-future-shark-58-teenage-mutant-ninja-turtles-foil,Magic,Singles,,2026-02-03T16:48:42-05:00,2026-02-18T12:02:55-05:00,https://facetofacegames.com/products/armaggon-future-shark-58-teenage-mutant-ninja-turtles-foil,https://cdn.shopify.com/s/files/1/0574/4692/4324/files/94f8b4fd184889163689df35daa29d0a71aed4ee_Asset_SIN_MTG_TMT_58_ENG_F.jpg?v=1770155311,53880820924788,NM,SIN-MTG-TMT-58-ENG-NM-F,NM,,,2.49,2.49,True,,
14928460022132,"Armaggon, Future Shark [58] [Teenage Mutant Ninja Turtles] [Foil]",armaggon-future-shark-58-teenage-mutant-ninja-turtles-foil,Magic,Singles,,2026-02-03T16:48:42-05:00,2026-02-18T12:02:55-05:00,https://facetofacegames.com/products/armaggon-future-shark-58-teenage-mutant-ninja-turtles-foil,https://cdn.shopify.com/s/files/1/0574/4692/4324/files/94f8b4fd184889163689df35daa29d0a71aed4ee_Asset_SIN_MTG_TMT_58_ENG_F.jpg?v=1770155311,53880820957556,PL,SIN-MTG-TMT-58-ENG-PL-F,PL,,,0.00,,False,,
14928459530612,"Donatello, Gadget Master [35] [Teenage Mutant Ninja Turtles] [Non-Foil]",donatello-gadget-master-35-teenage-mutant-ninja-turtles-non-foil,Magic,Singles,,2026-02-03T16:48:40-05:00,2026-02-18T12:02:55-05:00,https://facetofacegames.com/products/donatello-gadget-master-35-teenage-mutant-ninja-turtles-non-foil,https://cdn.shopify.com/s/files/1/0574/4692/4324/files/85b3118ddebc9ae55ebe7000e109ad10520505d3_Asset_SIN_MTG_TMT_35_ENG_NF.jpg?v=1770155311,53880819908980,NM,SIN-MTG-TMT-35-ENG-NM-NF,NM,,,4.99,4.99,True,,
14928459530612,"Donatello, Gadget Master [35] [Teenage Mutant Ninja Turtles] [Non-Foil]",donatello-gadget-master-35-teenage-mutant-ninja-turtles-non-foil,Magic,Singles,,2026-02-03T16:48:40-05:00,2026-02-18T12:02:55-05:00,https://facetofacegames.com/products/donatello-gadget-master-35-teenage-mutant-ninja-turtles-non-foil,https://cdn.shopify.com/s/files/1/0574/4692/4324/files/85b3118ddebc9ae55ebe7000e109ad10520505d3_Asset_SIN_MTG_TMT_35_ENG_NF.jpg?v=1770155311,53880819941748,PL,SIN-MTG-TMT-35-ENG-PL-NF,PL,,,0.00,,False,,
14928458875252,Forest [257] [Full Art] [Pizza Basic Land ] [Teenage Mutant Ninja Turtles] [Non-Foil],forest-257-full-art-pizza-basic-land-teenage-mutant-ninja-turtles-non-foil,Magic,Singles,,2026-02-03T16:48:29-05:00,2026-02-18T12:02:55-05:00,https://facetofacegames.com/products/forest-257-full-art-pizza-basic-land-teenage-mutant-ninja-turtles-non-foil,https://cdn.shopify.com/s/files/1/0574/4692/4324/files/00d2dea1cdb5992a539d4301b84838a1d0573a34_Asset_SIN_MTG_TMT_257_ENG_NF.jpg?v=1770155301,53880818565492,NM,SIN-MTG-TMT-257-ENG-NM-NF,NM,,,0.99,0.99,True,,
14928458875252,Forest [257] [Full Art] [Pizza Basic Land ] [Teenage Mutant Ninja Turtles] [Non-Foil],forest-257-full-art-pizza-basic-land-teenage-mutant-ninja-turtles-non-foil,Magic,Singles,,2026-02-03T16:48:29-05:00,2026-02-18T12:02:55-05:00,https://facetofacegames.com/products/forest-257-full-art-pizza-basic-land-teenage-mutant-ninja-turtles-non-foil,https://cdn.shopify.com/s/files/1/0574/4692/4324/files/00d2dea1cdb5992a539d4301b84838a1d0573a34_Asset_SIN_MTG_TMT_257_ENG_NF.jpg?v=1770155301,53880818598260,PL,SIN-MTG-TMT-257-ENG-PL-NF,PL,,,0.00,,False,,
14928457695604,Chrome Dome [172] [Teenage Mutant Ninja Turtles] [Foil],chrome-dome-172-teenage-mutant-ninja-turtles-foil,Magic,Singles,,2026-02-03T16:48:26-05:00,2026-02-18T12:02:55-05:00,https://facetofacegames.com/products/chrome-dome-172-teenage-mutant-ninja-turtles-foil,https://cdn.shopify.com/s/files/1/0574/4692/4324/files/fd480c4977243a3a88bb88b24f47e26995c2ab9f_Asset_SIN_MTG_TMT_172_ENG_F.jpg?v=1770155292,53880816402804,NM,SIN-MTG-TMT-172-ENG-NM-F,NM,,,4.99,4.99,True,,
14928457695604,Chrome Dome [172] [Teenage Mutant Ninja Turtles] [Foil],chrome-dome-172-teenage-mutant-ninja-turtles-foil,Magic,Singles,,2026-02-03T16:48:26-05:00,2026-02-18T12:02:55-05:00,https://facetofacegames.com/products/chrome-dome-172-teenage-mutant-ninja-turtles-foil,https://cdn.shopify.com/s/files/1/0574/4692/4324/files/fd480c4977243a3a88bb88b24f47e26995c2ab9f_Asset_SIN_MTG_TMT_172_ENG_F.jpg?v=1770155292,53880816435572,PL,SIN-MTG-TMT-172-ENG-PL-F,PL,,,0.00,,False,,
14928457073012,"Don & Raph, Hard Science [144] [Teenage Mutant Ninja Turtles] [Non-Foil]",don-raph-hard-science-144-teenage-mutant-ninja-turtles-non-foil,Magic,Singles,,2026-02-03T16:48:25-05:00,2026-02-18T12:02:55-05:00,https://facetofacegames.com/products/don-raph-hard-science-144-teenage-mutant-ninja-turtles-non-foil,https://cdn.shopify.com/s/files/1/0574/4692/4324/files/2885bbb5dc317af0c0b0487adb5b7a7888c6b957_Asset_SIN_MTG_TMT_144_ENG_NF.jpg?v=1770155287,53880815157620,NM,SIN-MTG-TMT-144-ENG-NM-NF,NM,,,1.99,1.99,True,,
14928457073012,"Don & Raph, Hard Science [144] [Teenage Mutant Ninja Turtles] [Non-Foil]",don-raph-hard-science-144-teenage-mutant-ninja-turtles-non-foil,Magic,Singles,,2026-02-03T16:48:25-05:00,2026-02-18T12:02:55-05:00,https://facetofacegames.com/products/don-raph-hard-science-144-teenage-mutant-ninja-turtles-non-foil,https://cdn.shopify.com/s/files/1/0574/4692/4324/files/2885bbb5dc317af0c0b0487adb5b7a7888c6b957_Asset_SIN_MTG_TMT_144_ENG_NF.jpg?v=1770155287,53880815190388,PL,SIN-MTG-TMT-144-ENG-PL-NF,PL,,,0.00,,False,,
14928456974708,Bebop & Rocksteady [140] [Teenage Mutant Ninja Turtles] [Foil],bebop-rocksteady-140-teenage-mutant-ninja-turtles-foil,Magic,Singles,,2026-02-03T16:48:24-05:00,2026-02-18T12:02:55-05:00,https://facetofacegames.com/products/bebop-rocksteady-140-teenage-mutant-ninja-turtles-foil,https://cdn.shopify.com/s/files/1/0574/4692/4324/files/1dd64bbf9cea96b217dd6a239eae9b36a459462f_Asset_SIN_MTG_TMT_140_ENG_F.jpg?v=1770155286,53880814961012,NM,SIN-MTG-TMT-140-ENG-NM-F,NM,,,3.99,3.99,False,,
14928456974708,Bebop & Rocksteady [140] [Teenage Mutant Ninja Turtles] [Foil],bebop-rocksteady-140-teenage-mutant-ninja-turtles-foil,Magic,Singles,,2026-02-03T16:48:24-05:00,2026-02-18T12:02:55-05:00,https://facetofacegames.com/products/bebop-rocksteady-140-teenage-mutant-ninja-turtles-foil,https://cdn.shopify.com/s/files/1/0574/4692/4324/files/1dd64bbf9cea96b217dd6a239eae9b36a459462f_Asset_SIN_MTG_TMT_140_ENG_F.jpg?v=1770155286,53880814993780,PL,SIN-MTG-TMT-140-ENG-PL-F,PL,,,0.00,,False,,
14952999977332,Cowabunga! [113] [Teenage Mutant Ninja Turtles] [Non-Foil],cowabunga-113-teenage-mutant-ninja-turtles-non-foil,Magic,Singles,,2026-02-17T20:33:03-05:00,2026-02-18T12:02:54-05:00,https://facetofacegames.com/products/cowabunga-113-teenage-mutant-ninja-turtles-non-foil,https://cdn.shopify.com/s/files/1/0574/4692/4324/files/ac58f57a0d6c94ca4bae32f52bea2edd61f9e90d_Asset_SIN_MTG_TMT_113_ENG_NF.jpg?v=1771444134,53932871745908,NM,SIN-MTG-TMT-113-ENG-NM-NF,NM,,,0.49,0.49,True,,
14952999977332,Cowabunga! [113] [Teenage Mutant Ninja Turtles] [Non-Foil],cowabunga-113-teenage-mutant-ninja-turtles-non-foil,Magic,Singles,,2026-02-17T20:33:03-05:00,2026-02-18T12:02:54-05:00,https://facetofacegames.com/products/cowabunga-113-teenage-mutant-ninja-turtles-non-foil,https://cdn.shopify.com/s/files/1/0574/4692/4324/files/ac58f57a0d6c94ca4bae32f52bea2edd61f9e90d_Asset_SIN_MTG_TMT_113_ENG_NF.jpg?v=1771444134,53932871778676,PL,SIN-MTG-TMT-113-ENG-PL-NF,PL,,,0.00,,False,,
14928461332852,Broadcast Takeover [86] [Teenage Mutant Ninja Turtles] [Foil],broadcast-takeover-86-teenage-mutant-ninja-turtles-foil,Magic,Singles,,2026-02-03T16:49:15-05:00,2026-02-18T12:02:54-05:00,https://facetofacegames.com/products/broadcast-takeover-86-teenage-mutant-ninja-turtles-foil,https://cdn.shopify.com/s/files/1/0574/4692/4324/files/916c7f5e35d10704be4d847dadebcb39be206682_Asset_SIN_MTG_TMT_86_ENG_F.jpg?v=1770155316,53880823120244,NM,SIN-MTG-TMT-86-ENG-NM-F,NM,,,13.99,13.99,True,,
14928461332852,Broadcast Takeover [86] [Teenage Mutant Ninja Turtles] [Foil],broadcast-takeover-86-teenage-mutant-ninja-turtles-foil,Magic,Singles,,2026-02-03T16:49:15-05:00,2026-02-18T12:02:54-05:00,https://facetofacegames.com/products/broadcast-takeover-86-teenage-mutant-ninja-turtles-foil,https://cdn.shopify.com/s/files/1/0574/4692/4324/files/916c7f5e35d10704be4d847dadebcb39be206682_Asset_SIN_MTG_TMT_86_ENG_F.jpg?v=1770155316,53880823153012,PL,SIN-MTG-TMT-86-ENG-PL-F,PL,,,0.00,,False,,
14928460087668,"Armaggon, Future Shark [58] [Teenage Mutant Ninja Turtles] [Non-Foil]",armaggon-future-shark-58-teenage-mutant-ninja-turtles-non-foil,Magic,Singles,,2026-02-03T16:48:42-05:00,2026-02-18T12:02:54-05:00,https://facetofacegames.com/products/armaggon-future-shark-58-teenage-mutant-ninja-turtles-non-foil,https://cdn.shopify.com/s/files/1/0574/4692/4324/files/0d30e84271c30506c5960ac170df2df69a5a6707_Asset_SIN_MTG_TMT_58_ENG_NF.jpg?v=1770155311,53880821055860,NM,SIN-MTG-TMT-58-ENG-NM-NF,NM,,,1.99,1.99,True,,
14928460087668,"Armaggon, Future Shark [58] [Teenage Mutant Ninja Turtles] [Non-Foil]",armaggon-future-shark-58-teenage-mutant-ninja-turtles-non-foil,Magic,Singles,,2026-02-03T16:48:42-05:00,2026-02-18T12:02:54-05:00,https://facetofacegames.com/products/armaggon-future-shark-58-teenage-mutant-ninja-turtles-non-foil,https://cdn.shopify.com/s/files/1/0574/4692/4324/files/0d30e84271c30506c5960ac170df2df69a5a6707_Asset_SIN_MTG_TMT_58_ENG_NF.jpg?v=1770155311,53880821088628,PL,SIN-MTG-TMT-58-ENG-PL-NF,PL,,,0.00,,False,,
14928461037940,Cool but Rude [89] [Teenage Mutant Ninja Turtles] [Foil],cool-but-rude-89-teenage-mutant-ninja-turtles-foil,Magic,Singles,,2026-02-03T16:49:06-05:00,2026-02-18T12:02:53-05:00,https://facetofacegames.com/products/cool-but-rude-89-teenage-mutant-ninja-turtles-foil,https://cdn.shopify.com/s/files/1/0574/4692/4324/files/0692ffa4d630582fff60e5fbb23127fe0bd31163_Asset_SIN_MTG_TMT_89_ENG_F.jpg?v=1770155317,53880822694260,NM,SIN-MTG-TMT-89-ENG-NM-F,NM,,,11.99,11.99,True,,
14928461037940,Cool but Rude [89] [Teenage Mutant Ninja Turtles] [Foil],cool-but-rude-89-teenage-mutant-ninja-turtles-foil,Magic,Singles,,2026-02-03T16:49:06-05:00,2026-02-18T12:02:53-05:00,https://facetofacegames.com/products/cool-but-rude-89-teenage-mutant-ninja-turtles-foil,https://cdn.shopify.com/s/files/1/0574/4692/4324/files/0692ffa4d630582fff60e5fbb23127fe0bd31163_Asset_SIN_MTG_TMT_89_ENG_F.jpg?v=1770155317,53880822727028,PL,SIN-MTG-TMT-89-ENG-PL-F,PL,,,0.00,,False,,
14928460939636,Improvised Arsenal [92] [Teenage Mutant Ninja Turtles] [Non-Foil],improvised-arsenal-92-teenage-mutant-ninja-turtles-non-foil,Magic,Singles,,2026-02-03T16:49:04-05:00,2026-02-18T12:02:53-05:00,https://facetofacegames.com/products/improvised-arsenal-92-teenage-mutant-ninja-turtles-non-foil,https://cdn.shopify.com/s/files/1/0574/4692/4324/files/5414544655482a2c1eb3aea5ead2b23d0fb53b70_Asset_SIN_MTG_TMT_92_ENG_NF.jpg?v=1770155317,53880822530420,NM,SIN-MTG-TMT-92-ENG-NM-NF,NM,,,4.99,4.99,True,,
14928460939636,Improvised Arsenal [92] [Teenage Mutant Ninja Turtles] [Non-Foil],improvised-arsenal-92-teenage-mutant-ninja-turtles-non-foil,Magic,Singles,,2026-02-03T16:49:04-05:00,2026-02-18T12:02:53-05:00,https://facetofacegames.com/products/improvised-arsenal-92-teenage-mutant-ninja-turtles-non-foil,https://cdn.shopify.com/s/files/1/0574/4692/4324/files/5414544655482a2c1eb3aea5ead2b23d0fb53b70_Asset_SIN_MTG_TMT_92_ENG_NF.jpg?v=1770155317,53880822563188,PL,SIN-MTG-TMT-92-ENG-PL-NF,PL,,,0.00,,False,,
14928459628916,"Donatello, Mutant Mechanic [36] [Teenage Mutant Ninja Turtles] [Non-Foil]",donatello-mutant-mechanic-36-teenage-mutant-ninja-turtles-non-foil,Magic,Singles,,2026-02-03T16:48:40-05:00,2026-02-18T12:02:53-05:00,https://facetofacegames.com/products/donatello-mutant-mechanic-36-teenage-mutant-ninja-turtles-non-foil,https://cdn.shopify.com/s/files/1/0574/4692/4324/files/2023a6c2dbaff2b9f23888f7b5cb3896b424b438_Asset_SIN_MTG_TMT_36_ENG_NF.jpg?v=1770155310,53880820171124,NM,SIN-MTG-TMT-36-ENG-NM-NF,NM,,,12.99,12.99,True,,
14928459628916,"Donatello, Mutant Mechanic [36] [Teenage Mutant Ninja Turtles] [Non-Foil]",donatello-mutant-mechanic-36-teenage-mutant-ninja-turtles-non-foil,Magic,Singles,,2026-02-03T16:48:40-05:00,2026-02-18T12:02:53-05:00,https://facetofacegames.com/products/donatello-mutant-mechanic-36-teenage-mutant-ninja-turtles-non-foil,https://cdn.shopify.com/s/files/1/0574/4692/4324/files/2023a6c2dbaff2b9f23888f7b5cb3896b424b438_Asset_SIN_MTG_TMT_36_ENG_NF.jpg?v=1770155310,53880820203892,PL,SIN-MTG-TMT-36-ENG-PL-NF,PL,,,0.00,,False,,
14928458973556,"April O'Neil, Hacktivist [29] [Teenage Mutant Ninja Turtles] [Foil]",april-oneil-hacktivist-29-teenage-mutant-ninja-turtles-foil,Magic,Singles,,2026-02-03T16:48:37-05:00,2026-02-18T12:02:53-05:00,https://facetofacegames.com/products/april-oneil-hacktivist-29-teenage-mutant-ninja-turtles-foil,https://cdn.shopify.com/s/files/1/0574/4692/4324/files/c2df680ffbd155056b1e8c146ab70ad7b7259815_Asset_SIN_MTG_TMT_29_ENG_F.jpg?v=1770155302,53880818860404,NM,SIN-MTG-TMT-29-ENG-NM-F,NM,,,1.99,1.99,True,,
14928458973556,"April O'Neil, Hacktivist [29] [Teenage Mutant Ninja Turtles] [Foil]",april-oneil-hacktivist-29-teenage-mutant-ninja-turtles-foil,Magic,Singles,,2026-02-03T16:48:37-05:00,2026-02-18T12:02:53-05:00,https://facetofacegames.com/products/april-oneil-hacktivist-29-teenage-mutant-ninja-turtles-foil,https://cdn.shopify.com/s/files/1/0574/4692/4324/files/c2df680ffbd155056b1e8c146ab70ad7b7259815_Asset_SIN_MTG_TMT_29_ENG_F.jpg?v=1770155302,53880818893172,PL,SIN-MTG-TMT-29-ENG-PL-F,PL,,,0.00,,False,,
14928456909172,Dark Leo & Shredder [142] [Teenage Mutant Ninja Turtles] [Foil],dark-leo-shredder-142-teenage-mutant-ninja-turtles-foil,Magic,Singles,,2026-02-03T16:48:24-05:00,2026-02-18T12:02:53-05:00,https://facetofacegames.com/products/dark-leo-shredder-142-teenage-mutant-ninja-turtles-foil,https://cdn.shopify.com/s/files/1/0574/4692/4324/files/73fdcdddcf173838f16f712f570207898793489e_Asset_SIN_MTG_TMT_142_ENG_F.jpg?v=1770155286,53880814829940,NM,SIN-MTG-TMT-142-ENG-NM-F,NM,,,14.99,14.99,True,,
14928456909172,Dark Leo & Shredder [142] [Teenage Mutant Ninja Turtles] [Foil],dark-leo-shredder-142-teenage-mutant-ninja-turtles-foil,Magic,Singles,,2026-02-03T16:48:24-05:00,2026-02-18T12:02:53-05:00,https://facetofacegames.com/products/dark-leo-shredder-142-teenage-mutant-ninja-turtles-foil,https://cdn.shopify.com/s/files/1/0574/4692/4324/files/73fdcdddcf173838f16f712f570207898793489e_Asset_SIN_MTG_TMT_142_ENG_F.jpg?v=1770155286,53880814862708,PL,SIN-MTG-TMT-142-ENG-PL-F,PL,,,0.00,,False,,
14953006072180,Hard-Won Jitte [91] [Teenage Mutant Ninja Turtles] [Non-Foil],hard-won-jitte-91-teenage-mutant-ninja-turtles-non-foil,Magic,Singles,,2026-02-17T20:34:27-05:00,2026-02-18T12:02:52-05:00,https://facetofacegames.com/products/hard-won-jitte-91-teenage-mutant-ninja-turtles-non-foil,https://cdn.shopify.com/s/files/1/0574/4692/4324/files/24fa12b0d99560698f513de80975232736cd1119_Asset_SIN_MTG_TMT_91_ENG_NF.jpg?v=1771444183,53932884656500,NM,SIN-MTG-TMT-91-ENG-NM-NF,NM,,,0.49,0.49,True,,
14953006072180,Hard-Won Jitte [91] [Teenage Mutant Ninja Turtles] [Non-Foil],hard-won-jitte-91-teenage-mutant-ninja-turtles-non-foil,Magic,Singles,,2026-02-17T20:34:27-05:00,2026-02-18T12:02:52-05:00,https://facetofacegames.com/products/hard-won-jitte-91-teenage-mutant-ninja-turtles-non-foil,https://cdn.shopify.com/s/files/1/0574/4692/4324/files/24fa12b0d99560698f513de80975232736cd1119_Asset_SIN_MTG_TMT_91_ENG_NF.jpg?v=1771444183,53932884689268,PL,SIN-MTG-TMT-91-ENG-PL-NF,PL,,,0.00,,False,,
14953000862068,Action News Crew [1] [Teenage Mutant Ninja Turtles] [Foil],action-news-crew-1-teenage-mutant-ninja-turtles-foil,Magic,Singles,,2026-02-17T20:33:09-05:00,2026-02-18T12:02:52-05:00,https://facetofacegames.com/products/action-news-crew-1-teenage-mutant-ninja-turtles-foil,https://cdn.shopify.com/s/files/1/0574/4692/4324/files/17bc1f6e076d574d8fb39c1eb5155c32cc0166d7_Asset_SIN_MTG_TMT_1_ENG_F.jpg?v=1771444151,53932873711988,NM,SIN-MTG-TMT-1-ENG-NM-F,NM,,,0.49,0.49,True,,
14953000862068,Action News Crew [1] [Teenage Mutant Ninja Turtles] [Foil],action-news-crew-1-teenage-mutant-ninja-turtles-foil,Magic,Singles,,2026-02-17T20:33:09-05:00,2026-02-18T12:02:52-05:00,https://facetofacegames.com/products/action-news-crew-1-teenage-mutant-ninja-turtles-foil,https://cdn.shopify.com/s/files/1/0574/4692/4324/files/17bc1f6e076d574d8fb39c1eb5155c32cc0166d7_Asset_SIN_MTG_TMT_1_ENG_F.jpg?v=1771444151,53932873744756,PL,SIN-MTG-TMT-1-ENG-PL-F,PL,,,0.00,,False,,
14953000337780,"Karai, Future of the Foot [151] [Teenage Mutant Ninja Turtles] [Foil]",karai-future-of-the-foot-151-teenage-mutant-ninja-turtles-foil,Magic,Singles,,2026-02-17T20:33:04-05:00,2026-02-18T12:02:52-05:00,https://facetofacegames.com/products/karai-future-of-the-foot-151-teenage-mutant-ninja-turtles-foil,https://cdn.shopify.com/s/files/1/0574/4692/4324/files/6d9438b2c8f03834b7fb72c2d005f6e2f4a48fd1_Asset_SIN_MTG_TMT_151_ENG_F.jpg?v=1771444134,53932872401268,NM,SIN-MTG-TMT-151-ENG-NM-F,NM,,,0.49,0.49,True,,
14953000337780,"Karai, Future of the Foot [151] [Teenage Mutant Ninja Turtles] [Foil]",karai-future-of-the-foot-151-teenage-mutant-ninja-turtles-foil,Magic,Singles,,2026-02-17T20:33:04-05:00,2026-02-18T12:02:52-05:00,https://facetofacegames.com/products/karai-future-of-the-foot-151-teenage-mutant-ninja-turtles-foil,https://cdn.shopify.com/s/files/1/0574/4692/4324/files/6d9438b2c8f03834b7fb72c2d005f6e2f4a48fd1_Asset_SIN_MTG_TMT_151_ENG_F.jpg?v=1771444134,53932872434036,PL,SIN-MTG-TMT-151-ENG-PL-F,PL,,,0.00,,False,,
14953000305012,Foot Elite [146] [Teenage Mutant Ninja Turtles] [Non-Foil],foot-elite-146-teenage-mutant-ninja-turtles-non-foil,Magic,Singles,,2026-02-17T20:33:04-05:00,2026-02-18T12:02:52-05:00,https://facetofacegames.com/products/foot-elite-146-teenage-mutant-ninja-turtles-non-foil,https://cdn.shopify.com/s/files/1/0574/4692/4324/files/5325d6c5b3237f45502d6efb64f50929e1e73724_Asset_SIN_MTG_TMT_146_ENG_NF.jpg?v=1771444134,53932872335732,NM,SIN-MTG-TMT-146-ENG-NM-NF,NM,,,0.29,0.29,True,,
14953000305012,Foot Elite [146] [Teenage Mutant Ninja Turtles] [Non-Foil],foot-elite-146-teenage-mutant-ninja-turtles-non-foil,Magic,Singles,,2026-02-17T20:33:04-05:00,2026-02-18T12:02:52-05:00,https://facetofacegames.com/products/foot-elite-146-teenage-mutant-ninja-turtles-non-foil,https://cdn.shopify.com/s/files/1/0574/4692/4324/files/5325d6c5b3237f45502d6efb64f50929e1e73724_Asset_SIN_MTG_TMT_146_ENG_NF.jpg?v=1771444134,53932872368500,PL,SIN-MTG-TMT-146-ENG-PL-NF,PL,,,0.00,,False,,
14928461398388,Broadcast Takeover [86] [Teenage Mutant Ninja Turtles] [Non-Foil],broadcast-takeover-86-teenage-mutant-ninja-turtles-non-foil,Magic,Singles,,2026-02-03T16:49:16-05:00,2026-02-18T12:02:52-05:00,https://facetofacegames.com/products/broadcast-takeover-86-teenage-mutant-ninja-turtles-non-foil,https://cdn.shopify.com/s/files/1/0574/4692/4324/files/b6f11dd614d851d39037e797240fd0cf6d09ad70_Asset_SIN_MTG_TMT_86_ENG_NF.jpg?v=1770155316,53880823218548,NM,SIN-MTG-TMT-86-ENG-NM-NF,NM,,,9.99,9.99,True,,
14928461398388,Broadcast Takeover [86] [Teenage Mutant Ninja Turtles] [Non-Foil],broadcast-takeover-86-teenage-mutant-ninja-turtles-non-foil,Magic,Singles,,2026-02-03T16:49:16-05:00,2026-02-18T12:02:52-05:00,https://facetofacegames.com/products/broadcast-takeover-86-teenage-mutant-ninja-turtles-non-foil,https://cdn.shopify.com/s/files/1/0574/4692/4324/files/b6f11dd614d851d39037e797240fd0cf6d09ad70_Asset_SIN_MTG_TMT_86_ENG_NF.jpg?v=1770155316,53880823251316,PL,SIN-MTG-TMT-86-ENG-PL-NF,PL,,,0.00,,False,,
14928460906868,"Casey Jones, Jury-Rig Justiciar [87] [Teenage Mutant Ninja Turtles] [Foil]",casey-jones-jury-rig-justiciar-87-teenage-mutant-ninja-turtles-foil,Magic,Singles,,2026-02-03T16:49:03-05:00,2026-02-18T12:02:52-05:00,https://facetofacegames.com/products/casey-jones-jury-rig-justiciar-87-teenage-mutant-ninja-turtles-foil,https://cdn.shopify.com/s/files/1/0574/4692/4324/files/b88af890f9543f51534558489560130ccab367e0_Asset_SIN_MTG_TMT_87_ENG_F.jpg?v=1770155317,53880822464884,NM,SIN-MTG-TMT-87-ENG-NM-F,NM,,,1.49,1.49,True,,
14928460906868,"Casey Jones, Jury-Rig Justiciar [87] [Teenage Mutant Ninja Turtles] [Foil]",casey-jones-jury-rig-justiciar-87-teenage-mutant-ninja-turtles-foil,Magic,Singles,,2026-02-03T16:49:03-05:00,2026-02-18T12:02:52-05:00,https://facetofacegames.com/products/casey-jones-jury-rig-justiciar-87-teenage-mutant-ninja-turtles-foil,https://cdn.shopify.com/s/files/1/0574/4692/4324/files/b88af890f9543f51534558489560130ccab367e0_Asset_SIN_MTG_TMT_87_ENG_F.jpg?v=1770155317,53880822497652,PL,SIN-MTG-TMT-87-ENG-PL-F,PL,,,0.00,,False,,
14928460743028,"Casey Jones, Jury-Rig Justiciar [87] [Teenage Mutant Ninja Turtles] [Non-Foil]",casey-jones-jury-rig-justiciar-87-teenage-mutant-ninja-turtles-non-foil,Magic,Singles,,2026-02-03T16:49:03-05:00,2026-02-18T12:02:52-05:00,https://facetofacegames.com/products/casey-jones-jury-rig-justiciar-87-teenage-mutant-ninja-turtles-non-foil,https://cdn.shopify.com/s/files/1/0574/4692/4324/files/e268135ff5b8cf25651e576df2c3c5a9e16f3061_Asset_SIN_MTG_TMT_87_ENG_NF.jpg?v=1770155317,53880822137204,NM,SIN-MTG-TMT-87-ENG-NM-NF,NM,,,0.99,0.99,True,,
14928460743028,"Casey Jones, Jury-Rig Justiciar [87] [Teenage Mutant Ninja Turtles] [Non-Foil]",casey-jones-jury-rig-justiciar-87-teenage-mutant-ninja-turtles-non-foil,Magic,Singles,,2026-02-03T16:49:03-05:00,2026-02-18T12:02:52-05:00,https://facetofacegames.com/products/casey-jones-jury-rig-justiciar-87-teenage-mutant-ninja-turtles-non-foil,https://cdn.shopify.com/s/files/1/0574/4692/4324/files/e268135ff5b8cf25651e576df2c3c5a9e16f3061_Asset_SIN_MTG_TMT_87_ENG_NF.jpg?v=1770155317,53880822169972,PL,SIN-MTG-TMT-87-ENG-PL-NF,PL,,,0.00,,False,,
14928459759988,Kitsune's Technique [42] [Teenage Mutant Ninja Turtles] [Non-Foil],kitsunes-technique-42-teenage-mutant-ninja-turtles-non-foil,Magic,Singles,,2026-02-03T16:48:41-05:00,2026-02-18T12:02:52-05:00,https://facetofacegames.com/products/kitsunes-technique-42-teenage-mutant-ninja-turtles-non-foil,https://cdn.shopify.com/s/files/1/0574/4692/4324/files/099a42308cbca7fb057f16a214cb9e1f9f0005b5_Asset_SIN_MTG_TMT_42_ENG_NF.jpg?v=1770155311,53880820433268,NM,SIN-MTG-TMT-42-ENG-NM-NF,NM,,,7.99,7.99,True,,
14928459759988,Kitsune's Technique [42] [Teenage Mutant Ninja Turtles] [Non-Foil],kitsunes-technique-42-teenage-mutant-ninja-turtles-non-foil,Magic,Singles,,2026-02-03T16:48:41-05:00,2026-02-18T12:02:52-05:00,https://facetofacegames.com/products/kitsunes-technique-42-teenage-mutant-ninja-turtles-non-foil,https://cdn.shopify.com/s/files/1/0574/4692/4324/files/099a42308cbca7fb057f16a214cb9e1f9f0005b5_Asset_SIN_MTG_TMT_42_ENG_NF.jpg?v=1770155311,53880820466036,PL,SIN-MTG-TMT-42-ENG-PL-NF,PL,,,0.00,,False,,
14928459727220,"Kitsune, Dragon's Daughter [41] [Teenage Mutant Ninja Turtles] [Foil]",kitsune-dragons-daughter-41-teenage-mutant-ninja-turtles-foil,Magic,Singles,,2026-02-03T16:48:40-05:00,2026-02-18T12:02:52-05:00,https://facetofacegames.com/products/kitsune-dragons-daughter-41-teenage-mutant-ninja-turtles-foil,https://cdn.shopify.com/s/files/1/0574/4692/4324/files/a7b077d3abedfe4e8ca25da3782939a1b2e49439_Asset_SIN_MTG_TMT_41_ENG_F.jpg?v=1770155311,53880820367732,NM,SIN-MTG-TMT-41-ENG-NM-F,NM,,,2.99,2.99,True,,
14928459727220,"Kitsune, Dragon's Daughter [41] [Teenage Mutant Ninja Turtles] [Foil]",kitsune-dragons-daughter-41-teenage-mutant-ninja-turtles-foil,Magic,Singles,,2026-02-03T16:48:40-05:00,2026-02-18T12:02:52-05:00,https://facetofacegames.com/products/kitsune-dragons-daughter-41-teenage-mutant-ninja-turtles-foil,https://cdn.shopify.com/s/files/1/0574/4692/4324/files/a7b077d3abedfe4e8ca25da3782939a1b2e49439_Asset_SIN_MTG_TMT_41_ENG_F.jpg?v=1770155311,53880820400500,PL,SIN-MTG-TMT-41-ENG-PL-F,PL,,,0.00,,False,,
14928459596148,Kitsune's Technique [42] [Teenage Mutant Ninja Turtles] [Foil],kitsunes-technique-42-teenage-mutant-ninja-turtles-foil,Magic,Singles,,2026-02-03T16:48:40-05:00,2026-02-18T12:02:52-05:00,https://facetofacegames.com/products/kitsunes-technique-42-teenage-mutant-ninja-turtles-foil,https://cdn.shopify.com/s/files/1/0574/4692/4324/files/d02c685788ebd3aac3075e3ed90885e27774f3d3_Asset_SIN_MTG_TMT_42_ENG_F.jpg?v=1770155311,53880820105588,NM,SIN-MTG-TMT-42-ENG-NM-F,NM,,,9.99,9.99,True,,
14928459596148,Kitsune's Technique [42] [Teenage Mutant Ninja Turtles] [Foil],kitsunes-technique-42-teenage-mutant-ninja-turtles-foil,Magic,Singles,,2026-02-03T16:48:40-05:00,2026-02-18T12:02:52-05:00,https://facetofacegames.com/products/kitsunes-technique-42-teenage-mutant-ninja-turtles-foil,https://cdn.shopify.com/s/files/1/0574/4692/4324/files/d02c685788ebd3aac3075e3ed90885e27774f3d3_Asset_SIN_MTG_TMT_42_ENG_F.jpg?v=1770155311,53880820138356,PL,SIN-MTG-TMT-42-ENG-PL-F,PL,,,0.00,,False,,
14928459563380,"Donatello, Mutant Mechanic [36] [Teenage Mutant Ninja Turtles] [Foil]",donatello-mutant-mechanic-36-teenage-mutant-ninja-turtles-foil,Magic,Singles,,2026-02-03T16:48:40-05:00,2026-02-18T12:02:52-05:00,https://facetofacegames.com/products/donatello-mutant-mechanic-36-teenage-mutant-ninja-turtles-foil,https://cdn.shopify.com/s/files/1/0574/4692/4324/files/08a015c5038d806049eb0815c36f11a56df5e87c_Asset_SIN_MTG_TMT_36_ENG_F.jpg?v=1770155310,53880819974516,NM,SIN-MTG-TMT-36-ENG-NM-F,NM,,,14.99,14.99,True,,
14928459563380,"Donatello, Mutant Mechanic [36] [Teenage Mutant Ninja Turtles] [Foil]",donatello-mutant-mechanic-36-teenage-mutant-ninja-turtles-foil,Magic,Singles,,2026-02-03T16:48:40-05:00,2026-02-18T12:02:52-05:00,https://facetofacegames.com/products/donatello-mutant-mechanic-36-teenage-mutant-ninja-turtles-foil,https://cdn.shopify.com/s/files/1/0574/4692/4324/files/08a015c5038d806049eb0815c36f11a56df5e87c_Asset_SIN_MTG_TMT_36_ENG_F.jpg?v=1770155310,53880820007284,PL,SIN-MTG-TMT-36-ENG-PL-F,PL,,,0.00,,False,,
14928459465076,Does Machines [34] [Teenage Mutant Ninja Turtles] [Non-Foil],does-machines-34-teenage-mutant-ninja-turtles-non-foil,Magic,Singles,,2026-02-03T16:48:40-05:00,2026-02-18T12:02:52-05:00,https://facetofacegames.com/products/does-machines-34-teenage-mutant-ninja-turtles-non-foil,https://cdn.shopify.com/s/files/1/0574/4692/4324/files/3a1ad7ead4571829c6803e6a657a90cfcf609833_Asset_SIN_MTG_TMT_34_ENG_NF.jpg?v=1770155310,53880819843444,NM,SIN-MTG-TMT-34-ENG-NM-NF,NM,,,4.99,4.99,True,,
14928459465076,Does Machines [34] [Teenage Mutant Ninja Turtles] [Non-Foil],does-machines-34-teenage-mutant-ninja-turtles-non-foil,Magic,Singles,,2026-02-03T16:48:40-05:00,2026-02-18T12:02:52-05:00,https://facetofacegames.com/products/does-machines-34-teenage-mutant-ninja-turtles-non-foil,https://cdn.shopify.com/s/files/1/0574/4692/4324/files/3a1ad7ead4571829c6803e6a657a90cfcf609833_Asset_SIN_MTG_TMT_34_ENG_NF.jpg?v=1770155310,53880819876212,PL,SIN-MTG-TMT-34-ENG-PL-NF,PL,,,0.00,,False,,
14928458776948,Forest [257] [Full Art] [Pizza Basic Land ] [Teenage Mutant Ninja Turtles] [Foil],forest-257-full-art-pizza-basic-land-teenage-mutant-ninja-turtles-foil,Magic,Singles,,2026-02-03T16:48:29-05:00,2026-02-18T12:02:52-05:00,https://facetofacegames.com/products/forest-257-full-art-pizza-basic-land-teenage-mutant-ninja-turtles-foil,https://cdn.shopify.com/s/files/1/0574/4692/4324/files/2581183cdb8fc6aba7479a836c78a7f483547ed8_Asset_SIN_MTG_TMT_257_ENG_F.jpg?v=1770155300,53880818762100,NM,SIN-MTG-TMT-257-ENG-NM-F,NM,,,1.49,1.49,True,,
14928458776948,Forest [257] [Full Art] [Pizza Basic Land ] [Teenage Mutant Ninja Turtles] [Foil],forest-257-full-art-pizza-basic-land-teenage-mutant-ninja-turtles-foil,Magic,Singles,,2026-02-03T16:48:29-05:00,2026-02-18T12:02:52-05:00,https://facetofacegames.com/products/forest-257-full-art-pizza-basic-land-teenage-mutant-ninja-turtles-foil,https://cdn.shopify.com/s/files/1/0574/4692/4324/files/2581183cdb8fc6aba7479a836c78a7f483547ed8_Asset_SIN_MTG_TMT_257_ENG_F.jpg?v=1770155300,53880818794868,PL,SIN-MTG-TMT-257-ENG-PL-F,PL,,,0.00,,False,,
14928458613108,Island [254] [Full Art] [Pizza Basic Land ] [Teenage Mutant Ninja Turtles] [Foil],island-254-full-art-pizza-basic-land-teenage-mutant-ninja-turtles-foil,Magic,Singles,,2026-02-03T16:48:28-05:00,2026-02-18T12:02:52-05:00,https://facetofacegames.com/products/island-254-full-art-pizza-basic-land-teenage-mutant-ninja-turtles-foil,https://cdn.shopify.com/s/files/1/0574/4692/4324/files/8b490079751f97904330db2b3c084ca7c04c7257_Asset_SIN_MTG_TMT_254_ENG_F.jpg?v=1770155298,53880818172276,NM,SIN-MTG-TMT-254-ENG-NM-F,NM,,,1.49,1.49,True,,
14928458613108,Island [254] [Full Art] [Pizza Basic Land ] [Teenage Mutant Ninja Turtles] [Foil],island-254-full-art-pizza-basic-land-teenage-mutant-ninja-turtles-foil,Magic,Singles,,2026-02-03T16:48:28-05:00,2026-02-18T12:02:52-05:00,https://facetofacegames.com/products/island-254-full-art-pizza-basic-land-teenage-mutant-ninja-turtles-foil,https://cdn.shopify.com/s/files/1/0574/4692/4324/files/8b490079751f97904330db2b3c084ca7c04c7257_Asset_SIN_MTG_TMT_254_ENG_F.jpg?v=1770155298,53880818205044,PL,SIN-MTG-TMT-254-ENG-PL-F,PL,,,0.00,,False,,
14928457826676,Chrome Dome [172] [Teenage Mutant Ninja Turtles] [Non-Foil],chrome-dome-172-teenage-mutant-ninja-turtles-non-foil,Magic,Singles,,2026-02-03T16:48:27-05:00,2026-02-18T12:02:52-05:00,https://facetofacegames.com/products/chrome-dome-172-teenage-mutant-ninja-turtles-non-foil,https://cdn.shopify.com/s/files/1/0574/4692/4324/files/380a1f8bc5f9ca4c6fcd1ac4510f197a02258ec9_Asset_SIN_MTG_TMT_172_ENG_NF.jpg?v=1770155293,53880816730484,NM,SIN-MTG-TMT-172-ENG-NM-NF,NM,,,3.99,3.99,True,,
14928457826676,Chrome Dome [172] [Teenage Mutant Ninja Turtles] [Non-Foil],chrome-dome-172-teenage-mutant-ninja-turtles-non-foil,Magic,Singles,,2026-02-03T16:48:27-05:00,2026-02-18T12:02:52-05:00,https://facetofacegames.com/products/chrome-dome-172-teenage-mutant-ninja-turtles-non-foil,https://cdn.shopify.com/s/files/1/0574/4692/4324/files/380a1f8bc5f9ca4c6fcd1ac4510f197a02258ec9_Asset_SIN_MTG_TMT_172_ENG_NF.jpg?v=1770155293,53880816763252,PL,SIN-MTG-TMT-172-ENG-PL-NF,PL,,,0.00,,False,,
14928457105780,Krang & Shredder [153] [Teenage Mutant Ninja Turtles] [Foil],krang-shredder-153-teenage-mutant-ninja-turtles-foil,Magic,Singles,,2026-02-03T16:48:25-05:00,2026-02-18T12:02:52-05:00,https://facetofacegames.com/products/krang-shredder-153-teenage-mutant-ninja-turtles-foil,https://cdn.shopify.com/s/files/1/0574/4692/4324/files/e319a830b5d66bd5e256923836448bc07cf78dd3_Asset_SIN_MTG_TMT_153_ENG_F.jpg?v=1770155287,53880815223156,NM,SIN-MTG-TMT-153-ENG-NM-F,NM,,,5.99,5.99,True,,
14928457105780,Krang & Shredder [153] [Teenage Mutant Ninja Turtles] [Foil],krang-shredder-153-teenage-mutant-ninja-turtles-foil,Magic,Singles,,2026-02-03T16:48:25-05:00,2026-02-18T12:02:52-05:00,https://facetofacegames.com/products/krang-shredder-153-teenage-mutant-ninja-turtles-foil,https://cdn.shopify.com/s/files/1/0574/4692/4324/files/e319a830b5d66bd5e256923836448bc07cf78dd3_Asset_SIN_MTG_TMT_153_ENG_F.jpg?v=1770155287,53880815255924,PL,SIN-MTG-TMT-153-ENG-PL-F,PL,,,0.00,,False,,
14928457040244,"Don & Raph, Hard Science [144] [Teenage Mutant Ninja Turtles] [Foil]",don-raph-hard-science-144-teenage-mutant-ninja-turtles-foil,Magic,Singles,,2026-02-03T16:48:25-05:00,2026-02-18T12:02:52-05:00,https://facetofacegames.com/products/don-raph-hard-science-144-teenage-mutant-ninja-turtles-foil,https://cdn.shopify.com/s/files/1/0574/4692/4324/files/14553848b4272e44e9cea67c1c5108db49ed2706_Asset_SIN_MTG_TMT_144_ENG_F.jpg?v=1770155286,53880815092084,NM,SIN-MTG-TMT-144-ENG-NM-F,NM,,,2.49,2.49,True,,
14928457040244,"Don & Raph, Hard Science [144] [Teenage Mutant Ninja Turtles] [Foil]",don-raph-hard-science-144-teenage-mutant-ninja-turtles-foil,Magic,Singles,,2026-02-03T16:48:25-05:00,2026-02-18T12:02:52-05:00,https://facetofacegames.com/products/don-raph-hard-science-144-teenage-mutant-ninja-turtles-foil,https://cdn.shopify.com/s/files/1/0574/4692/4324/files/14553848b4272e44e9cea67c1c5108db49ed2706_Asset_SIN_MTG_TMT_144_ENG_F.jpg?v=1770155286,53880815124852,PL,SIN-MTG-TMT-144-ENG-PL-F,PL,,,0.00,,False,,
14928457007476,"Don & Leo, Problem Solvers [143] [Teenage Mutant Ninja Turtles] [Non-Foil]",don-leo-problem-solvers-143-teenage-mutant-ninja-turtles-non-foil,Magic,Singles,,2026-02-03T16:48:24-05:00,2026-02-18T12:02:52-05:00,https://facetofacegames.com/products/don-leo-problem-solvers-143-teenage-mutant-ninja-turtles-non-foil,https://cdn.shopify.com/s/files/1/0574/4692/4324/files/419e744e3e284e2704cc293c1298098c630c147b_Asset_SIN_MTG_TMT_143_ENG_NF.jpg?v=1770155287,53880814895476,NM,SIN-MTG-TMT-143-ENG-NM-NF,NM,,,2.99,2.99,True,,
14928457007476,"Don & Leo, Problem Solvers [143] [Teenage Mutant Ninja Turtles] [Non-Foil]",don-leo-problem-solvers-143-teenage-mutant-ninja-turtles-non-foil,Magic,Singles,,2026-02-03T16:48:24-05:00,2026-02-18T12:02:52-05:00,https://facetofacegames.com/products/don-leo-problem-solvers-143-teenage-mutant-ninja-turtles-non-foil,https://cdn.shopify.com/s/files/1/0574/4692/4324/files/419e744e3e284e2704cc293c1298098c630c147b_Asset_SIN_MTG_TMT_143_ENG_NF.jpg?v=1770155287,53880814928244,PL,SIN-MTG-TMT-143-ENG-PL-NF,PL,,,0.00,,False,,
14928456843636,"Don & Leo, Problem Solvers [143] [Teenage Mutant Ninja Turtles] [Foil]",don-leo-problem-solvers-143-teenage-mutant-ninja-turtles-foil,Magic,Singles,,2026-02-03T16:48:24-05:00,2026-02-18T12:02:52-05:00,https://facetofacegames.com/products/don-leo-problem-solvers-143-teenage-mutant-ninja-turtles-foil,https://cdn.shopify.com/s/files/1/0574/4692/4324/files/5d31530ed60db650637fb235a2c11f1382086682_Asset_SIN_MTG_TMT_143_ENG_F.jpg?v=1770155286,53880814698868,NM,SIN-MTG-TMT-143-ENG-NM-F,NM,,,3.99,3.99,True,,
14928456843636,"Don & Leo, Problem Solvers [143] [Teenage Mutant Ninja Turtles] [Foil]",don-leo-problem-solvers-143-teenage-mutant-ninja-turtles-foil,Magic,Singles,,2026-02-03T16:48:24-05:00,2026-02-18T12:02:52-05:00,https://facetofacegames.com/products/don-leo-problem-solvers-143-teenage-mutant-ninja-turtles-foil,https://cdn.shopify.com/s/files/1/0574/4692/4324/files/5d31530ed60db650637fb235a2c11f1382086682_Asset_SIN_MTG_TMT_143_ENG_F.jpg?v=1770155286,53880814731636,PL,SIN-MTG-TMT-143-ENG-PL-F,PL,,,0.00,,False,,
14928456155508,Groundchuck & Dirtbag [115] [Teenage Mutant Ninja Turtles] [Non-Foil],groundchuck-dirtbag-115-teenage-mutant-ninja-turtles-non-foil,Magic,Singles,,2026-02-03T16:48:22-05:00,2026-02-18T12:02:52-05:00,https://facetofacegames.com/products/groundchuck-dirtbag-115-teenage-mutant-ninja-turtles-non-foil,https://cdn.shopify.com/s/files/1/0574/4692/4324/files/5cdaa4f699766defeca25b6caf407a32c2be0f16_Asset_SIN_MTG_TMT_115_ENG_NF.jpg?v=1770155277,53880813355380,NM,SIN-MTG-TMT-115-ENG-NM-NF,NM,,,6.99,6.99,True,,
14928456155508,Groundchuck & Dirtbag [115] [Teenage Mutant Ninja Turtles] [Non-Foil],groundchuck-dirtbag-115-teenage-mutant-ninja-turtles-non-foil,Magic,Singles,,2026-02-03T16:48:22-05:00,2026-02-18T12:02:52-05:00,https://facetofacegames.com/products/groundchuck-dirtbag-115-teenage-mutant-ninja-turtles-non-foil,https://cdn.shopify.com/s/files/1/0574/4692/4324/files/5cdaa4f699766defeca25b6caf407a32c2be0f16_Asset_SIN_MTG_TMT_115_ENG_NF.jpg?v=1770155277,53880813388148,PL,SIN-MTG-TMT-115-ENG-PL-NF,PL,,,0.00,,False,,
14952854389108,Magic: the Gathering - Modern Weekly - Tuesday April 28th - 7:00 PM - Toronto [2026],magic-the-gathering-modern-weekly-tuesday-april-28th-700-pm-toronto-2026,Magic,Toronto Event Tickets,,2026-02-17T17:03:34-05:00,2026-02-17T23:01:04-05:00,https://facetofacegames.com/products/magic-the-gathering-modern-weekly-tuesday-april-28th-700-pm-toronto-2026,https://cdn.shopify.com/s/files/1/0574/4692/4324/files/1467057e10469e5f4cedf2e9143ea16df4d95cd9_Asset_500x_mtg_modern_en_1049771b-09fb-44f9-9968-9426a95755a3.jpg?v=1742931857,53932625002868,Default Title,EVE-RET-TORONTO-03068,Default Title,,,12.00,12.00,True,,
14952855830900,Magic: the Gathering - Modern Weekly - Thursday April 16th - 7:00 PM - Toronto [2026],magic-the-gathering-modern-weekly-thursday-april-16th-700-pm-toronto-2026,Magic,Toronto Event Tickets,,2026-02-17T17:03:46-05:00,2026-02-17T23:01:02-05:00,https://facetofacegames.com/products/magic-the-gathering-modern-weekly-thursday-april-16th-700-pm-toronto-2026,https://cdn.shopify.com/s/files/1/0574/4692/4324/files/d8c78f3a751992fbf7e7e4c51979b30370c6c9c4_Asset_500x_mtg_modern_thursday_en.jpg?v=1742931829,53932626739572,Default Title,EVE-RET-TORONTO-03128,Default Title,,,12.00,12.00,True,,
14952858354036,Yu-Gi-Oh! - Constructed Locals - Saturday April 4th - 12:00 PM - Toronto [2026],yu-gi-oh-constructed-locals-saturday-april-4th-1200-pm-toronto-2026,Yu-Gi-Oh!,Toronto Event Tickets,,2026-02-17T17:04:27-05:00,2026-02-17T23:01:01-05:00,https://facetofacegames.com/products/yu-gi-oh-constructed-locals-saturday-april-4th-1200-pm-toronto-2026,https://cdn.shopify.com/s/files/1/0574/4692/4324/files/fd5348d087f34549100160b3f872100fcd3e69ce_Asset_500x_yugioh_en.jpg?v=1742931817,53932629983604,Default Title,EVE-RET-TORONTO-03150,Default Title,,,6.00,6.00,True,,
14952854847860,Dungeons & Dragons - Under 16 Years Old - Thursday March 26th - 5:30 PM - Toronto [2026],dungeons-dragons-under-16-years-old-thursday-march-26th-530-pm-toronto-2026,Other,Toronto Event Tickets,,2026-02-17T17:03:38-05:00,2026-02-17T23:01:01-05:00,https://facetofacegames.com/products/dungeons-dragons-under-16-years-old-thursday-march-26th-530-pm-toronto-2026,https://cdn.shopify.com/s/files/1/0574/4692/4324/files/4d3ef4b0a07f9294f589ae5fbe7a4d8dcd05998a_Asset_500x_dnd_en.jpg?v=1742931794,53932625461620,Default Title,EVE-RET-TORONTO-03107,Default Title,,,5.00,5.00,True,,
14952853209460,Star Wars: Unlimited - Draft Weekly - Wednesday March 4th - 6:00 PM - Toronto [2026],star-wars-unlimited-draft-weekly-wednesday-march-4th-600-pm-toronto-2026,Star Wars: Unlimited,Toronto Event Tickets,,2026-02-17T17:03:26-05:00,2026-02-17T23:01:01-05:00,https://facetofacegames.com/products/star-wars-unlimited-draft-weekly-wednesday-march-4th-600-pm-toronto-2026,https://cdn.shopify.com/s/files/1/0574/4692/4324/files/3e98215b0767dbe36dce232025c32b0869c39468_Asset_TorontoSwuDraft.jpg?v=1771369406,53932623823220,Default Title,EVE-RET-TORONTO-03087,Default Title,,,25.00,25.00,True,,
14952854978932,Dungeons & Dragons - Under 16 Years Old - Thursday April 23rd - 5:30 PM - Toronto [2026],dungeons-dragons-under-16-years-old-thursday-april-23rd-530-pm-toronto-2026,Other,Toronto Event Tickets,,2026-02-17T17:03:39-05:00,2026-02-17T23:01:00-05:00,https://facetofacegames.com/products/dungeons-dragons-under-16-years-old-thursday-april-23rd-530-pm-toronto-2026,https://cdn.shopify.com/s/files/1/0574/4692/4324/files/4d3ef4b0a07f9294f589ae5fbe7a4d8dcd05998a_Asset_500x_dnd_en.jpg?v=1742931794,53932625592692,Default Title,EVE-RET-TORONTO-03111,Default Title,,,5.00,5.00,True,,
14952856977780,Magic: the Gathering - Modern Weekly - Tuesday April 21st - 7:00 PM - Toronto [2026],magic-the-gathering-modern-weekly-tuesday-april-21st-700-pm-toronto-2026,Magic,Toronto Event Tickets,,2026-02-17T17:04:02-05:00,2026-02-17T23:00:59-05:00,https://facetofacegames.com/products/magic-the-gathering-modern-weekly-tuesday-april-21st-700-pm-toronto-2026,https://cdn.shopify.com/s/files/1/0574/4692/4324/files/1467057e10469e5f4cedf2e9143ea16df4d95cd9_Asset_500x_mtg_modern_en_1049771b-09fb-44f9-9968-9426a95755a3.jpg?v=1742931857,53932627886452,Default Title,EVE-RET-TORONTO-03067,Default Title,,,12.00,12.00,True,,
14952882602356,Riftbound - 1v1 Constructed Nexus Night - Tuesday April 14th - 7:00 PM - Toronto [2026],riftbound-1v1-constructed-nexus-night-tuesday-april-14th-700-pm-toronto-2026,Riftbound,Toronto Event Tickets,,2026-02-17T17:18:12-05:00,2026-02-17T23:00:58-05:00,https://facetofacegames.com/products/riftbound-1v1-constructed-nexus-night-tuesday-april-14th-700-pm-toronto-2026,https://cdn.shopify.com/s/files/1/0574/4692/4324/files/d5beb4eacec2af0119fa363b6f01d72d4ca38bed_Asset_TorontoRiftbound_82a61f17-44f9-42b7-b16e-fba7a0c7bcf2.jpg?v=1771366682,53932691292532,Default Title,EVE-RET-TORONTO-03039,Default Title,,,12.00,12.00,True,,
14952857928052,Magic: the Gathering - TMNT Draft Weekly - Saturday March 14th - 4:00 PM - Toronto [2026],magic-the-gathering-tmnt-draft-weekly-saturday-march-14th-400-pm-toronto-2026,Magic,Toronto Event Tickets,,2026-02-17T17:04:27-05:00,2026-02-17T23:00:58-05:00,https://facetofacegames.com/products/magic-the-gathering-tmnt-draft-weekly-saturday-march-14th-400-pm-toronto-2026,,53932629524852,Default Title,EVE-RET-TORONTO-03155,Default Title,,,25.00,25.00,True,,
14952857403764,Magic: the Gathering - Legacy Friday Night Magic - Friday March 13th - 7:00 PM - Toronto [2026],magic-the-gathering-legacy-friday-night-magic-friday-march-13th-700-pm-toronto-2026,Magic,Toronto Event Tickets,,2026-02-17T17:04:09-05:00,2026-02-17T23:00:58-05:00,https://facetofacegames.com/products/magic-the-gathering-legacy-friday-night-magic-friday-march-13th-700-pm-toronto-2026,https://cdn.shopify.com/s/files/1/0574/4692/4324/files/2e7034ab57d7b706b14be1092128419edf867a9d_Asset_500x_mtg_legacy_friday_en.jpg?v=1742931825,53932629000564,Default Title,EVE-RET-TORONTO-03139,Default Title,,,12.00,12.00,True,,
14952856846708,Magic: the Gathering - TMNT Draft Weekly - Sunday March 29th - 4:00 PM - Toronto [2026],magic-the-gathering-tmnt-draft-weekly-sunday-march-29th-400-pm-toronto-2026,Magic,Toronto Event Tickets,,2026-02-17T17:04:00-05:00,2026-02-17T23:00:58-05:00,https://facetofacegames.com/products/magic-the-gathering-tmnt-draft-weekly-sunday-march-29th-400-pm-toronto-2026,,53932627755380,Default Title,EVE-RET-TORONTO-03165,Default Title,,,25.00,25.00,True,,
14952856519028,One Piece - Constructed Weekly - Wednesday March 4th - 6:00 PM - Toronto [2026],one-piece-constructed-weekly-wednesday-march-4th-600-pm-toronto-2026,One Piece,Toronto Event Tickets,,2026-02-17T17:03:56-05:00,2026-02-17T23:00:58-05:00,https://facetofacegames.com/products/one-piece-constructed-weekly-wednesday-march-4th-600-pm-toronto-2026,https://cdn.shopify.com/s/files/1/0574/4692/4324/files/3c6306bf245b1c05a95a0e8210e073670081f046_Asset_500x_onepiece_constructed_en_fb740de0-ee9c-4fd4-81cb-ec2358391667.jpg?v=1750280691,53932627427700,Default Title,EVE-RET-TORONTO-03069,Default Title,,,12.00,12.00,True,,
14952855110004,Magic: the Gathering - Modern Weekly - Tuesday April 7th - 7:00 PM - Toronto [2026],magic-the-gathering-modern-weekly-tuesday-april-7th-700-pm-toronto-2026,Magic,Toronto Event Tickets,,2026-02-17T17:03:40-05:00,2026-02-17T23:00:58-05:00,https://facetofacegames.com/products/magic-the-gathering-modern-weekly-tuesday-april-7th-700-pm-toronto-2026,https://cdn.shopify.com/s/files/1/0574/4692/4324/files/1467057e10469e5f4cedf2e9143ea16df4d95cd9_Asset_500x_mtg_modern_en_1049771b-09fb-44f9-9968-9426a95755a3.jpg?v=1742931857,53932625723764,Default Title,EVE-RET-TORONTO-03065,Default Title,,,12.00,12.00,True,,
14952854651252,Yu-Gi-Oh! - Constructed Locals - Wednesday April 15th - 6:30 PM - Toronto [2026],yu-gi-oh-constructed-locals-wednesday-april-15th-630-pm-toronto-2026,Yu-Gi-Oh!,Toronto Event Tickets,,2026-02-17T17:03:36-05:00,2026-02-17T23:00:58-05:00,https://facetofacegames.com/products/yu-gi-oh-constructed-locals-wednesday-april-15th-630-pm-toronto-2026,https://cdn.shopify.com/s/files/1/0574/4692/4324/files/f5ace79658fb4f167dba6ca10892265d0aeea492_Asset_500x_yugioh_wednesday_en.jpg?v=1742931824,53932625265012,Default Title,EVE-RET-TORONTO-03102,Default Title,,,6.00,6.00,True,,
14952854356340,Magic: the Gathering - Modern Weekly - Tuesday March 10th - 7:00 PM - Toronto [2026],magic-the-gathering-modern-weekly-tuesday-march-10th-700-pm-toronto-2026,Magic,Toronto Event Tickets,,2026-02-17T17:03:34-05:00,2026-02-17T23:00:58-05:00,https://facetofacegames.com/products/magic-the-gathering-modern-weekly-tuesday-march-10th-700-pm-toronto-2026,https://cdn.shopify.com/s/files/1/0574/4692/4324/files/1467057e10469e5f4cedf2e9143ea16df4d95cd9_Asset_500x_mtg_modern_en_1049771b-09fb-44f9-9968-9426a95755a3.jpg?v=1742931857,53932624970100,Default Title,EVE-RET-TORONTO-03061,Default Title,,,12.00,12.00,True,,
14952854290804,Magic: the Gathering - Standard Showdown - Tuesday March 24th - 6:30 PM - Toronto [2026],magic-the-gathering-standard-showdown-tuesday-march-24th-630-pm-toronto-2026,Magic,Toronto Event Tickets,,2026-02-17T17:03:33-05:00,2026-02-17T23:00:58-05:00,https://facetofacegames.com/products/magic-the-gathering-standard-showdown-tuesday-march-24th-630-pm-toronto-2026,https://cdn.shopify.com/s/files/1/0574/4692/4324/files/0396ab238865907a21c4a54e52717c3ba34afed6_Asset_500x_mtg_standard_showdown_en.jpg?v=1742931823,53932624904564,Default Title,EVE-RET-TORONTO-03054,Default Title,,,6.00,6.00,True,,
14952852914548,Pokémon - Standard Pokemon League - Saturday March 21st - 11:00 AM - Montreal [2026],pokemon-standard-pokemon-league-saturday-march-21st-1100-am-montreal-2026,Pokémon,Montréal Event Tickets,,2026-02-17T17:03:24-05:00,2026-02-17T23:00:58-05:00,https://facetofacegames.com/products/pokemon-standard-pokemon-league-saturday-march-21st-1100-am-montreal-2026,https://cdn.shopify.com/s/files/1/0574/4692/4324/files/a89e7f8c2f2bda0d1ed7f93cf02be114701e6358_Asset_500x_pokemon_league_fr.jpg?v=1742931861,53932623561076,Default Title,EVE-RET-MONTREAL-03004,Default Title,,,6.00,6.00,True,,
14952852849012,Pokémon - Standard Pokemon League - Saturday April 4th - 11:00 AM - Montreal [2026],pokemon-standard-pokemon-league-saturday-april-4th-1100-am-montreal-2026,Pokémon,Montréal Event Tickets,,2026-02-17T17:03:24-05:00,2026-02-17T23:00:58-05:00,https://facetofacegames.com/products/pokemon-standard-pokemon-league-saturday-april-4th-1100-am-montreal-2026,https://cdn.shopify.com/s/files/1/0574/4692/4324/files/a89e7f8c2f2bda0d1ed7f93cf02be114701e6358_Asset_500x_pokemon_league_fr.jpg?v=1742931861,53932623462772,Default Title,EVE-RET-MONTREAL-03005,Default Title,,,6.00,6.00,True,,
14952852816244,Magic: the Gathering - Modern Friday Night Magic - Friday April 17th - 6:30 PM - Montreal [2026],magic-the-gathering-modern-friday-night-magic-friday-april-17th-630-pm-montreal-2026,Magic,Montréal Event Tickets,,2026-02-17T17:03:23-05:00,2026-02-17T23:00:58-05:00,https://facetofacegames.com/products/magic-the-gathering-modern-friday-night-magic-friday-april-17th-630-pm-montreal-2026,https://cdn.shopify.com/s/files/1/0574/4692/4324/files/33b82ec4199b1cd6a60fb7b7dc9fdd9d6566f053_Asset_500x_mtg_modern_fnm_fr.jpg?v=1753908490,53932623430004,Default Title,EVE-RET-MONTREAL-02995,Default Title,,,12.00,12.00,True,,
14952852750708,Magic: the Gathering - Modern Friday Night Magic - Friday April 10th - 6:30 PM - Montreal [2026],magic-the-gathering-modern-friday-night-magic-friday-april-10th-630-pm-montreal-2026,Magic,Montréal Event Tickets,,2026-02-17T17:03:23-05:00,2026-02-17T23:00:58-05:00,https://facetofacegames.com/products/magic-the-gathering-modern-friday-night-magic-friday-april-10th-630-pm-montreal-2026,https://cdn.shopify.com/s/files/1/0574/4692/4324/files/33b82ec4199b1cd6a60fb7b7dc9fdd9d6566f053_Asset_500x_mtg_modern_fnm_fr.jpg?v=1753908490,53932623364468,Default Title,EVE-RET-MONTREAL-02994,Default Title,,,12.00,12.00,True,,
14952858255732,Yu-Gi-Oh! - Constructed Locals - Saturday April 25th - 12:00 PM - Toronto [2026],yu-gi-oh-constructed-locals-saturday-april-25th-1200-pm-toronto-2026,Yu-Gi-Oh!,Toronto Event Tickets,,2026-02-17T17:04:27-05:00,2026-02-17T23:00:57-05:00,https://facetofacegames.com/products/yu-gi-oh-constructed-locals-saturday-april-25th-1200-pm-toronto-2026,https://cdn.shopify.com/s/files/1/0574/4692/4324/files/fd5348d087f34549100160b3f872100fcd3e69ce_Asset_500x_yugioh_en.jpg?v=1742931817,53932629885300,Default Title,EVE-RET-TORONTO-03153,Default Title,,,6.00,6.00,True,,
14952858059124,Magic: the Gathering - Standard Showdown - Tuesday March 17th - 6:30 PM - Toronto [2026],magic-the-gathering-standard-showdown-tuesday-march-17th-630-pm-toronto-2026,Magic,Toronto Event Tickets,,2026-02-17T17:04:27-05:00,2026-02-17T23:00:57-05:00,https://facetofacegames.com/products/magic-the-gathering-standard-showdown-tuesday-march-17th-630-pm-toronto-2026,https://cdn.shopify.com/s/files/1/0574/4692/4324/files/0396ab238865907a21c4a54e52717c3ba34afed6_Asset_500x_mtg_standard_showdown_en.jpg?v=1742931823,53932629655924,Default Title,EVE-RET-TORONTO-03053,Default Title,,,6.00,6.00,True,,
14952858026356,Magic: the Gathering - Legacy Friday Night Magic - Friday March 27th - 7:00 PM - Toronto [2026],magic-the-gathering-legacy-friday-night-magic-friday-march-27th-700-pm-toronto-2026,Magic,Toronto Event Tickets,,2026-02-17T17:04:27-05:00,2026-02-17T23:00:57-05:00,https://facetofacegames.com/products/magic-the-gathering-legacy-friday-night-magic-friday-march-27th-700-pm-toronto-2026,https://cdn.shopify.com/s/files/1/0574/4692/4324/files/2e7034ab57d7b706b14be1092128419edf867a9d_Asset_500x_mtg_legacy_friday_en.jpg?v=1742931825,53932629623156,Default Title,EVE-RET-TORONTO-03141,Default Title,,,12.00,12.00,True,,
14952857993588,Yu-Gi-Oh! - Constructed Locals - Wednesday March 4th - 6:30 PM - Toronto [2026],yu-gi-oh-constructed-locals-wednesday-march-4th-630-pm-toronto-2026,Yu-Gi-Oh!,Toronto Event Tickets,,2026-02-17T17:04:27-05:00,2026-02-17T23:00:57-05:00,https://facetofacegames.com/products/yu-gi-oh-constructed-locals-wednesday-march-4th-630-pm-toronto-2026,https://cdn.shopify.com/s/files/1/0574/4692/4324/files/f5ace79658fb4f167dba6ca10892265d0aeea492_Asset_500x_yugioh_wednesday_en.jpg?v=1742931824,53932629557620,Default Title,EVE-RET-TORONTO-03096,Default Title,,,6.00,6.00,True,,
14952857862516,Magic: the Gathering - TMNT Draft Weekly - Saturday March 28th - 4:00 PM - Toronto [2026],magic-the-gathering-tmnt-draft-weekly-saturday-march-28th-400-pm-toronto-2026,Magic,Toronto Event Tickets,,2026-02-17T17:04:27-05:00,2026-02-17T23:00:57-05:00,https://facetofacegames.com/products/magic-the-gathering-tmnt-draft-weekly-saturday-march-28th-400-pm-toronto-2026,,53932629459316,Default Title,EVE-RET-TORONTO-03157,Default Title,,,25.00,25.00,True,,
14952857534836,Magic: the Gathering - Legacy Friday Night Magic - Friday March 6th - 7:00 PM - Toronto [2026],magic-the-gathering-legacy-friday-night-magic-friday-march-6th-700-pm-toronto-2026,Magic,Toronto Event Tickets,,2026-02-17T17:04:11-05:00,2026-02-17T23:00:57-05:00,https://facetofacegames.com/products/magic-the-gathering-legacy-friday-night-magic-friday-march-6th-700-pm-toronto-2026,https://cdn.shopify.com/s/files/1/0574/4692/4324/files/2e7034ab57d7b706b14be1092128419edf867a9d_Asset_500x_mtg_legacy_friday_en.jpg?v=1742931825,53932629164404,Default Title,EVE-RET-TORONTO-03138,Default Title,,,12.00,12.00,True,,
14952856682868,Magic: the Gathering - Modern Weekly - Tuesday April 14th - 7:00 PM - Toronto [2026],magic-the-gathering-modern-weekly-tuesday-april-14th-700-pm-toronto-2026,Magic,Toronto Event Tickets,,2026-02-17T17:03:58-05:00,2026-02-17T23:00:57-05:00,https://facetofacegames.com/products/magic-the-gathering-modern-weekly-tuesday-april-14th-700-pm-toronto-2026,https://cdn.shopify.com/s/files/1/0574/4692/4324/files/1467057e10469e5f4cedf2e9143ea16df4d95cd9_Asset_500x_mtg_modern_en_1049771b-09fb-44f9-9968-9426a95755a3.jpg?v=1742931857,53932627591540,Default Title,EVE-RET-TORONTO-03066,Default Title,,,12.00,12.00,True,,
14952856650100,Pokémon - Standard Pokemon League - Thursday April 16th - 6:00 PM - Toronto [2026],pokemon-standard-pokemon-league-thursday-april-16th-600-pm-toronto-2026,Pokémon,Toronto Event Tickets,,2026-02-17T17:03:57-05:00,2026-02-17T23:00:57-05:00,https://facetofacegames.com/products/pokemon-standard-pokemon-league-thursday-april-16th-600-pm-toronto-2026,https://cdn.shopify.com/s/files/1/0574/4692/4324/files/5b3025774bde26f96ce76f6e90af8d23a02a87b1_Asset_500x_pokemon_league_thursday_en.jpg?v=1742931828,53932627558772,Default Title,EVE-RET-TORONTO-03119,Default Title,,,6.00,6.00,True,,
14952856551796,Magic: the Gathering - Modern Weekly - Thursday March 26th - 7:00 PM - Toronto [2026],magic-the-gathering-modern-weekly-thursday-march-26th-700-pm-toronto-2026,Magic,Toronto Event Tickets,,2026-02-17T17:03:57-05:00,2026-02-17T23:00:57-05:00,https://facetofacegames.com/products/magic-the-gathering-modern-weekly-thursday-march-26th-700-pm-toronto-2026,https://cdn.shopify.com/s/files/1/0574/4692/4324/files/d8c78f3a751992fbf7e7e4c51979b30370c6c9c4_Asset_500x_mtg_modern_thursday_en.jpg?v=1742931829,53932627526004,Default Title,EVE-RET-TORONTO-03125,Default Title,,,12.00,12.00,True,,
14952855568756,Magic: the Gathering - Modern Weekly - Thursday April 23rd - 7:00 PM - Toronto [2026],magic-the-gathering-modern-weekly-thursday-april-23rd-700-pm-toronto-2026,Magic,Toronto Event Tickets,,2026-02-17T17:03:44-05:00,2026-02-17T23:00:57-05:00,https://facetofacegames.com/products/magic-the-gathering-modern-weekly-thursday-april-23rd-700-pm-toronto-2026,https://cdn.shopify.com/s/files/1/0574/4692/4324/files/d8c78f3a751992fbf7e7e4c51979b30370c6c9c4_Asset_500x_mtg_modern_thursday_en.jpg?v=1742931829,53932626477428,Default Title,EVE-RET-TORONTO-03129,Default Title,,,12.00,12.00,True,,
14952855503220,Magic: the Gathering - Modern Weekly - Thursday April 2nd - 7:00 PM - Toronto [2026],magic-the-gathering-modern-weekly-thursday-april-2nd-700-pm-toronto-2026,Magic,Toronto Event Tickets,,2026-02-17T17:03:43-05:00,2026-02-17T23:00:57-05:00,https://facetofacegames.com/products/magic-the-gathering-modern-weekly-thursday-april-2nd-700-pm-toronto-2026,https://cdn.shopify.com/s/files/1/0574/4692/4324/files/d8c78f3a751992fbf7e7e4c51979b30370c6c9c4_Asset_500x_mtg_modern_thursday_en.jpg?v=1742931829,53932626411892,Default Title,EVE-RET-TORONTO-03126,Default Title,,,12.00,12.00,True,,
14952855044468,Pokémon - Standard Pokemon League - Thursday March 19th - 6:00 PM - Toronto [2026],pokemon-standard-pokemon-league-thursday-march-19th-600-pm-toronto-2026,Pokémon,Toronto Event Tickets,,2026-02-17T17:03:40-05:00,2026-02-17T23:00:57-05:00,https://facetofacegames.com/products/pokemon-standard-pokemon-league-thursday-march-19th-600-pm-toronto-2026,https://cdn.shopify.com/s/files/1/0574/4692/4324/files/5b3025774bde26f96ce76f6e90af8d23a02a87b1_Asset_500x_pokemon_league_thursday_en.jpg?v=1742931828,53932625658228,Default Title,EVE-RET-TORONTO-03115,Default Title,,,6.00,6.00,True,,
14952849965428,Magic: the Gathering - TMNT Draft Friday Night Magic - Friday March 27th - 7:00 PM - Montreal [2026],magic-the-gathering-tmnt-draft-friday-night-magic-friday-march-27th-700-pm-montreal-2026,Magic,Montréal Event Tickets,,2026-02-17T17:03:14-05:00,2026-02-17T23:00:57-05:00,https://facetofacegames.com/products/magic-the-gathering-tmnt-draft-friday-night-magic-friday-march-27th-700-pm-montreal-2026,,53932620611956,Default Title,EVE-RET-MONTREAL-03000,Default Title,,,25.00,25.00,True,,
14952855896436,One Piece - Constructed Weekly - Wednesday March 18th - 6:00 PM - Toronto [2026],one-piece-constructed-weekly-wednesday-march-18th-600-pm-toronto-2026,One Piece,Toronto Event Tickets,,2026-02-17T17:03:47-05:00,2026-02-17T23:00:56-05:00,https://facetofacegames.com/products/one-piece-constructed-weekly-wednesday-march-18th-600-pm-toronto-2026,https://cdn.shopify.com/s/files/1/0574/4692/4324/files/3c6306bf245b1c05a95a0e8210e073670081f046_Asset_500x_onepiece_constructed_en_fb740de0-ee9c-4fd4-81cb-ec2358391667.jpg?v=1750280691,53932626805108,Default Title,EVE-RET-TORONTO-03071,Default Title,,,12.00,12.00,True,,
14952855142772,Pokémon - Standard Pokemon League - Thursday April 2nd - 6:00 PM - Toronto [2026],pokemon-standard-pokemon-league-thursday-april-2nd-600-pm-toronto-2026,Pokémon,Toronto Event Tickets,,2026-02-17T17:03:41-05:00,2026-02-17T23:00:56-05:00,https://facetofacegames.com/products/pokemon-standard-pokemon-league-thursday-april-2nd-600-pm-toronto-2026,https://cdn.shopify.com/s/files/1/0574/4692/4324/files/5b3025774bde26f96ce76f6e90af8d23a02a87b1_Asset_500x_pokemon_league_thursday_en.jpg?v=1742931828,53932625756532,Default Title,EVE-RET-TORONTO-03117,Default Title,,,6.00,6.00,True,,
14952855011700,Pokémon - Standard Pokemon League - Thursday March 12th - 6:00 PM - Toronto [2026],pokemon-standard-pokemon-league-thursday-march-12th-600-pm-toronto-2026,Pokémon,Toronto Event Tickets,,2026-02-17T17:03:39-05:00,2026-02-17T23:00:56-05:00,https://facetofacegames.com/products/pokemon-standard-pokemon-league-thursday-march-12th-600-pm-toronto-2026,https://cdn.shopify.com/s/files/1/0574/4692/4324/files/5b3025774bde26f96ce76f6e90af8d23a02a87b1_Asset_500x_pokemon_league_thursday_en.jpg?v=1742931828,53932625625460,Default Title,EVE-RET-TORONTO-03114,Default Title,,,6.00,6.00,True,,
14952854552948,Yu-Gi-Oh! - Constructed Locals - Wednesday March 18th - 6:30 PM - Toronto [2026],yu-gi-oh-constructed-locals-wednesday-march-18th-630-pm-toronto-2026,Yu-Gi-Oh!,Toronto Event Tickets,,2026-02-17T17:03:35-05:00,2026-02-17T23:00:56-05:00,https://facetofacegames.com/products/yu-gi-oh-constructed-locals-wednesday-march-18th-630-pm-toronto-2026,https://cdn.shopify.com/s/files/1/0574/4692/4324/files/f5ace79658fb4f167dba6ca10892265d0aeea492_Asset_500x_yugioh_wednesday_en.jpg?v=1742931824,53932625166708,Default Title,EVE-RET-TORONTO-03098,Default Title,,,6.00,6.00,True,,
14952852881780,Pokémon - Standard Pokemon League - Saturday March 14th - 11:00 AM - Montreal [2026],pokemon-standard-pokemon-league-saturday-march-14th-1100-am-montreal-2026,Pokémon,Montréal Event Tickets,,2026-02-17T17:03:24-05:00,2026-02-17T23:00:56-05:00,https://facetofacegames.com/products/pokemon-standard-pokemon-league-saturday-march-14th-1100-am-montreal-2026,https://cdn.shopify.com/s/files/1/0574/4692/4324/files/a89e7f8c2f2bda0d1ed7f93cf02be114701e6358_Asset_500x_pokemon_league_fr.jpg?v=1742931861,53932623495540,Default Title,EVE-RET-MONTREAL-03003,Default Title,,,6.00,6.00,True,,
14952850260340,Magic: the Gathering - TMNT Draft Weekly - Saturday April 11th - 1:00 PM - Montreal [2026],magic-the-gathering-tmnt-draft-weekly-saturday-april-11th-100-pm-montreal-2026,Magic,Montréal Event Tickets,,2026-02-17T17:03:14-05:00,2026-02-17T23:00:56-05:00,https://facetofacegames.com/products/magic-the-gathering-tmnt-draft-weekly-saturday-april-11th-100-pm-montreal-2026,,53932620808564,Default Title,EVE-RET-MONTREAL-03013,Default Title,,,25.00,25.00,True,,
14952849932660,Magic: the Gathering - TMNT Draft Friday Night Magic - Friday March 6th - 7:00 PM - Montreal [2026],magic-the-gathering-tmnt-draft-friday-night-magic-friday-march-6th-700-pm-montreal-2026,Magic,Montréal Event Tickets,,2026-02-17T17:03:14-05:00,2026-02-17T23:00:56-05:00,https://facetofacegames.com/products/magic-the-gathering-tmnt-draft-friday-night-magic-friday-march-6th-700-pm-montreal-2026,,53932620513652,Default Title,EVE-RET-MONTREAL-02997,Default Title,,,25.00,25.00,True,,
14952857600372,Magic: the Gathering - Legacy Friday Night Magic - Friday April 3rd - 7:00 PM - Toronto [2026],magic-the-gathering-legacy-friday-night-magic-friday-april-3rd-700-pm-toronto-2026,Magic,Toronto Event Tickets,,2026-02-17T17:04:11-05:00,2026-02-17T23:00:55-05:00,https://facetofacegames.com/products/magic-the-gathering-legacy-friday-night-magic-friday-april-3rd-700-pm-toronto-2026,https://cdn.shopify.com/s/files/1/0574/4692/4324/files/2e7034ab57d7b706b14be1092128419edf867a9d_Asset_500x_mtg_legacy_friday_en.jpg?v=1742931825,53932629197172,Default Title,EVE-RET-TORONTO-03142,Default Title,,,12.00,12.00,True,,
14952856813940,Magic: the Gathering - TMNT Draft Weekly - Sunday March 15th - 4:00 PM - Toronto [2026],magic-the-gathering-tmnt-draft-weekly-sunday-march-15th-400-pm-toronto-2026,Magic,Toronto Event Tickets,,2026-02-17T17:04:00-05:00,2026-02-17T23:00:55-05:00,https://facetofacegames.com/products/magic-the-gathering-tmnt-draft-weekly-sunday-march-15th-400-pm-toronto-2026,,53932627722612,Default Title,EVE-RET-TORONTO-03163,Default Title,,,25.00,25.00,True,,
14952856060276,Magic: the Gathering - Standard Showdown - Tuesday March 10th - 6:30 PM - Toronto [2026],magic-the-gathering-standard-showdown-tuesday-march-10th-630-pm-toronto-2026,Magic,Toronto Event Tickets,,2026-02-17T17:03:49-05:00,2026-02-17T23:00:55-05:00,https://facetofacegames.com/products/magic-the-gathering-standard-showdown-tuesday-march-10th-630-pm-toronto-2026,https://cdn.shopify.com/s/files/1/0574/4692/4324/files/0396ab238865907a21c4a54e52717c3ba34afed6_Asset_500x_mtg_standard_showdown_en.jpg?v=1742931823,53932626936180,Default Title,EVE-RET-TORONTO-03052,Default Title,,,6.00,6.00,True,,
14952855732596,One Piece - Constructed Weekly - Wednesday April 29th - 6:00 PM - Toronto [2026],one-piece-constructed-weekly-wednesday-april-29th-600-pm-toronto-2026,One Piece,Toronto Event Tickets,,2026-02-17T17:03:45-05:00,2026-02-17T23:00:55-05:00,https://facetofacegames.com/products/one-piece-constructed-weekly-wednesday-april-29th-600-pm-toronto-2026,https://cdn.shopify.com/s/files/1/0574/4692/4324/files/3c6306bf245b1c05a95a0e8210e073670081f046_Asset_500x_onepiece_constructed_en_fb740de0-ee9c-4fd4-81cb-ec2358391667.jpg?v=1750280691,53932626641268,Default Title,EVE-RET-TORONTO-03077,Default Title,,,12.00,12.00,True,,
14952855601524,Magic: the Gathering - Modern Weekly - Thursday April 30th - 7:00 PM - Toronto [2026],magic-the-gathering-modern-weekly-thursday-april-30th-700-pm-toronto-2026,Magic,Toronto Event Tickets,,2026-02-17T17:03:44-05:00,2026-02-17T23:00:55-05:00,https://facetofacegames.com/products/magic-the-gathering-modern-weekly-thursday-april-30th-700-pm-toronto-2026,https://cdn.shopify.com/s/files/1/0574/4692/4324/files/d8c78f3a751992fbf7e7e4c51979b30370c6c9c4_Asset_500x_mtg_modern_thursday_en.jpg?v=1742931829,53932626510196,Default Title,EVE-RET-TORONTO-03130,Default Title,,,12.00,12.00,True,,
14952855372148,Magic: the Gathering - Modern Weekly - Thursday March 12th - 7:00 PM - Toronto [2026],magic-the-gathering-modern-weekly-thursday-march-12th-700-pm-toronto-2026,Magic,Toronto Event Tickets,,2026-02-17T17:03:42-05:00,2026-02-17T23:00:55-05:00,https://facetofacegames.com/products/magic-the-gathering-modern-weekly-thursday-march-12th-700-pm-toronto-2026,https://cdn.shopify.com/s/files/1/0574/4692/4324/files/d8c78f3a751992fbf7e7e4c51979b30370c6c9c4_Asset_500x_mtg_modern_thursday_en.jpg?v=1742931829,53932625985908,Default Title,EVE-RET-TORONTO-03123,Default Title,,,12.00,12.00,True,,
14952855339380,Magic: the Gathering - Modern Weekly - Thursday March 19th - 7:00 PM - Toronto [2026],magic-the-gathering-modern-weekly-thursday-march-19th-700-pm-toronto-2026,Magic,Toronto Event Tickets,,2026-02-17T17:03:42-05:00,2026-02-17T23:00:55-05:00,https://facetofacegames.com/products/magic-the-gathering-modern-weekly-thursday-march-19th-700-pm-toronto-2026,https://cdn.shopify.com/s/files/1/0574/4692/4324/files/d8c78f3a751992fbf7e7e4c51979b30370c6c9c4_Asset_500x_mtg_modern_thursday_en.jpg?v=1742931829,53932625953140,Default Title,EVE-RET-TORONTO-03124,Default Title,,,12.00,12.00,True,,
14952855273844,Magic: the Gathering - Modern Weekly - Thursday March 5th - 7:00 PM - Toronto [2026],magic-the-gathering-modern-weekly-thursday-march-5th-700-pm-toronto-2026,Magic,Toronto Event Tickets,,2026-02-17T17:03:42-05:00,2026-02-17T23:00:55-05:00,https://facetofacegames.com/products/magic-the-gathering-modern-weekly-thursday-march-5th-700-pm-toronto-2026,https://cdn.shopify.com/s/files/1/0574/4692/4324/files/d8c78f3a751992fbf7e7e4c51979b30370c6c9c4_Asset_500x_mtg_modern_thursday_en.jpg?v=1742931829,53932625887604,Default Title,EVE-RET-TORONTO-03122,Default Title,,,12.00,12.00,True,,
14952855241076,Pokémon - Standard Pokemon League - Thursday April 30th - 6:00 PM - Toronto [2026],pokemon-standard-pokemon-league-thursday-april-30th-600-pm-toronto-2026,Pokémon,Toronto Event Tickets,,2026-02-17T17:03:41-05:00,2026-02-17T23:00:55-05:00,https://facetofacegames.com/products/pokemon-standard-pokemon-league-thursday-april-30th-600-pm-toronto-2026,https://cdn.shopify.com/s/files/1/0574/4692/4324/files/5b3025774bde26f96ce76f6e90af8d23a02a87b1_Asset_500x_pokemon_league_thursday_en.jpg?v=1742931828,53932625854836,Default Title,EVE-RET-TORONTO-03121,Default Title,,,6.00,6.00,True,,
14952852717940,Magic: the Gathering - Modern Friday Night Magic - Friday March 27th - 6:30 PM - Montreal [2026],magic-the-gathering-modern-friday-night-magic-friday-march-27th-630-pm-montreal-2026,Magic,Montréal Event Tickets,,2026-02-17T17:03:23-05:00,2026-02-17T23:00:55-05:00,https://facetofacegames.com/products/magic-the-gathering-modern-friday-night-magic-friday-march-27th-630-pm-montreal-2026,https://cdn.shopify.com/s/files/1/0574/4692/4324/files/33b82ec4199b1cd6a60fb7b7dc9fdd9d6566f053_Asset_500x_mtg_modern_fnm_fr.jpg?v=1753908490,53932623331700,Default Title,EVE-RET-MONTREAL-02993,Default Title,,,12.00,12.00,True,,
14952849899892,Magic: the Gathering - TMNT Draft Friday Night Magic - Friday March 13th - 7:00 PM - Montreal [2026],magic-the-gathering-tmnt-draft-friday-night-magic-friday-march-13th-700-pm-montreal-2026,Magic,Montréal Event Tickets,,2026-02-17T17:03:14-05:00,2026-02-17T23:00:55-05:00,https://facetofacegames.com/products/magic-the-gathering-tmnt-draft-friday-night-magic-friday-march-13th-700-pm-montreal-2026,,53932620546420,Default Title,EVE-RET-MONTREAL-02998,Default Title,,,25.00,25.00,True,,
14952849867124,Magic: the Gathering - TMNT Draft Friday Night Magic - Friday March 20th - 7:00 PM - Montreal [2026],magic-the-gathering-tmnt-draft-friday-night-magic-friday-march-20th-700-pm-montreal-2026,Magic,Montréal Event Tickets,,2026-02-17T17:03:14-05:00,2026-02-17T23:00:55-05:00,https://facetofacegames.com/products/magic-the-gathering-tmnt-draft-friday-night-magic-friday-march-20th-700-pm-montreal-2026,,53932620480884,Default Title,EVE-RET-MONTREAL-02999,Default Title,,,25.00,25.00,True,,
14952882864500,Riftbound - 1v1 Constructed Nexus Night - Tuesday March 10th - 7:00 PM - Toronto [2026],riftbound-1v1-constructed-nexus-night-tuesday-march-10th-700-pm-toronto-2026,Riftbound,Toronto Event Tickets,,2026-02-17T17:18:12-05:00,2026-02-17T23:00:54-05:00,https://facetofacegames.com/products/riftbound-1v1-constructed-nexus-night-tuesday-march-10th-700-pm-toronto-2026,https://cdn.shopify.com/s/files/1/0574/4692/4324/files/d5beb4eacec2af0119fa363b6f01d72d4ca38bed_Asset_TorontoRiftbound_82a61f17-44f9-42b7-b16e-fba7a0c7bcf2.jpg?v=1771366682,53932691554676,Default Title,EVE-RET-TORONTO-03034,Default Title,,,12.00,12.00,True,,
14952858321268,Yu-Gi-Oh! - Constructed Locals - Saturday April 18th - 12:00 PM - Toronto [2026],yu-gi-oh-constructed-locals-saturday-april-18th-1200-pm-toronto-2026,Yu-Gi-Oh!,Toronto Event Tickets,,2026-02-17T17:04:27-05:00,2026-02-17T23:00:54-05:00,https://facetofacegames.com/products/yu-gi-oh-constructed-locals-saturday-april-18th-1200-pm-toronto-2026,https://cdn.shopify.com/s/files/1/0574/4692/4324/files/fd5348d087f34549100160b3f872100fcd3e69ce_Asset_500x_yugioh_en.jpg?v=1742931817,53932629852532,Default Title,EVE-RET-TORONTO-03152,Default Title,,,6.00,6.00,True,,
14952857567604,Magic: the Gathering - TMNT Draft Weekly - Saturday April 4th - 4:00 PM - Toronto [2026],magic-the-gathering-tmnt-draft-weekly-saturday-april-4th-400-pm-toronto-2026,Magic,Toronto Event Tickets,,2026-02-17T17:04:11-05:00,2026-02-17T23:00:54-05:00,https://facetofacegames.com/products/magic-the-gathering-tmnt-draft-weekly-saturday-april-4th-400-pm-toronto-2026,,53932629131636,Default Title,EVE-RET-TORONTO-03158,Default Title,,,25.00,25.00,True,,
14952856912244,Magic: the Gathering - Modern Weekly - Thursday April 9th - 7:00 PM - Toronto [2026],magic-the-gathering-modern-weekly-thursday-april-9th-700-pm-toronto-2026,Magic,Toronto Event Tickets,,2026-02-17T17:04:01-05:00,2026-02-17T23:00:54-05:00,https://facetofacegames.com/products/magic-the-gathering-modern-weekly-thursday-april-9th-700-pm-toronto-2026,https://cdn.shopify.com/s/files/1/0574/4692/4324/files/d8c78f3a751992fbf7e7e4c51979b30370c6c9c4_Asset_500x_mtg_modern_thursday_en.jpg?v=1742931829,53932627820916,Default Title,EVE-RET-TORONTO-03127,Default Title,,,12.00,12.00,True,,
14952856191348,One Piece - Constructed Weekly - Wednesday March 25th - 6:00 PM - Toronto [2026],one-piece-constructed-weekly-wednesday-march-25th-600-pm-toronto-2026,One Piece,Toronto Event Tickets,,2026-02-17T17:03:52-05:00,2026-02-17T23:00:54-05:00,https://facetofacegames.com/products/one-piece-constructed-weekly-wednesday-march-25th-600-pm-toronto-2026,https://cdn.shopify.com/s/files/1/0574/4692/4324/files/3c6306bf245b1c05a95a0e8210e073670081f046_Asset_500x_onepiece_constructed_en_fb740de0-ee9c-4fd4-81cb-ec2358391667.jpg?v=1750280691,53932627132788,Default Title,EVE-RET-TORONTO-03072,Default Title,,,12.00,12.00,True,,
14952856158580,One Piece - Constructed Weekly - Wednesday March 11th - 6:00 PM - Toronto [2026],one-piece-constructed-weekly-wednesday-march-11th-600-pm-toronto-2026,One Piece,Toronto Event Tickets,,2026-02-17T17:03:51-05:00,2026-02-17T23:00:54-05:00,https://facetofacegames.com/products/one-piece-constructed-weekly-wednesday-march-11th-600-pm-toronto-2026,https://cdn.shopify.com/s/files/1/0574/4692/4324/files/3c6306bf245b1c05a95a0e8210e073670081f046_Asset_500x_onepiece_constructed_en_fb740de0-ee9c-4fd4-81cb-ec2358391667.jpg?v=1750280691,53932627067252,Default Title,EVE-RET-TORONTO-03070,Default Title,,,12.00,12.00,True,,
14952855961972,Pokémon - Standard Pokemon League - Thursday March 26th - 6:00 PM - Toronto [2026],pokemon-standard-pokemon-league-thursday-march-26th-600-pm-toronto-2026,Pokémon,Toronto Event Tickets,,2026-02-17T17:03:47-05:00,2026-02-17T23:00:54-05:00,https://facetofacegames.com/products/pokemon-standard-pokemon-league-thursday-march-26th-600-pm-toronto-2026,https://cdn.shopify.com/s/files/1/0574/4692/4324/files/5b3025774bde26f96ce76f6e90af8d23a02a87b1_Asset_500x_pokemon_league_thursday_en.jpg?v=1742931828,53932626870644,Default Title,EVE-RET-TORONTO-03116,Default Title,,,6.00,6.00,True,,
14952855929204,Magic: the Gathering - Standard Showdown - Tuesday March 3rd - 6:30 PM - Toronto [2026],magic-the-gathering-standard-showdown-tuesday-march-3rd-630-pm-toronto-2026,Magic,Toronto Event Tickets,,2026-02-17T17:03:47-05:00,2026-02-17T23:00:54-05:00,https://facetofacegames.com/products/magic-the-gathering-standard-showdown-tuesday-march-3rd-630-pm-toronto-2026,https://cdn.shopify.com/s/files/1/0574/4692/4324/files/0396ab238865907a21c4a54e52717c3ba34afed6_Asset_500x_mtg_standard_showdown_en.jpg?v=1742931823,53932626837876,Default Title,EVE-RET-TORONTO-03051,Default Title,,,6.00,6.00,True,,
14952855863668,One Piece - Constructed Weekly - Wednesday April 22nd - 6:00 PM - Toronto [2026],one-piece-constructed-weekly-wednesday-april-22nd-600-pm-toronto-2026,One Piece,Toronto Event Tickets,,2026-02-17T17:03:47-05:00,2026-02-17T23:00:54-05:00,https://facetofacegames.com/products/one-piece-constructed-weekly-wednesday-april-22nd-600-pm-toronto-2026,https://cdn.shopify.com/s/files/1/0574/4692/4324/files/3c6306bf245b1c05a95a0e8210e073670081f046_Asset_500x_onepiece_constructed_en_fb740de0-ee9c-4fd4-81cb-ec2358391667.jpg?v=1750280691,53932626772340,Default Title,EVE-RET-TORONTO-03076,Default Title,,,12.00,12.00,True,,
14952855404916,Pokémon - Standard Pokemon League - Thursday March 5th - 6:00 PM - Toronto [2026],pokemon-standard-pokemon-league-thursday-march-5th-600-pm-toronto-2026,Pokémon,Toronto Event Tickets,,2026-02-17T17:03:42-05:00,2026-02-17T23:00:54-05:00,https://facetofacegames.com/products/pokemon-standard-pokemon-league-thursday-march-5th-600-pm-toronto-2026,https://cdn.shopify.com/s/files/1/0574/4692/4324/files/5b3025774bde26f96ce76f6e90af8d23a02a87b1_Asset_500x_pokemon_league_thursday_en.jpg?v=1742931828,53932626018676,Default Title,EVE-RET-TORONTO-03113,Default Title,,,6.00,6.00,True,,
14952854094196,Lorcana - Core Constructed Weekly - Tuesday April 7th - 6:30 PM - Toronto [2026],lorcana-core-constructed-weekly-tuesday-april-7th-630-pm-toronto-2026,Lorcana,Toronto Event Tickets,,2026-02-17T17:03:32-05:00,2026-02-17T23:00:54-05:00,https://facetofacegames.com/products/lorcana-core-constructed-weekly-tuesday-april-7th-630-pm-toronto-2026,https://cdn.shopify.com/s/files/1/0574/4692/4324/files/a2df31c2deefc16a59c1d3c9191d34ea53054846_Asset_500x_lorcana_en.jpg?v=1742931861,53932624740724,Default Title,EVE-RET-TORONTO-03047,Default Title,,,6.00,6.00,True,,
14952852685172,Magic: the Gathering - Modern Friday Night Magic - Friday March 20th - 6:30 PM - Montreal [2026],magic-the-gathering-modern-friday-night-magic-friday-march-20th-630-pm-montreal-2026,Magic,Montréal Event Tickets,,2026-02-17T17:03:23-05:00,2026-02-17T23:00:54-05:00,https://facetofacegames.com/products/magic-the-gathering-modern-friday-night-magic-friday-march-20th-630-pm-montreal-2026,https://cdn.shopify.com/s/files/1/0574/4692/4324/files/33b82ec4199b1cd6a60fb7b7dc9fdd9d6566f053_Asset_500x_mtg_modern_fnm_fr.jpg?v=1753908490,53932623298932,Default Title,EVE-RET-MONTREAL-02992,Default Title,,,12.00,12.00,True,,
14952850096500,Magic: the Gathering - TMNT Draft Weekly - Saturday March 14th - 1:00 PM - Montreal [2026],magic-the-gathering-tmnt-draft-weekly-saturday-march-14th-100-pm-montreal-2026,Magic,Montréal Event Tickets,,2026-02-17T17:03:14-05:00,2026-02-17T23:00:54-05:00,https://facetofacegames.com/products/magic-the-gathering-tmnt-draft-weekly-saturday-march-14th-100-pm-montreal-2026,,53932620710260,Default Title,EVE-RET-MONTREAL-03009,Default Title,,,25.00,25.00,True,,
14952883454324,Magic: the Gathering - Pauper Weekly - Wednesday April 1st - 7:00 PM - Toronto [2026],magic-the-gathering-pauper-weekly-wednesday-april-1st-700-pm-toronto-2026,Magic,Toronto Event Tickets,,2026-02-17T17:18:22-05:00,2026-02-17T23:00:53-05:00,https://facetofacegames.com/products/magic-the-gathering-pauper-weekly-wednesday-april-1st-700-pm-toronto-2026,https://cdn.shopify.com/s/files/1/0574/4692/4324/files/aa0b4c7b8ccb727f78fb5b2d994b9b860c46301e_Asset_TorontoPauper_53b1a03d-79fa-4cf3-b0cc-fa84a8a4a9e7.jpg?v=1771366690,53932692963700,Default Title,EVE-RET-TORONTO-03082,Default Title,,,12.00,12.00,True,,
14952857436532,Magic: the Gathering - Legacy Friday Night Magic - Friday March 20th - 7:00 PM - Toronto [2026],magic-the-gathering-legacy-friday-night-magic-friday-march-20th-700-pm-toronto-2026,Magic,Toronto Event Tickets,,2026-02-17T17:04:09-05:00,2026-02-17T23:00:53-05:00,https://facetofacegames.com/products/magic-the-gathering-legacy-friday-night-magic-friday-march-20th-700-pm-toronto-2026,https://cdn.shopify.com/s/files/1/0574/4692/4324/files/2e7034ab57d7b706b14be1092128419edf867a9d_Asset_500x_mtg_legacy_friday_en.jpg?v=1742931825,53932629033332,Default Title,EVE-RET-TORONTO-03140,Default Title,,,12.00,12.00,True,,
14952856125812,Pokémon - Standard Pokemon League - Thursday April 23rd - 6:00 PM - Toronto [2026],pokemon-standard-pokemon-league-thursday-april-23rd-600-pm-toronto-2026,Pokémon,Toronto Event Tickets,,2026-02-17T17:03:50-05:00,2026-02-17T23:00:53-05:00,https://facetofacegames.com/products/pokemon-standard-pokemon-league-thursday-april-23rd-600-pm-toronto-2026,https://cdn.shopify.com/s/files/1/0574/4692/4324/files/5b3025774bde26f96ce76f6e90af8d23a02a87b1_Asset_500x_pokemon_league_thursday_en.jpg?v=1742931828,53932627034484,Default Title,EVE-RET-TORONTO-03120,Default Title,,,6.00,6.00,True,,
14952855535988,Yu-Gi-Oh! - Constructed Locals - Wednesday April 1st - 6:30 PM - Toronto [2026],yu-gi-oh-constructed-locals-wednesday-april-1st-630-pm-toronto-2026,Yu-Gi-Oh!,Toronto Event Tickets,,2026-02-17T17:03:43-05:00,2026-02-17T23:00:53-05:00,https://facetofacegames.com/products/yu-gi-oh-constructed-locals-wednesday-april-1st-630-pm-toronto-2026,https://cdn.shopify.com/s/files/1/0574/4692/4324/files/f5ace79658fb4f167dba6ca10892265d0aeea492_Asset_500x_yugioh_wednesday_en.jpg?v=1742931824,53932626444660,Default Title,EVE-RET-TORONTO-03100,Default Title,,,6.00,6.00,True,,
14952854585716,Yu-Gi-Oh! - Constructed Locals - Wednesday March 11th - 6:30 PM - Toronto [2026],yu-gi-oh-constructed-locals-wednesday-march-11th-630-pm-toronto-2026,Yu-Gi-Oh!,Toronto Event Tickets,,2026-02-17T17:03:35-05:00,2026-02-17T23:00:53-05:00,https://facetofacegames.com/products/yu-gi-oh-constructed-locals-wednesday-march-11th-630-pm-toronto-2026,https://cdn.shopify.com/s/files/1/0574/4692/4324/files/f5ace79658fb4f167dba6ca10892265d0aeea492_Asset_500x_yugioh_wednesday_en.jpg?v=1742931824,53932625199476,Default Title,EVE-RET-TORONTO-03097,Default Title,,,6.00,6.00,True,,
14952854258036,Lorcana - Core Constructed Weekly - Tuesday April 21st - 6:30 PM - Toronto [2026],lorcana-core-constructed-weekly-tuesday-april-21st-630-pm-toronto-2026,Lorcana,Toronto Event Tickets,,2026-02-17T17:03:33-05:00,2026-02-17T23:00:53-05:00,https://facetofacegames.com/products/lorcana-core-constructed-weekly-tuesday-april-21st-630-pm-toronto-2026,https://cdn.shopify.com/s/files/1/0574/4692/4324/files/a2df31c2deefc16a59c1d3c9191d34ea53054846_Asset_500x_lorcana_en.jpg?v=1742931861,53932624871796,Default Title,EVE-RET-TORONTO-03049,Default Title,,,6.00,6.00,True,,
14952853012852,Pokémon - Standard Pokemon League - Saturday April 25th - 11:00 AM - Montreal [2026],pokemon-standard-pokemon-league-saturday-april-25th-1100-am-montreal-2026,Pokémon,Montréal Event Tickets,,2026-02-17T17:03:24-05:00,2026-02-17T23:00:53-05:00,https://facetofacegames.com/products/pokemon-standard-pokemon-league-saturday-april-25th-1100-am-montreal-2026,https://cdn.shopify.com/s/files/1/0574/4692/4324/files/a89e7f8c2f2bda0d1ed7f93cf02be114701e6358_Asset_500x_pokemon_league_fr.jpg?v=1742931861,53932623626612,Default Title,EVE-RET-MONTREAL-03007,Default Title,,,6.00,6.00,True,,
14952852783476,Magic: the Gathering - Modern Friday Night Magic - Friday April 24th - 6:30 PM - Montreal [2026],magic-the-gathering-modern-friday-night-magic-friday-april-24th-630-pm-montreal-2026,Magic,Montréal Event Tickets,,2026-02-17T17:03:23-05:00,2026-02-17T23:00:53-05:00,https://facetofacegames.com/products/magic-the-gathering-modern-friday-night-magic-friday-april-24th-630-pm-montreal-2026,https://cdn.shopify.com/s/files/1/0574/4692/4324/files/33b82ec4199b1cd6a60fb7b7dc9fdd9d6566f053_Asset_500x_mtg_modern_fnm_fr.jpg?v=1753908490,53932623397236,Default Title,EVE-RET-MONTREAL-02996,Default Title,,,12.00,12.00,True,,
14952881914228,Heavy Play ETB Playmat Art Masters - Lightning Bolt by Phil Stone,heavy-play-etb-playmat-art-masters-lightning-bolt-by-phil-stone,Other,Gaming Supplies,,2026-02-17T17:18:05-05:00,2026-02-18T13:40:17-05:00,https://facetofacegames.com/products/heavy-play-etb-playmat-art-masters-lightning-bolt-by-phil-stone,https://cdn.shopify.com/s/files/1/0574/4692/4324/files/3bef879a52e69279cc24134d76421b53ae42b154_Asset_GAM_PLA_ETB_ART_PSLIGH.png?v=1771367585,53932690571636,Default Title,GAM-PLA-ETB-ART-PSLIGH,Default Title,,,89.99,89.99,False,,
14952881881460,Sleeve Kings Premium Board Game Sleeves - Standard American Size - 57mm X 89mm - 55ct,sleeve-kings-premium-board-game-sleeves-standard-american-size-57mm-x-89mm-55ct,Other,Gaming Supplies,,2026-02-17T17:18:05-05:00,2026-02-18T13:40:17-05:00,https://facetofacegames.com/products/sleeve-kings-premium-board-game-sleeves-standard-american-size-57mm-x-89mm-55ct,https://cdn.shopify.com/s/files/1/0574/4692/4324/files/d8bfec41a02ffb1051c50362c6a50a6437ee86c6_Asset_GAM_SLE_SKS_9903.png?v=1771367585,53932690538868,Default Title,GAM-SLE-SKS-9903,Default Title,,,3.99,3.99,False,,
14952881848692,Heavy Play ETB Playmat Art Masters - Silence by Phil Stone,heavy-play-etb-playmat-art-masters-silence-by-phil-stone,Other,Gaming Supplies,,2026-02-17T17:18:05-05:00,2026-02-18T13:40:17-05:00,https://facetofacegames.com/products/heavy-play-etb-playmat-art-masters-silence-by-phil-stone,https://cdn.shopify.com/s/files/1/0574/4692/4324/files/9d8191f88216d91694cf5865f783c9cd218390bd_Asset_GAM_PLA_ETB_ART_PSSILE.png?v=1771367585,53932690473332,Default Title,GAM-PLA-ETB-ART-PSSILE,Default Title,,,89.99,89.99,False,,
14952881815924,Heavy Play ETB Playmat Art Masters - Lotus by Chris Seaman,heavy-play-etb-playmat-art-masters-lotus-by-chris-seaman,Other,Gaming Supplies,,2026-02-17T17:18:05-05:00,2026-02-18T13:40:17-05:00,https://facetofacegames.com/products/heavy-play-etb-playmat-art-masters-lotus-by-chris-seaman,https://cdn.shopify.com/s/files/1/0574/4692/4324/files/859a0adcb7447b62e4d9c6ee7d942b73b54e4300_Asset_GAM_PLA_ETB_ART_CSLOTU.png?v=1771367587,53932690506100,Default Title,GAM-PLA-ETB-ART-CSLOTU,Default Title,,,89.99,89.99,False,,
14952881783156,Heavy Play ETB Playmat Art Masters - Animate Dead by Phil Stone,heavy-play-etb-playmat-art-masters-animate-dead-by-phil-stone,Other,Gaming Supplies,,2026-02-17T17:18:05-05:00,2026-02-18T13:40:17-05:00,https://facetofacegames.com/products/heavy-play-etb-playmat-art-masters-animate-dead-by-phil-stone,https://cdn.shopify.com/s/files/1/0574/4692/4324/files/30f9c6db275e258bb90bf9e6bbc6e2eda65c67dd_Asset_GAM_PLA_ETB_ART_PSANIM.png?v=1771367585,53932690440564,Default Title,GAM-PLA-ETB-ART-PSANIM,Default Title,,,89.99,89.99,False,,
14953000206708,The Last Ronin's Technique [12] [Teenage Mutant Ninja Turtles] [Non-Foil],the-last-ronins-technique-12-teenage-mutant-ninja-turtles-non-foil,Magic,Singles,,2026-02-17T20:33:04-05:00,2026-02-18T12:20:24-05:00,https://facetofacegames.com/products/the-last-ronins-technique-12-teenage-mutant-ninja-turtles-non-foil,https://cdn.shopify.com/s/files/1/0574/4692/4324/files/d442c9213cb89c69d8b3285f06220586c63a4980_Asset_SIN_MTG_TMT_12_ENG_NF.jpg?v=1771444135,53932872204660,NM,SIN-MTG-TMT-12-ENG-NM-NF,NM,,,0.49,0.49,True,,
14953000206708,The Last Ronin's Technique [12] [Teenage Mutant Ninja Turtles] [Non-Foil],the-last-ronins-technique-12-teenage-mutant-ninja-turtles-non-foil,Magic,Singles,,2026-02-17T20:33:04-05:00,2026-02-18T12:20:24-05:00,https://facetofacegames.com/products/the-last-ronins-technique-12-teenage-mutant-ninja-turtles-non-foil,https://cdn.shopify.com/s/files/1/0574/4692/4324/files/d442c9213cb89c69d8b3285f06220586c63a4980_Asset_SIN_MTG_TMT_12_ENG_NF.jpg?v=1771444135,53932872237428,PL,SIN-MTG-TMT-12-ENG-PL-NF,PL,,,0.00,,False,,
14953000173940,The Last Ronin's Technique [12] [Teenage Mutant Ninja Turtles] [Foil],the-last-ronins-technique-12-teenage-mutant-ninja-turtles-foil,Magic,Singles,,2026-02-17T20:33:04-05:00,2026-02-18T12:20:24-05:00,https://facetofacegames.com/products/the-last-ronins-technique-12-teenage-mutant-ninja-turtles-foil,https://cdn.shopify.com/s/files/1/0574/4692/4324/files/d1110248539263df86c1f13af3da98adbc060a65_Asset_SIN_MTG_TMT_12_ENG_F.jpg?v=1771444134,53932872139124,NM,SIN-MTG-TMT-12-ENG-NM-F,NM,,,0.49,0.49,True,,
14953000173940,The Last Ronin's Technique [12] [Teenage Mutant Ninja Turtles] [Foil],the-last-ronins-technique-12-teenage-mutant-ninja-turtles-foil,Magic,Singles,,2026-02-17T20:33:04-05:00,2026-02-18T12:20:24-05:00,https://facetofacegames.com/products/the-last-ronins-technique-12-teenage-mutant-ninja-turtles-foil,https://cdn.shopify.com/s/files/1/0574/4692/4324/files/d1110248539263df86c1f13af3da98adbc060a65_Asset_SIN_MTG_TMT_12_ENG_F.jpg?v=1771444134,53932872171892,PL,SIN-MTG-TMT-12-ENG-PL-F,PL,,,0.00,,False,,
14928460120436,The Cloning of Shredder [60] [Teenage Mutant Ninja Turtles] [Foil],the-cloning-of-shredder-60-teenage-mutant-ninja-turtles-foil,Magic,Singles,,2026-02-03T16:48:42-05:00,2026-02-18T12:20:24-05:00,https://facetofacegames.com/products/the-cloning-of-shredder-60-teenage-mutant-ninja-turtles-foil,https://cdn.shopify.com/s/files/1/0574/4692/4324/files/4c64ecc39544a964ff71cf7145b036534146939d_Asset_SIN_MTG_TMT_60_ENG_F.jpg?v=1770155311,53880821186932,NM,SIN-MTG-TMT-60-ENG-NM-F,NM,,,12.99,12.99,True,,
14928460120436,The Cloning of Shredder [60] [Teenage Mutant Ninja Turtles] [Foil],the-cloning-of-shredder-60-teenage-mutant-ninja-turtles-foil,Magic,Singles,,2026-02-03T16:48:42-05:00,2026-02-18T12:20:24-05:00,https://facetofacegames.com/products/the-cloning-of-shredder-60-teenage-mutant-ninja-turtles-foil,https://cdn.shopify.com/s/files/1/0574/4692/4324/files/4c64ecc39544a964ff71cf7145b036534146939d_Asset_SIN_MTG_TMT_60_ENG_F.jpg?v=1770155311,53880821219700,PL,SIN-MTG-TMT-60-ENG-PL-F,PL,,,0.00,,False,,
14928458842484,Triceraton Commander [25] [Teenage Mutant Ninja Turtles] [Non-Foil],triceraton-commander-25-teenage-mutant-ninja-turtles-non-foil,Magic,Singles,,2026-02-03T16:48:29-05:00,2026-02-18T12:20:24-05:00,https://facetofacegames.com/products/triceraton-commander-25-teenage-mutant-ninja-turtles-non-foil,https://cdn.shopify.com/s/files/1/0574/4692/4324/files/1af98ca823500095d21b340bd4790071edf45e23_Asset_SIN_MTG_TMT_25_ENG_NF.jpg?v=1770155301,53880818696564,NM,SIN-MTG-TMT-25-ENG-NM-NF,NM,,,9.99,9.99,True,,
14928458842484,Triceraton Commander [25] [Teenage Mutant Ninja Turtles] [Non-Foil],triceraton-commander-25-teenage-mutant-ninja-turtles-non-foil,Magic,Singles,,2026-02-03T16:48:29-05:00,2026-02-18T12:20:24-05:00,https://facetofacegames.com/products/triceraton-commander-25-teenage-mutant-ninja-turtles-non-foil,https://cdn.shopify.com/s/files/1/0574/4692/4324/files/1af98ca823500095d21b340bd4790071edf45e23_Asset_SIN_MTG_TMT_25_ENG_NF.jpg?v=1770155301,53880818729332,PL,SIN-MTG-TMT-25-ENG-PL-NF,PL,,,0.00,,False,,
14928458809716,Triceraton Commander [25] [Teenage Mutant Ninja Turtles] [Foil],triceraton-commander-25-teenage-mutant-ninja-turtles-foil,Magic,Singles,,2026-02-03T16:48:29-05:00,2026-02-18T12:20:24-05:00,https://facetofacegames.com/products/triceraton-commander-25-teenage-mutant-ninja-turtles-foil,https://cdn.shopify.com/s/files/1/0574/4692/4324/files/e1bd4afffc384d2bea22f11862a2cfb69d416203_Asset_SIN_MTG_TMT_25_ENG_F.jpg?v=1770155300,53880818631028,NM,SIN-MTG-TMT-25-ENG-NM-F,NM,,,12.99,12.99,True,,
14928458809716,Triceraton Commander [25] [Teenage Mutant Ninja Turtles] [Foil],triceraton-commander-25-teenage-mutant-ninja-turtles-foil,Magic,Singles,,2026-02-03T16:48:29-05:00,2026-02-18T12:20:24-05:00,https://facetofacegames.com/products/triceraton-commander-25-teenage-mutant-ninja-turtles-foil,https://cdn.shopify.com/s/files/1/0574/4692/4324/files/e1bd4afffc384d2bea22f11862a2cfb69d416203_Asset_SIN_MTG_TMT_25_ENG_F.jpg?v=1770155300,53880818663796,PL,SIN-MTG-TMT-25-ENG-PL-F,PL,,,0.00,,False,,
14928457761140,"Tokka & Rahzar, Terrible Twos [171] [Teenage Mutant Ninja Turtles] [Foil]",tokka-rahzar-terrible-twos-171-teenage-mutant-ninja-turtles-foil,Magic,Singles,,2026-02-03T16:48:26-05:00,2026-02-18T12:20:24-05:00,https://facetofacegames.com/products/tokka-rahzar-terrible-twos-171-teenage-mutant-ninja-turtles-foil,https://cdn.shopify.com/s/files/1/0574/4692/4324/files/c45ccc6289605ffd20c23a21497b38efdf7c1fde_Asset_SIN_MTG_TMT_171_ENG_F.jpg?v=1770155293,53880816533876,NM,SIN-MTG-TMT-171-ENG-NM-F,NM,,,4.99,4.99,True,,
14928457761140,"Tokka & Rahzar, Terrible Twos [171] [Teenage Mutant Ninja Turtles] [Foil]",tokka-rahzar-terrible-twos-171-teenage-mutant-ninja-turtles-foil,Magic,Singles,,2026-02-03T16:48:26-05:00,2026-02-18T12:20:24-05:00,https://facetofacegames.com/products/tokka-rahzar-terrible-twos-171-teenage-mutant-ninja-turtles-foil,https://cdn.shopify.com/s/files/1/0574/4692/4324/files/c45ccc6289605ffd20c23a21497b38efdf7c1fde_Asset_SIN_MTG_TMT_171_ENG_F.jpg?v=1770155293,53880816566644,PL,SIN-MTG-TMT-171-ENG-PL-F,PL,,,0.00,,False,,
14928457728372,"Tokka & Rahzar, Terrible Twos [171] [Teenage Mutant Ninja Turtles] [Non-Foil]",tokka-rahzar-terrible-twos-171-teenage-mutant-ninja-turtles-non-foil,Magic,Singles,,2026-02-03T16:48:26-05:00,2026-02-18T12:20:24-05:00,https://facetofacegames.com/products/tokka-rahzar-terrible-twos-171-teenage-mutant-ninja-turtles-non-foil,https://cdn.shopify.com/s/files/1/0574/4692/4324/files/139c82f99ab953debe30f78e8affdd8e20f3ad88_Asset_SIN_MTG_TMT_171_ENG_NF.jpg?v=1770155292,53880816468340,NM,SIN-MTG-TMT-171-ENG-NM-NF,NM,,,3.99,3.99,True,,
14928457728372,"Tokka & Rahzar, Terrible Twos [171] [Teenage Mutant Ninja Turtles] [Non-Foil]",tokka-rahzar-terrible-twos-171-teenage-mutant-ninja-turtles-non-foil,Magic,Singles,,2026-02-03T16:48:26-05:00,2026-02-18T12:20:24-05:00,https://facetofacegames.com/products/tokka-rahzar-terrible-twos-171-teenage-mutant-ninja-turtles-non-foil,https://cdn.shopify.com/s/files/1/0574/4692/4324/files/139c82f99ab953debe30f78e8affdd8e20f3ad88_Asset_SIN_MTG_TMT_171_ENG_NF.jpg?v=1770155292,53880816501108,PL,SIN-MTG-TMT-171-ENG-PL-NF,PL,,,0.00,,False,,
14928459956596,The Cloning of Shredder [60] [Teenage Mutant Ninja Turtles] [Non-Foil],the-cloning-of-shredder-60-teenage-mutant-ninja-turtles-non-foil,Magic,Singles,,2026-02-03T16:48:42-05:00,2026-02-18T12:20:23-05:00,https://facetofacegames.com/products/the-cloning-of-shredder-60-teenage-mutant-ninja-turtles-non-foil,https://cdn.shopify.com/s/files/1/0574/4692/4324/files/005cbed1ac7931f609a629294ddf95307e20b1af_Asset_SIN_MTG_TMT_60_ENG_NF.jpg?v=1770155312,53880820793716,NM,SIN-MTG-TMT-60-ENG-NM-NF,NM,,,9.99,9.99,True,,
14928459956596,The Cloning of Shredder [60] [Teenage Mutant Ninja Turtles] [Non-Foil],the-cloning-of-shredder-60-teenage-mutant-ninja-turtles-non-foil,Magic,Singles,,2026-02-03T16:48:42-05:00,2026-02-18T12:20:23-05:00,https://facetofacegames.com/products/the-cloning-of-shredder-60-teenage-mutant-ninja-turtles-non-foil,https://cdn.shopify.com/s/files/1/0574/4692/4324/files/005cbed1ac7931f609a629294ddf95307e20b1af_Asset_SIN_MTG_TMT_60_ENG_NF.jpg?v=1770155312,53880820826484,PL,SIN-MTG-TMT-60-ENG-PL-NF,PL,,,0.00,,False,,
14928458023284,Technodrome [179] [Teenage Mutant Ninja Turtles] [Foil],technodrome-179-teenage-mutant-ninja-turtles-foil,Magic,Singles,,2026-02-03T16:48:27-05:00,2026-02-18T12:20:23-05:00,https://facetofacegames.com/products/technodrome-179-teenage-mutant-ninja-turtles-foil,https://cdn.shopify.com/s/files/1/0574/4692/4324/files/a19131e960f9c6d4b777a2d03ab3553d2b149ddf_Asset_SIN_MTG_TMT_179_ENG_F.jpg?v=1770155294,53880817058164,NM,SIN-MTG-TMT-179-ENG-NM-F,NM,,,24.99,24.99,True,,
14928458023284,Technodrome [179] [Teenage Mutant Ninja Turtles] [Foil],technodrome-179-teenage-mutant-ninja-turtles-foil,Magic,Singles,,2026-02-03T16:48:27-05:00,2026-02-18T12:20:23-05:00,https://facetofacegames.com/products/technodrome-179-teenage-mutant-ninja-turtles-foil,https://cdn.shopify.com/s/files/1/0574/4692/4324/files/a19131e960f9c6d4b777a2d03ab3553d2b149ddf_Asset_SIN_MTG_TMT_179_ENG_F.jpg?v=1770155294,53880817090932,PL,SIN-MTG-TMT-179-ENG-PL-F,PL,,,0.00,,False,,
14928457990516,The Ooze [177] [Teenage Mutant Ninja Turtles] [Non-Foil],the-ooze-177-teenage-mutant-ninja-turtles-non-foil,Magic,Singles,,2026-02-03T16:48:27-05:00,2026-02-18T12:20:23-05:00,https://facetofacegames.com/products/the-ooze-177-teenage-mutant-ninja-turtles-non-foil,https://cdn.shopify.com/s/files/1/0574/4692/4324/files/55a7ca01cf87ed60a1ccf7b936b7adb3b277af4d_Asset_SIN_MTG_TMT_177_ENG_NF.jpg?v=1770155295,53880816992628,NM,SIN-MTG-TMT-177-ENG-NM-NF,NM,,,5.99,5.99,True,,
14928457990516,The Ooze [177] [Teenage Mutant Ninja Turtles] [Non-Foil],the-ooze-177-teenage-mutant-ninja-turtles-non-foil,Magic,Singles,,2026-02-03T16:48:27-05:00,2026-02-18T12:20:23-05:00,https://facetofacegames.com/products/the-ooze-177-teenage-mutant-ninja-turtles-non-foil,https://cdn.shopify.com/s/files/1/0574/4692/4324/files/55a7ca01cf87ed60a1ccf7b936b7adb3b277af4d_Asset_SIN_MTG_TMT_177_ENG_NF.jpg?v=1770155295,53880817025396,PL,SIN-MTG-TMT-177-ENG-PL-NF,PL,,,0.00,,False,,
14928457957748,Technodrome [179] [Teenage Mutant Ninja Turtles] [Non-Foil],technodrome-179-teenage-mutant-ninja-turtles-non-foil,Magic,Singles,,2026-02-03T16:48:27-05:00,2026-02-18T12:20:23-05:00,https://facetofacegames.com/products/technodrome-179-teenage-mutant-ninja-turtles-non-foil,https://cdn.shopify.com/s/files/1/0574/4692/4324/files/403f8921b4f3812b14e58522b3ac81c177e52dd5_Asset_SIN_MTG_TMT_179_ENG_NF.jpg?v=1770155295,53880816927092,NM,SIN-MTG-TMT-179-ENG-NM-NF,NM,,,19.99,19.99,True,,
14928457957748,Technodrome [179] [Teenage Mutant Ninja Turtles] [Non-Foil],technodrome-179-teenage-mutant-ninja-turtles-non-foil,Magic,Singles,,2026-02-03T16:48:27-05:00,2026-02-18T12:20:23-05:00,https://facetofacegames.com/products/technodrome-179-teenage-mutant-ninja-turtles-non-foil,https://cdn.shopify.com/s/files/1/0574/4692/4324/files/403f8921b4f3812b14e58522b3ac81c177e52dd5_Asset_SIN_MTG_TMT_179_ENG_NF.jpg?v=1770155295,53880816959860,PL,SIN-MTG-TMT-179-ENG-PL-NF,PL,,,0.00,,False,,
14928457924980,The Ooze [177] [Teenage Mutant Ninja Turtles] [Foil],the-ooze-177-teenage-mutant-ninja-turtles-foil,Magic,Singles,,2026-02-03T16:48:27-05:00,2026-02-18T12:20:23-05:00,https://facetofacegames.com/products/the-ooze-177-teenage-mutant-ninja-turtles-foil,https://cdn.shopify.com/s/files/1/0574/4692/4324/files/80991e5ba1613e027f2ede8af5212970c5e2eb77_Asset_SIN_MTG_TMT_177_ENG_F.jpg?v=1770155294,53880816861556,NM,SIN-MTG-TMT-177-ENG-NM-F,NM,,,7.99,7.99,True,,
14928457924980,The Ooze [177] [Teenage Mutant Ninja Turtles] [Foil],the-ooze-177-teenage-mutant-ninja-turtles-foil,Magic,Singles,,2026-02-03T16:48:27-05:00,2026-02-18T12:20:23-05:00,https://facetofacegames.com/products/the-ooze-177-teenage-mutant-ninja-turtles-foil,https://cdn.shopify.com/s/files/1/0574/4692/4324/files/80991e5ba1613e027f2ede8af5212970c5e2eb77_Asset_SIN_MTG_TMT_177_ENG_F.jpg?v=1770155294,53880816894324,PL,SIN-MTG-TMT-177-ENG-PL-F,PL,,,0.00,,False,,
14928457204084,The Last Ronin [154] [Teenage Mutant Ninja Turtles] [Non-Foil],the-last-ronin-154-teenage-mutant-ninja-turtles-non-foil,Magic,Singles,,2026-02-03T16:48:25-05:00,2026-02-18T12:20:23-05:00,https://facetofacegames.com/products/the-last-ronin-154-teenage-mutant-ninja-turtles-non-foil,https://cdn.shopify.com/s/files/1/0574/4692/4324/files/4a93b4f8cdb408981ddb350d5c14e0e4929b6779_Asset_SIN_MTG_TMT_154_ENG_NF.jpg?v=1770155288,53880815354228,NM,SIN-MTG-TMT-154-ENG-NM-NF,NM,,,5.99,5.99,True,,
14928457204084,The Last Ronin [154] [Teenage Mutant Ninja Turtles] [Non-Foil],the-last-ronin-154-teenage-mutant-ninja-turtles-non-foil,Magic,Singles,,2026-02-03T16:48:25-05:00,2026-02-18T12:20:23-05:00,https://facetofacegames.com/products/the-last-ronin-154-teenage-mutant-ninja-turtles-non-foil,https://cdn.shopify.com/s/files/1/0574/4692/4324/files/4a93b4f8cdb408981ddb350d5c14e0e4929b6779_Asset_SIN_MTG_TMT_154_ENG_NF.jpg?v=1770155288,53880815386996,PL,SIN-MTG-TMT-154-ENG-PL-NF,PL,,,0.00,,False,,
14928457171316,The Last Ronin [154] [Teenage Mutant Ninja Turtles] [Foil],the-last-ronin-154-teenage-mutant-ninja-turtles-foil,Magic,Singles,,2026-02-03T16:48:25-05:00,2026-02-18T12:20:23-05:00,https://facetofacegames.com/products/the-last-ronin-154-teenage-mutant-ninja-turtles-foil,https://cdn.shopify.com/s/files/1/0574/4692/4324/files/fe0727c592f2aa27b04a7e12e2367bc6a009eeed_Asset_SIN_MTG_TMT_154_ENG_F.jpg?v=1770155289,53880815419764,NM,SIN-MTG-TMT-154-ENG-NM-F,NM,,,7.99,7.99,True,,
14928457171316,The Last Ronin [154] [Teenage Mutant Ninja Turtles] [Foil],the-last-ronin-154-teenage-mutant-ninja-turtles-foil,Magic,Singles,,2026-02-03T16:48:25-05:00,2026-02-18T12:20:23-05:00,https://facetofacegames.com/products/the-last-ronin-154-teenage-mutant-ninja-turtles-foil,https://cdn.shopify.com/s/files/1/0574/4692/4324/files/fe0727c592f2aa27b04a7e12e2367bc6a009eeed_Asset_SIN_MTG_TMT_154_ENG_F.jpg?v=1770155289,53880815452532,PL,SIN-MTG-TMT-154-ENG-PL-F,PL,,,0.00,,False,,
14928456712564,Transdimensional Bovine [134] [Teenage Mutant Ninja Turtles] [Non-Foil],transdimensional-bovine-134-teenage-mutant-ninja-turtles-non-foil,Magic,Singles,,2026-02-03T16:48:23-05:00,2026-02-18T12:20:23-05:00,https://facetofacegames.com/products/transdimensional-bovine-134-teenage-mutant-ninja-turtles-non-foil,https://cdn.shopify.com/s/files/1/0574/4692/4324/files/c205b20622225e877553e20535220a813c8953f8_Asset_SIN_MTG_TMT_134_ENG_NF.jpg?v=1770155283,53880814436724,NM,SIN-MTG-TMT-134-ENG-NM-NF,NM,,,3.99,3.99,True,,
14928456712564,Transdimensional Bovine [134] [Teenage Mutant Ninja Turtles] [Non-Foil],transdimensional-bovine-134-teenage-mutant-ninja-turtles-non-foil,Magic,Singles,,2026-02-03T16:48:23-05:00,2026-02-18T12:20:23-05:00,https://facetofacegames.com/products/transdimensional-bovine-134-teenage-mutant-ninja-turtles-non-foil,https://cdn.shopify.com/s/files/1/0574/4692/4324/files/c205b20622225e877553e20535220a813c8953f8_Asset_SIN_MTG_TMT_134_ENG_NF.jpg?v=1770155283,53880814469492,PL,SIN-MTG-TMT-134-ENG-PL-NF,PL,,,0.00,,False,,
14928456679796,Transdimensional Bovine [134] [Teenage Mutant Ninja Turtles] [Foil],transdimensional-bovine-134-teenage-mutant-ninja-turtles-foil,Magic,Singles,,2026-02-03T16:48:23-05:00,2026-02-18T12:20:23-05:00,https://facetofacegames.com/products/transdimensional-bovine-134-teenage-mutant-ninja-turtles-foil,https://cdn.shopify.com/s/files/1/0574/4692/4324/files/101476f79f1e32b90b06cb16500117c11138f3fd_Asset_SIN_MTG_TMT_134_ENG_F.jpg?v=1770155283,53880814371188,NM,SIN-MTG-TMT-134-ENG-NM-F,NM,,,4.99,4.99,True,,
14928456679796,Transdimensional Bovine [134] [Teenage Mutant Ninja Turtles] [Foil],transdimensional-bovine-134-teenage-mutant-ninja-turtles-foil,Magic,Singles,,2026-02-03T16:48:23-05:00,2026-02-18T12:20:23-05:00,https://facetofacegames.com/products/transdimensional-bovine-134-teenage-mutant-ninja-turtles-foil,https://cdn.shopify.com/s/files/1/0574/4692/4324/files/101476f79f1e32b90b06cb16500117c11138f3fd_Asset_SIN_MTG_TMT_134_ENG_F.jpg?v=1770155283,53880814403956,PL,SIN-MTG-TMT-134-ENG-PL-F,PL,,,0.00,,False,,
14953005810036,Shredder's Technique [77] [Teenage Mutant Ninja Turtles] [Non-Foil],shredders-technique-77-teenage-mutant-ninja-turtles-non-foil,Magic,Singles,,2026-02-17T20:34:24-05:00,2026-02-18T12:14:28-05:00,https://facetofacegames.com/products/shredders-technique-77-teenage-mutant-ninja-turtles-non-foil,https://cdn.shopify.com/s/files/1/0574/4692/4324/files/ce67287adcff36bb6468c58b2cbbf591f8f13947_Asset_SIN_MTG_TMT_77_ENG_NF.jpg?v=1771444181,53932883902836,NM,SIN-MTG-TMT-77-ENG-NM-NF,NM,,,0.99,0.99,True,,
14953005810036,Shredder's Technique [77] [Teenage Mutant Ninja Turtles] [Non-Foil],shredders-technique-77-teenage-mutant-ninja-turtles-non-foil,Magic,Singles,,2026-02-17T20:34:24-05:00,2026-02-18T12:14:28-05:00,https://facetofacegames.com/products/shredders-technique-77-teenage-mutant-ninja-turtles-non-foil,https://cdn.shopify.com/s/files/1/0574/4692/4324/files/ce67287adcff36bb6468c58b2cbbf591f8f13947_Asset_SIN_MTG_TMT_77_ENG_NF.jpg?v=1771444181,53932883935604,PL,SIN-MTG-TMT-77-ENG-PL-NF,PL,,,0.00,,False,,
14953005449588,Shredder's Technique [77] [Teenage Mutant Ninja Turtles] [Foil],shredders-technique-77-teenage-mutant-ninja-turtles-foil,Magic,Singles,,2026-02-17T20:34:18-05:00,2026-02-18T12:14:28-05:00,https://facetofacegames.com/products/shredders-technique-77-teenage-mutant-ninja-turtles-foil,https://cdn.shopify.com/s/files/1/0574/4692/4324/files/7ae49ceee92224c11ed06f55da5f4eb39818921b_Asset_SIN_MTG_TMT_77_ENG_F.jpg?v=1771444181,53932882788724,NM,SIN-MTG-TMT-77-ENG-NM-F,NM,,,0.99,0.99,True,,
14953005449588,Shredder's Technique [77] [Teenage Mutant Ninja Turtles] [Foil],shredders-technique-77-teenage-mutant-ninja-turtles-foil,Magic,Singles,,2026-02-17T20:34:18-05:00,2026-02-18T12:14:28-05:00,https://facetofacegames.com/products/shredders-technique-77-teenage-mutant-ninja-turtles-foil,https://cdn.shopify.com/s/files/1/0574/4692/4324/files/7ae49ceee92224c11ed06f55da5f4eb39818921b_Asset_SIN_MTG_TMT_77_ENG_F.jpg?v=1771444181,53932882821492,PL,SIN-MTG-TMT-77-ENG-PL-F,PL,,,0.00,,False,,
14953000534388,Swamp [193] [Full Art] [Rooftop Basic Land] [Teenage Mutant Ninja Turtles] [Non-Foil],swamp-193-full-art-rooftop-basic-land-teenage-mutant-ninja-turtles-non-foil,Magic,Singles,,2026-02-17T20:33:04-05:00,2026-02-18T12:14:28-05:00,https://facetofacegames.com/products/swamp-193-full-art-rooftop-basic-land-teenage-mutant-ninja-turtles-non-foil,https://cdn.shopify.com/s/files/1/0574/4692/4324/files/c16cceaa08174d247c9dad37f24b20c7a0039588_Asset_SIN_MTG_TMT_193_ENG_NF.jpg?v=1771444136,53932872860020,NM,SIN-MTG-TMT-193-ENG-NM-NF,NM,,,0.99,0.99,True,,
14953000534388,Swamp [193] [Full Art] [Rooftop Basic Land] [Teenage Mutant Ninja Turtles] [Non-Foil],swamp-193-full-art-rooftop-basic-land-teenage-mutant-ninja-turtles-non-foil,Magic,Singles,,2026-02-17T20:33:04-05:00,2026-02-18T12:14:28-05:00,https://facetofacegames.com/products/swamp-193-full-art-rooftop-basic-land-teenage-mutant-ninja-turtles-non-foil,https://cdn.shopify.com/s/files/1/0574/4692/4324/files/c16cceaa08174d247c9dad37f24b20c7a0039588_Asset_SIN_MTG_TMT_193_ENG_NF.jpg?v=1771444136,53932872892788,PL,SIN-MTG-TMT-193-ENG-PL-NF,PL,,,0.00,,False,,
14953000042868,Spicy Oatmeal Pizza [109] [Teenage Mutant Ninja Turtles] [Non-Foil],spicy-oatmeal-pizza-109-teenage-mutant-ninja-turtles-non-foil,Magic,Singles,,2026-02-17T20:33:03-05:00,2026-02-18T12:14:28-05:00,https://facetofacegames.com/products/spicy-oatmeal-pizza-109-teenage-mutant-ninja-turtles-non-foil,https://cdn.shopify.com/s/files/1/0574/4692/4324/files/8b9ea377cc82681ff4e610a87f6078741747b605_Asset_SIN_MTG_TMT_109_ENG_NF.jpg?v=1771444131,53932872008052,NM,SIN-MTG-TMT-109-ENG-NM-NF,NM,,,0.49,0.49,True,,
14953000042868,Spicy Oatmeal Pizza [109] [Teenage Mutant Ninja Turtles] [Non-Foil],spicy-oatmeal-pizza-109-teenage-mutant-ninja-turtles-non-foil,Magic,Singles,,2026-02-17T20:33:03-05:00,2026-02-18T12:14:28-05:00,https://facetofacegames.com/products/spicy-oatmeal-pizza-109-teenage-mutant-ninja-turtles-non-foil,https://cdn.shopify.com/s/files/1/0574/4692/4324/files/8b9ea377cc82681ff4e610a87f6078741747b605_Asset_SIN_MTG_TMT_109_ENG_NF.jpg?v=1771444131,53932872040820,PL,SIN-MTG-TMT-109-ENG-PL-NF,PL,,,0.00,,False,,
14928462020980,"Savanti Romero, Time's Exile [72] [Teenage Mutant Ninja Turtles] [Foil]",savanti-romero-times-exile-72-teenage-mutant-ninja-turtles-foil,Magic,Singles,,2026-02-03T16:50:01-05:00,2026-02-18T12:14:28-05:00,https://facetofacegames.com/products/savanti-romero-times-exile-72-teenage-mutant-ninja-turtles-foil,https://cdn.shopify.com/s/files/1/0574/4692/4324/files/c8ccecc39c2ef39672bc1a9fe20b8fbc37b29ed5_Asset_SIN_MTG_TMT_72_ENG_F.jpg?v=1770155312,53880823906676,NM,SIN-MTG-TMT-72-ENG-NM-F,NM,,,4.99,4.99,True,,
14928462020980,"Savanti Romero, Time's Exile [72] [Teenage Mutant Ninja Turtles] [Foil]",savanti-romero-times-exile-72-teenage-mutant-ninja-turtles-foil,Magic,Singles,,2026-02-03T16:50:01-05:00,2026-02-18T12:14:28-05:00,https://facetofacegames.com/products/savanti-romero-times-exile-72-teenage-mutant-ninja-turtles-foil,https://cdn.shopify.com/s/files/1/0574/4692/4324/files/c8ccecc39c2ef39672bc1a9fe20b8fbc37b29ed5_Asset_SIN_MTG_TMT_72_ENG_F.jpg?v=1770155312,53880823939444,PL,SIN-MTG-TMT-72-ENG-PL-F,PL,,,0.00,,False,,
14928461758836,"Savanti Romero, Time's Exile [72] [Teenage Mutant Ninja Turtles] [Non-Foil]",savanti-romero-times-exile-72-teenage-mutant-ninja-turtles-non-foil,Magic,Singles,,2026-02-03T16:49:35-05:00,2026-02-18T12:14:28-05:00,https://facetofacegames.com/products/savanti-romero-times-exile-72-teenage-mutant-ninja-turtles-non-foil,https://cdn.shopify.com/s/files/1/0574/4692/4324/files/78741dffd98745c0e46f68e5433e1bc32fd6287b_Asset_SIN_MTG_TMT_72_ENG_NF.jpg?v=1770155312,53880823611764,NM,SIN-MTG-TMT-72-ENG-NM-NF,NM,,,3.99,3.99,True,,
14928461758836,"Savanti Romero, Time's Exile [72] [Teenage Mutant Ninja Turtles] [Non-Foil]",savanti-romero-times-exile-72-teenage-mutant-ninja-turtles-non-foil,Magic,Singles,,2026-02-03T16:49:35-05:00,2026-02-18T12:14:28-05:00,https://facetofacegames.com/products/savanti-romero-times-exile-72-teenage-mutant-ninja-turtles-non-foil,https://cdn.shopify.com/s/files/1/0574/4692/4324/files/78741dffd98745c0e46f68e5433e1bc32fd6287b_Asset_SIN_MTG_TMT_72_ENG_NF.jpg?v=1770155312,53880823644532,PL,SIN-MTG-TMT-72-ENG-PL-NF,PL,,,0.00,,False,,
14928461169012,Super Shredder [83] [Teenage Mutant Ninja Turtles] [Non-Foil],super-shredder-83-teenage-mutant-ninja-turtles-non-foil,Magic,Singles,,2026-02-03T16:49:08-05:00,2026-02-18T12:14:28-05:00,https://facetofacegames.com/products/super-shredder-83-teenage-mutant-ninja-turtles-non-foil,https://cdn.shopify.com/s/files/1/0574/4692/4324/files/96d111659a78b6e30ddd863cbbc9b18afbf95c96_Asset_SIN_MTG_TMT_83_ENG_NF.jpg?v=1770155317,53880822923636,NM,SIN-MTG-TMT-83-ENG-NM-NF,NM,,,44.99,44.99,True,,
14928461169012,Super Shredder [83] [Teenage Mutant Ninja Turtles] [Non-Foil],super-shredder-83-teenage-mutant-ninja-turtles-non-foil,Magic,Singles,,2026-02-03T16:49:08-05:00,2026-02-18T12:14:28-05:00,https://facetofacegames.com/products/super-shredder-83-teenage-mutant-ninja-turtles-non-foil,https://cdn.shopify.com/s/files/1/0574/4692/4324/files/96d111659a78b6e30ddd863cbbc9b18afbf95c96_Asset_SIN_MTG_TMT_83_ENG_NF.jpg?v=1770155317,53880822956404,PL,SIN-MTG-TMT-83-ENG-PL-NF,PL,,,0.00,,False,,
14928460644724,Super Shredder [83] [Teenage Mutant Ninja Turtles] [Foil],super-shredder-83-teenage-mutant-ninja-turtles-foil,Magic,Singles,,2026-02-03T16:49:01-05:00,2026-02-18T12:14:28-05:00,https://facetofacegames.com/products/super-shredder-83-teenage-mutant-ninja-turtles-foil,https://cdn.shopify.com/s/files/1/0574/4692/4324/files/965ad4ec07d12ac6ded4e951ff09d35b78fb6d81_Asset_SIN_MTG_TMT_83_ENG_F.jpg?v=1770155316,53880822006132,NM,SIN-MTG-TMT-83-ENG-NM-F,NM,,,54.99,54.99,True,,
14928460644724,Super Shredder [83] [Teenage Mutant Ninja Turtles] [Foil],super-shredder-83-teenage-mutant-ninja-turtles-foil,Magic,Singles,,2026-02-03T16:49:01-05:00,2026-02-18T12:14:28-05:00,https://facetofacegames.com/products/super-shredder-83-teenage-mutant-ninja-turtles-foil,https://cdn.shopify.com/s/files/1/0574/4692/4324/files/965ad4ec07d12ac6ded4e951ff09d35b78fb6d81_Asset_SIN_MTG_TMT_83_ENG_F.jpg?v=1770155316,53880822038900,PL,SIN-MTG-TMT-83-ENG-PL-F,PL,,,0.00,,False,,
14928460579188,South Wind Avatar [78] [Teenage Mutant Ninja Turtles] [Non-Foil],south-wind-avatar-78-teenage-mutant-ninja-turtles-non-foil,Magic,Singles,,2026-02-03T16:48:59-05:00,2026-02-18T12:14:28-05:00,https://facetofacegames.com/products/south-wind-avatar-78-teenage-mutant-ninja-turtles-non-foil,https://cdn.shopify.com/s/files/1/0574/4692/4324/files/dfdbea6ed5491264d58e92e6291dc7f7a86137e2_Asset_SIN_MTG_TMT_78_ENG_NF.jpg?v=1770155313,53880821776756,NM,SIN-MTG-TMT-78-ENG-NM-NF,NM,,,4.99,4.99,True,,
14928460579188,South Wind Avatar [78] [Teenage Mutant Ninja Turtles] [Non-Foil],south-wind-avatar-78-teenage-mutant-ninja-turtles-non-foil,Magic,Singles,,2026-02-03T16:48:59-05:00,2026-02-18T12:14:28-05:00,https://facetofacegames.com/products/south-wind-avatar-78-teenage-mutant-ninja-turtles-non-foil,https://cdn.shopify.com/s/files/1/0574/4692/4324/files/dfdbea6ed5491264d58e92e6291dc7f7a86137e2_Asset_SIN_MTG_TMT_78_ENG_NF.jpg?v=1770155313,53880821809524,PL,SIN-MTG-TMT-78-ENG-PL-NF,PL,,,0.00,,False,,
14928458711412,Swamp [255] [Full Art] [Pizza Basic Land ] [Teenage Mutant Ninja Turtles] [Non-Foil],swamp-255-full-art-pizza-basic-land-teenage-mutant-ninja-turtles-non-foil,Magic,Singles,,2026-02-03T16:48:28-05:00,2026-02-18T12:14:28-05:00,https://facetofacegames.com/products/swamp-255-full-art-pizza-basic-land-teenage-mutant-ninja-turtles-non-foil,https://cdn.shopify.com/s/files/1/0574/4692/4324/files/2795c3dd3ba493ea0339da4913fda0fd02ad7593_Asset_SIN_MTG_TMT_255_ENG_NF.jpg?v=1770155299,53880818499956,NM,SIN-MTG-TMT-255-ENG-NM-NF,NM,,,0.99,0.99,True,,
14928458711412,Swamp [255] [Full Art] [Pizza Basic Land ] [Teenage Mutant Ninja Turtles] [Non-Foil],swamp-255-full-art-pizza-basic-land-teenage-mutant-ninja-turtles-non-foil,Magic,Singles,,2026-02-03T16:48:28-05:00,2026-02-18T12:14:28-05:00,https://facetofacegames.com/products/swamp-255-full-art-pizza-basic-land-teenage-mutant-ninja-turtles-non-foil,https://cdn.shopify.com/s/files/1/0574/4692/4324/files/2795c3dd3ba493ea0339da4913fda0fd02ad7593_Asset_SIN_MTG_TMT_255_ENG_NF.jpg?v=1770155299,53880818532724,PL,SIN-MTG-TMT-255-ENG-PL-NF,PL,,,0.00,,False,,
14928457859444,"Splinter, Radical Rat [169] [Teenage Mutant Ninja Turtles] [Non-Foil]",splinter-radical-rat-169-teenage-mutant-ninja-turtles-non-foil,Magic,Singles,,2026-02-03T16:48:27-05:00,2026-02-18T12:14:28-05:00,https://facetofacegames.com/products/splinter-radical-rat-169-teenage-mutant-ninja-turtles-non-foil,https://cdn.shopify.com/s/files/1/0574/4692/4324/files/38ed93d9394c060a7c87aecacd2e76f6cfed1b77_Asset_SIN_MTG_TMT_169_ENG_NF.jpg?v=1770155292,53880816664948,NM,SIN-MTG-TMT-169-ENG-NM-NF,NM,,,5.99,5.99,True,,
14928457859444,"Splinter, Radical Rat [169] [Teenage Mutant Ninja Turtles] [Non-Foil]",splinter-radical-rat-169-teenage-mutant-ninja-turtles-non-foil,Magic,Singles,,2026-02-03T16:48:27-05:00,2026-02-18T12:14:28-05:00,https://facetofacegames.com/products/splinter-radical-rat-169-teenage-mutant-ninja-turtles-non-foil,https://cdn.shopify.com/s/files/1/0574/4692/4324/files/38ed93d9394c060a7c87aecacd2e76f6cfed1b77_Asset_SIN_MTG_TMT_169_ENG_NF.jpg?v=1770155292,53880816697716,PL,SIN-MTG-TMT-169-ENG-PL-NF,PL,,,0.00,,False,,
14953004761460,Shredder's Revenge [76] [Teenage Mutant Ninja Turtles] [Non-Foil],shredders-revenge-76-teenage-mutant-ninja-turtles-non-foil,Magic,Singles,,2026-02-17T20:34:12-05:00,2026-02-18T12:14:27-05:00,https://facetofacegames.com/products/shredders-revenge-76-teenage-mutant-ninja-turtles-non-foil,https://cdn.shopify.com/s/files/1/0574/4692/4324/files/3afb8060c44921fcf42c59f44123ce1b665a86fb_Asset_SIN_MTG_TMT_76_ENG_NF.jpg?v=1771444188,53932881248628,NM,SIN-MTG-TMT-76-ENG-NM-NF,NM,,,0.49,0.49,True,,
14953004761460,Shredder's Revenge [76] [Teenage Mutant Ninja Turtles] [Non-Foil],shredders-revenge-76-teenage-mutant-ninja-turtles-non-foil,Magic,Singles,,2026-02-17T20:34:12-05:00,2026-02-18T12:14:27-05:00,https://facetofacegames.com/products/shredders-revenge-76-teenage-mutant-ninja-turtles-non-foil,https://cdn.shopify.com/s/files/1/0574/4692/4324/files/3afb8060c44921fcf42c59f44123ce1b665a86fb_Asset_SIN_MTG_TMT_76_ENG_NF.jpg?v=1771444188,53932881281396,PL,SIN-MTG-TMT-76-ENG-PL-NF,PL,,,0.00,,False,,
14953000501620,Swamp [193] [Full Art] [Rooftop Basic Land] [Teenage Mutant Ninja Turtles] [Foil],swamp-193-full-art-rooftop-basic-land-teenage-mutant-ninja-turtles-foil,Magic,Singles,,2026-02-17T20:33:04-05:00,2026-02-18T12:14:27-05:00,https://facetofacegames.com/products/swamp-193-full-art-rooftop-basic-land-teenage-mutant-ninja-turtles-foil,https://cdn.shopify.com/s/files/1/0574/4692/4324/files/c91931d32c23a3deb90063bdda1384350e11c6e3_Asset_SIN_MTG_TMT_193_ENG_F.jpg?v=1771444135,53932872597876,NM,SIN-MTG-TMT-193-ENG-NM-F,NM,,,1.49,1.49,True,,
14953000501620,Swamp [193] [Full Art] [Rooftop Basic Land] [Teenage Mutant Ninja Turtles] [Foil],swamp-193-full-art-rooftop-basic-land-teenage-mutant-ninja-turtles-foil,Magic,Singles,,2026-02-17T20:33:04-05:00,2026-02-18T12:14:27-05:00,https://facetofacegames.com/products/swamp-193-full-art-rooftop-basic-land-teenage-mutant-ninja-turtles-foil,https://cdn.shopify.com/s/files/1/0574/4692/4324/files/c91931d32c23a3deb90063bdda1384350e11c6e3_Asset_SIN_MTG_TMT_193_ENG_F.jpg?v=1771444135,53932872630644,PL,SIN-MTG-TMT-193-ENG-PL-F,PL,,,0.00,,False,,
14952999879028,"Raphael, Tough Turtle [104] [Teenage Mutant Ninja Turtles] [Foil]",raphael-tough-turtle-104-teenage-mutant-ninja-turtles-foil,Magic,Singles,,2026-02-17T20:33:03-05:00,2026-02-18T12:14:27-05:00,https://facetofacegames.com/products/raphael-tough-turtle-104-teenage-mutant-ninja-turtles-foil,https://cdn.shopify.com/s/files/1/0574/4692/4324/files/7785f82a04d3ea356764ca14f337ac43835aa877_Asset_SIN_MTG_TMT_104_ENG_F.jpg?v=1771444132,53932871549300,NM,SIN-MTG-TMT-104-ENG-NM-F,NM,,,0.99,0.99,True,,
14952999879028,"Raphael, Tough Turtle [104] [Teenage Mutant Ninja Turtles] [Foil]",raphael-tough-turtle-104-teenage-mutant-ninja-turtles-foil,Magic,Singles,,2026-02-17T20:33:03-05:00,2026-02-18T12:14:27-05:00,https://facetofacegames.com/products/raphael-tough-turtle-104-teenage-mutant-ninja-turtles-foil,https://cdn.shopify.com/s/files/1/0574/4692/4324/files/7785f82a04d3ea356764ca14f337ac43835aa877_Asset_SIN_MTG_TMT_104_ENG_F.jpg?v=1771444132,53932871582068,PL,SIN-MTG-TMT-104-ENG-PL-F,PL,,,0.00,,False,,
14952999846260,Spicy Oatmeal Pizza [109] [Teenage Mutant Ninja Turtles] [Foil],spicy-oatmeal-pizza-109-teenage-mutant-ninja-turtles-foil,Magic,Singles,,2026-02-17T20:33:03-05:00,2026-02-18T12:14:27-05:00,https://facetofacegames.com/products/spicy-oatmeal-pizza-109-teenage-mutant-ninja-turtles-foil,https://cdn.shopify.com/s/files/1/0574/4692/4324/files/dd142cc819595af07c38d0b1873e6d70c769afdd_Asset_SIN_MTG_TMT_109_ENG_F.jpg?v=1771444131,53932871483764,NM,SIN-MTG-TMT-109-ENG-NM-F,NM,,,0.49,0.49,True,,
14952999846260,Spicy Oatmeal Pizza [109] [Teenage Mutant Ninja Turtles] [Foil],spicy-oatmeal-pizza-109-teenage-mutant-ninja-turtles-foil,Magic,Singles,,2026-02-17T20:33:03-05:00,2026-02-18T12:14:27-05:00,https://facetofacegames.com/products/spicy-oatmeal-pizza-109-teenage-mutant-ninja-turtles-foil,https://cdn.shopify.com/s/files/1/0574/4692/4324/files/dd142cc819595af07c38d0b1873e6d70c769afdd_Asset_SIN_MTG_TMT_109_ENG_F.jpg?v=1771444131,53932871516532,PL,SIN-MTG-TMT-109-ENG-PL-F,PL,,,0.00,,False,,
14928460775796,Splinter's Technique [80] [Teenage Mutant Ninja Turtles] [Non-Foil],splinters-technique-80-teenage-mutant-ninja-turtles-non-foil,Magic,Singles,,2026-02-03T16:49:03-05:00,2026-02-18T12:14:27-05:00,https://facetofacegames.com/products/splinters-technique-80-teenage-mutant-ninja-turtles-non-foil,https://cdn.shopify.com/s/files/1/0574/4692/4324/files/842c5f9f5c7e27df009f620a2e88c414e8989f14_Asset_SIN_MTG_TMT_80_ENG_NF.jpg?v=1770155315,53880822202740,NM,SIN-MTG-TMT-80-ENG-NM-NF,NM,,,12.99,12.99,True,,
14928460775796,Splinter's Technique [80] [Teenage Mutant Ninja Turtles] [Non-Foil],splinters-technique-80-teenage-mutant-ninja-turtles-non-foil,Magic,Singles,,2026-02-03T16:49:03-05:00,2026-02-18T12:14:27-05:00,https://facetofacegames.com/products/splinters-technique-80-teenage-mutant-ninja-turtles-non-foil,https://cdn.shopify.com/s/files/1/0574/4692/4324/files/842c5f9f5c7e27df009f620a2e88c414e8989f14_Asset_SIN_MTG_TMT_80_ENG_NF.jpg?v=1770155315,53880822235508,PL,SIN-MTG-TMT-80-ENG-PL-NF,PL,,,0.00,,False,,
14928460546420,Splinter's Technique [80] [Teenage Mutant Ninja Turtles] [Foil],splinters-technique-80-teenage-mutant-ninja-turtles-foil,Magic,Singles,,2026-02-03T16:48:59-05:00,2026-02-18T12:14:27-05:00,https://facetofacegames.com/products/splinters-technique-80-teenage-mutant-ninja-turtles-foil,https://cdn.shopify.com/s/files/1/0574/4692/4324/files/43d0f704ff9953cb8f78dd55db8dedb1010f4941_Asset_SIN_MTG_TMT_80_ENG_F.jpg?v=1770155315,53880821907828,NM,SIN-MTG-TMT-80-ENG-NM-F,NM,,,14.99,14.99,True,,
14928460546420,Splinter's Technique [80] [Teenage Mutant Ninja Turtles] [Foil],splinters-technique-80-teenage-mutant-ninja-turtles-foil,Magic,Singles,,2026-02-03T16:48:59-05:00,2026-02-18T12:14:27-05:00,https://facetofacegames.com/products/splinters-technique-80-teenage-mutant-ninja-turtles-foil,https://cdn.shopify.com/s/files/1/0574/4692/4324/files/43d0f704ff9953cb8f78dd55db8dedb1010f4941_Asset_SIN_MTG_TMT_80_ENG_F.jpg?v=1770155315,53880821940596,PL,SIN-MTG-TMT-80-ENG-PL-F,PL,,,0.00,,False,,
14928460513652,South Wind Avatar [78] [Teenage Mutant Ninja Turtles] [Foil],south-wind-avatar-78-teenage-mutant-ninja-turtles-foil,Magic,Singles,,2026-02-03T16:48:59-05:00,2026-02-18T12:14:27-05:00,https://facetofacegames.com/products/south-wind-avatar-78-teenage-mutant-ninja-turtles-foil,https://cdn.shopify.com/s/files/1/0574/4692/4324/files/d7a9ff2a0a2fbad7edfa24bf8b1122433e2f98a8_Asset_SIN_MTG_TMT_78_ENG_F.jpg?v=1770155313,53880821842292,NM,SIN-MTG-TMT-78-ENG-NM-F,NM,,,6.99,6.99,True,,
14928460513652,South Wind Avatar [78] [Teenage Mutant Ninja Turtles] [Foil],south-wind-avatar-78-teenage-mutant-ninja-turtles-foil,Magic,Singles,,2026-02-03T16:48:59-05:00,2026-02-18T12:14:27-05:00,https://facetofacegames.com/products/south-wind-avatar-78-teenage-mutant-ninja-turtles-foil,https://cdn.shopify.com/s/files/1/0574/4692/4324/files/d7a9ff2a0a2fbad7edfa24bf8b1122433e2f98a8_Asset_SIN_MTG_TMT_78_ENG_F.jpg?v=1770155313,53880821875060,PL,SIN-MTG-TMT-78-ENG-PL-F,PL,,,0.00,,False,,
14928460349812,"Rat King, Verminister [71] [Teenage Mutant Ninja Turtles] [Foil]",rat-king-verminister-71-teenage-mutant-ninja-turtles-foil,Magic,Singles,,2026-02-03T16:48:43-05:00,2026-02-18T12:14:27-05:00,https://facetofacegames.com/products/rat-king-verminister-71-teenage-mutant-ninja-turtles-foil,https://cdn.shopify.com/s/files/1/0574/4692/4324/files/c9c50dab0ffe04ff20915321703b39a79503386c_Asset_SIN_MTG_TMT_71_ENG_F.jpg?v=1770155312,53880821580148,NM,SIN-MTG-TMT-71-ENG-NM-F,NM,,,4.99,4.99,True,,
14928460349812,"Rat King, Verminister [71] [Teenage Mutant Ninja Turtles] [Foil]",rat-king-verminister-71-teenage-mutant-ninja-turtles-foil,Magic,Singles,,2026-02-03T16:48:43-05:00,2026-02-18T12:14:27-05:00,https://facetofacegames.com/products/rat-king-verminister-71-teenage-mutant-ninja-turtles-foil,https://cdn.shopify.com/s/files/1/0574/4692/4324/files/c9c50dab0ffe04ff20915321703b39a79503386c_Asset_SIN_MTG_TMT_71_ENG_F.jpg?v=1770155312,53880821612916,PL,SIN-MTG-TMT-71-ENG-PL-F,PL,,,0.00,,False,,
14928460317044,"Rat King, Verminister [71] [Teenage Mutant Ninja Turtles] [Non-Foil]",rat-king-verminister-71-teenage-mutant-ninja-turtles-non-foil,Magic,Singles,,2026-02-03T16:48:43-05:00,2026-02-18T12:14:27-05:00,https://facetofacegames.com/products/rat-king-verminister-71-teenage-mutant-ninja-turtles-non-foil,https://cdn.shopify.com/s/files/1/0574/4692/4324/files/364a593a9e4daa5c7ffb4f7dd9a71b22332a5527_Asset_SIN_MTG_TMT_71_ENG_NF.jpg?v=1770155312,53880821514612,NM,SIN-MTG-TMT-71-ENG-NM-NF,NM,,,3.99,3.99,True,,
14928460317044,"Rat King, Verminister [71] [Teenage Mutant Ninja Turtles] [Non-Foil]",rat-king-verminister-71-teenage-mutant-ninja-turtles-non-foil,Magic,Singles,,2026-02-03T16:48:43-05:00,2026-02-18T12:14:27-05:00,https://facetofacegames.com/products/rat-king-verminister-71-teenage-mutant-ninja-turtles-non-foil,https://cdn.shopify.com/s/files/1/0574/4692/4324/files/364a593a9e4daa5c7ffb4f7dd9a71b22332a5527_Asset_SIN_MTG_TMT_71_ENG_NF.jpg?v=1770155312,53880821547380,PL,SIN-MTG-TMT-71-ENG-PL-NF,PL,,,0.00,,False,,
14928459989364,"Renet, Temporal Apprentice [50] [Teenage Mutant Ninja Turtles] [Non-Foil]",renet-temporal-apprentice-50-teenage-mutant-ninja-turtles-non-foil,Magic,Singles,,2026-02-03T16:48:42-05:00,2026-02-18T12:14:27-05:00,https://facetofacegames.com/products/renet-temporal-apprentice-50-teenage-mutant-ninja-turtles-non-foil,https://cdn.shopify.com/s/files/1/0574/4692/4324/files/162b098cbe4befab93492741d0cde57b039de8a1_Asset_SIN_MTG_TMT_50_ENG_NF.jpg?v=1770155311,53880820859252,NM,SIN-MTG-TMT-50-ENG-NM-NF,NM,,,1.99,1.99,True,,
14928459989364,"Renet, Temporal Apprentice [50] [Teenage Mutant Ninja Turtles] [Non-Foil]",renet-temporal-apprentice-50-teenage-mutant-ninja-turtles-non-foil,Magic,Singles,,2026-02-03T16:48:42-05:00,2026-02-18T12:14:27-05:00,https://facetofacegames.com/products/renet-temporal-apprentice-50-teenage-mutant-ninja-turtles-non-foil,https://cdn.shopify.com/s/files/1/0574/4692/4324/files/162b098cbe4befab93492741d0cde57b039de8a1_Asset_SIN_MTG_TMT_50_ENG_NF.jpg?v=1770155311,53880820892020,PL,SIN-MTG-TMT-50-ENG-PL-NF,PL,,,0.00,,False,,
14928458645876,Swamp [255] [Full Art] [Pizza Basic Land ] [Teenage Mutant Ninja Turtles] [Foil],swamp-255-full-art-pizza-basic-land-teenage-mutant-ninja-turtles-foil,Magic,Singles,,2026-02-03T16:48:28-05:00,2026-02-18T12:14:27-05:00,https://facetofacegames.com/products/swamp-255-full-art-pizza-basic-land-teenage-mutant-ninja-turtles-foil,https://cdn.shopify.com/s/files/1/0574/4692/4324/files/010a6f754dddab019bfe2ff69ebd480a570551ca_Asset_SIN_MTG_TMT_255_ENG_F.jpg?v=1770155299,53880818303348,NM,SIN-MTG-TMT-255-ENG-NM-F,NM,,,1.49,1.49,True,,
14928458645876,Swamp [255] [Full Art] [Pizza Basic Land ] [Teenage Mutant Ninja Turtles] [Foil],swamp-255-full-art-pizza-basic-land-teenage-mutant-ninja-turtles-foil,Magic,Singles,,2026-02-03T16:48:28-05:00,2026-02-18T12:14:27-05:00,https://facetofacegames.com/products/swamp-255-full-art-pizza-basic-land-teenage-mutant-ninja-turtles-foil,https://cdn.shopify.com/s/files/1/0574/4692/4324/files/010a6f754dddab019bfe2ff69ebd480a570551ca_Asset_SIN_MTG_TMT_255_ENG_F.jpg?v=1770155299,53880818336116,PL,SIN-MTG-TMT-255-ENG-PL-F,PL,,,0.00,,False,,
14928457597300,"Splinter, Radical Rat [169] [Teenage Mutant Ninja Turtles] [Foil]",splinter-radical-rat-169-teenage-mutant-ninja-turtles-foil,Magic,Singles,,2026-02-03T16:48:26-05:00,2026-02-18T12:14:27-05:00,https://facetofacegames.com/products/splinter-radical-rat-169-teenage-mutant-ninja-turtles-foil,https://cdn.shopify.com/s/files/1/0574/4692/4324/files/7497b7d078b41fbeff70f56058e07d0b573a5140_Asset_SIN_MTG_TMT_169_ENG_F.jpg?v=1770155292,53880816206196,NM,SIN-MTG-TMT-169-ENG-NM-F,NM,,,7.99,7.99,True,,
14928457597300,"Splinter, Radical Rat [169] [Teenage Mutant Ninja Turtles] [Foil]",splinter-radical-rat-169-teenage-mutant-ninja-turtles-foil,Magic,Singles,,2026-02-03T16:48:26-05:00,2026-02-18T12:14:27-05:00,https://facetofacegames.com/products/splinter-radical-rat-169-teenage-mutant-ninja-turtles-foil,https://cdn.shopify.com/s/files/1/0574/4692/4324/files/7497b7d078b41fbeff70f56058e07d0b573a5140_Asset_SIN_MTG_TMT_169_ENG_F.jpg?v=1770155292,53880816238964,PL,SIN-MTG-TMT-169-ENG-PL-F,PL,,,0.00,,False,,
14928455991668,Ravenous Robots [106] [Teenage Mutant Ninja Turtles] [Foil],ravenous-robots-106-teenage-mutant-ninja-turtles-foil,Magic,Singles,,2026-02-03T16:48:21-05:00,2026-02-18T12:14:27-05:00,https://facetofacegames.com/products/ravenous-robots-106-teenage-mutant-ninja-turtles-foil,https://cdn.shopify.com/s/files/1/0574/4692/4324/files/10eb871c73deb4989aa5ca5f7c760fb37536f9ab_Asset_SIN_MTG_TMT_106_ENG_F.jpg?v=1770155275,53880813027700,NM,SIN-MTG-TMT-106-ENG-NM-F,NM,,,6.99,6.99,True,,
14928455991668,Ravenous Robots [106] [Teenage Mutant Ninja Turtles] [Foil],ravenous-robots-106-teenage-mutant-ninja-turtles-foil,Magic,Singles,,2026-02-03T16:48:21-05:00,2026-02-18T12:14:27-05:00,https://facetofacegames.com/products/ravenous-robots-106-teenage-mutant-ninja-turtles-foil,https://cdn.shopify.com/s/files/1/0574/4692/4324/files/10eb871c73deb4989aa5ca5f7c760fb37536f9ab_Asset_SIN_MTG_TMT_106_ENG_F.jpg?v=1770155275,53880813060468,PL,SIN-MTG-TMT-106-ENG-PL-F,PL,,,0.00,,False,,
14928455958900,"Raphael, the Nightwatcher [103] [Teenage Mutant Ninja Turtles] [Non-Foil]",raphael-the-nightwatcher-103-teenage-mutant-ninja-turtles-non-foil,Magic,Singles,,2026-02-03T16:48:21-05:00,2026-02-18T12:14:27-05:00,https://facetofacegames.com/products/raphael-the-nightwatcher-103-teenage-mutant-ninja-turtles-non-foil,https://cdn.shopify.com/s/files/1/0574/4692/4324/files/3c3f254fd3114ddd05343c3c2c978512176a9d82_Asset_SIN_MTG_TMT_103_ENG_NF.jpg?v=1770155275,53880812962164,NM,SIN-MTG-TMT-103-ENG-NM-NF,NM,,,7.99,7.99,True,,
14928455958900,"Raphael, the Nightwatcher [103] [Teenage Mutant Ninja Turtles] [Non-Foil]",raphael-the-nightwatcher-103-teenage-mutant-ninja-turtles-non-foil,Magic,Singles,,2026-02-03T16:48:21-05:00,2026-02-18T12:14:27-05:00,https://facetofacegames.com/products/raphael-the-nightwatcher-103-teenage-mutant-ninja-turtles-non-foil,https://cdn.shopify.com/s/files/1/0574/4692/4324/files/3c3f254fd3114ddd05343c3c2c978512176a9d82_Asset_SIN_MTG_TMT_103_ENG_NF.jpg?v=1770155275,53880812994932,PL,SIN-MTG-TMT-103-ENG-PL-NF,PL,,,0.00,,False,,
14928455893364,"Raphael, the Nightwatcher [103] [Teenage Mutant Ninja Turtles] [Foil]",raphael-the-nightwatcher-103-teenage-mutant-ninja-turtles-foil,Magic,Singles,,2026-02-03T16:48:21-05:00,2026-02-18T12:14:27-05:00,https://facetofacegames.com/products/raphael-the-nightwatcher-103-teenage-mutant-ninja-turtles-foil,https://cdn.shopify.com/s/files/1/0574/4692/4324/files/0b09ed32ec37131c4b4a3e44cae3c547767e876f_Asset_SIN_MTG_TMT_103_ENG_F.jpg?v=1770155275,53880812896628,NM,SIN-MTG-TMT-103-ENG-NM-F,NM,,,9.99,9.99,True,,
14928455893364,"Raphael, the Nightwatcher [103] [Teenage Mutant Ninja Turtles] [Foil]",raphael-the-nightwatcher-103-teenage-mutant-ninja-turtles-foil,Magic,Singles,,2026-02-03T16:48:21-05:00,2026-02-18T12:14:27-05:00,https://facetofacegames.com/products/raphael-the-nightwatcher-103-teenage-mutant-ninja-turtles-foil,https://cdn.shopify.com/s/files/1/0574/4692/4324/files/0b09ed32ec37131c4b4a3e44cae3c547767e876f_Asset_SIN_MTG_TMT_103_ENG_F.jpg?v=1770155275,53880812929396,PL,SIN-MTG-TMT-103-ENG-PL-F,PL,,,0.00,,False,,
14928456122740,"Slash, Reptile Rampager [108] [Teenage Mutant Ninja Turtles] [Foil]",slash-reptile-rampager-108-teenage-mutant-ninja-turtles-foil,Magic,Singles,,2026-02-03T16:48:22-05:00,2026-02-18T12:14:26-05:00,https://facetofacegames.com/products/slash-reptile-rampager-108-teenage-mutant-ninja-turtles-foil,https://cdn.shopify.com/s/files/1/0574/4692/4324/files/fa0a5a8e931d794060e198e206daa963560ddbc1_Asset_SIN_MTG_TMT_108_ENG_F.jpg?v=1770155276,53880813289844,NM,SIN-MTG-TMT-108-ENG-NM-F,NM,,,12.99,12.99,True,,
14928456122740,"Slash, Reptile Rampager [108] [Teenage Mutant Ninja Turtles] [Foil]",slash-reptile-rampager-108-teenage-mutant-ninja-turtles-foil,Magic,Singles,,2026-02-03T16:48:22-05:00,2026-02-18T12:14:26-05:00,https://facetofacegames.com/products/slash-reptile-rampager-108-teenage-mutant-ninja-turtles-foil,https://cdn.shopify.com/s/files/1/0574/4692/4324/files/fa0a5a8e931d794060e198e206daa963560ddbc1_Asset_SIN_MTG_TMT_108_ENG_F.jpg?v=1770155276,53880813322612,PL,SIN-MTG-TMT-108-ENG-PL-F,PL,,,0.00,,False,,
14928456188276,"Slash, Reptile Rampager [108] [Teenage Mutant Ninja Turtles] [Non-Foil]",slash-reptile-rampager-108-teenage-mutant-ninja-turtles-non-foil,Magic,Singles,,2026-02-03T16:48:22-05:00,2026-02-18T12:14:25-05:00,https://facetofacegames.com/products/slash-reptile-rampager-108-teenage-mutant-ninja-turtles-non-foil,https://cdn.shopify.com/s/files/1/0574/4692/4324/files/0b4a262158961d4667904d1535a2d5238518c604_Asset_SIN_MTG_TMT_108_ENG_NF.jpg?v=1770155277,53880813420916,NM,SIN-MTG-TMT-108-ENG-NM-NF,NM,,,9.99,9.99,True,,
14928456188276,"Slash, Reptile Rampager [108] [Teenage Mutant Ninja Turtles] [Non-Foil]",slash-reptile-rampager-108-teenage-mutant-ninja-turtles-non-foil,Magic,Singles,,2026-02-03T16:48:22-05:00,2026-02-18T12:14:25-05:00,https://facetofacegames.com/products/slash-reptile-rampager-108-teenage-mutant-ninja-turtles-non-foil,https://cdn.shopify.com/s/files/1/0574/4692/4324/files/0b4a262158961d4667904d1535a2d5238518c604_Asset_SIN_MTG_TMT_108_ENG_NF.jpg?v=1770155277,53880813453684,PL,SIN-MTG-TMT-108-ENG-PL-NF,PL,,,0.00,,False,,
14928461103476,"Shark Shredder, Killer Clone [73] [Teenage Mutant Ninja Turtles] [Non-Foil]",shark-shredder-killer-clone-73-teenage-mutant-ninja-turtles-non-foil,Magic,Singles,,2026-02-03T16:49:07-05:00,2026-02-18T12:14:24-05:00,https://facetofacegames.com/products/shark-shredder-killer-clone-73-teenage-mutant-ninja-turtles-non-foil,https://cdn.shopify.com/s/files/1/0574/4692/4324/files/dd7b76de5e7fc588c76c8422595d368f700ae428_Asset_SIN_MTG_TMT_73_ENG_NF.jpg?v=1770155312,53880822825332,NM,SIN-MTG-TMT-73-ENG-NM-NF,NM,,,7.99,7.99,True,,
14928461103476,"Shark Shredder, Killer Clone [73] [Teenage Mutant Ninja Turtles] [Non-Foil]",shark-shredder-killer-clone-73-teenage-mutant-ninja-turtles-non-foil,Magic,Singles,,2026-02-03T16:49:07-05:00,2026-02-18T12:14:24-05:00,https://facetofacegames.com/products/shark-shredder-killer-clone-73-teenage-mutant-ninja-turtles-non-foil,https://cdn.shopify.com/s/files/1/0574/4692/4324/files/dd7b76de5e7fc588c76c8422595d368f700ae428_Asset_SIN_MTG_TMT_73_ENG_NF.jpg?v=1770155312,53880822858100,PL,SIN-MTG-TMT-73-ENG-PL-NF,PL,,,0.00,,False,,
14952999911796,"Raphael, Tough Turtle [104] [Teenage Mutant Ninja Turtles] [Non-Foil]",raphael-tough-turtle-104-teenage-mutant-ninja-turtles-non-foil,Magic,Singles,,2026-02-17T20:33:03-05:00,2026-02-18T12:14:23-05:00,https://facetofacegames.com/products/raphael-tough-turtle-104-teenage-mutant-ninja-turtles-non-foil,https://cdn.shopify.com/s/files/1/0574/4692/4324/files/84ca9a60a9ec0b375ef72af156b6587f6cbb045e_Asset_SIN_MTG_TMT_104_ENG_NF.jpg?v=1771444131,53932871614836,NM,SIN-MTG-TMT-104-ENG-NM-NF,NM,,,0.75,0.75,True,,
14952999911796,"Raphael, Tough Turtle [104] [Teenage Mutant Ninja Turtles] [Non-Foil]",raphael-tough-turtle-104-teenage-mutant-ninja-turtles-non-foil,Magic,Singles,,2026-02-17T20:33:03-05:00,2026-02-18T12:14:23-05:00,https://facetofacegames.com/products/raphael-tough-turtle-104-teenage-mutant-ninja-turtles-non-foil,https://cdn.shopify.com/s/files/1/0574/4692/4324/files/84ca9a60a9ec0b375ef72af156b6587f6cbb045e_Asset_SIN_MTG_TMT_104_ENG_NF.jpg?v=1771444131,53932871647604,PL,SIN-MTG-TMT-104-ENG-PL-NF,PL,,,0.00,,False,,
14732035785076,One Piece Extra Booster: One Piece Heroines Edition - Booster Box,one-piece-extra-booster-one-piece-heroines-edition-booster-box,One Piece,Sealed Products,,2025-06-03T16:03:06-04:00,2026-02-18T12:14:23-05:00,https://facetofacegames.com/products/one-piece-extra-booster-one-piece-heroines-edition-booster-box,https://cdn.shopify.com/s/files/1/0574/4692/4324/files/83365098b87bd11d56313f36b6d55e023a25e7b6_Asset_SEA_BOX_ONE_OP_BJP2827232.webp?v=1770828479,52313686573428,Default Title,SEA-BOX-ONE-OP-BJP2827232,Default Title,,,599.99,599.99,True,,
14928461070708,"Shark Shredder, Killer Clone [73] [Teenage Mutant Ninja Turtles] [Foil]",shark-shredder-killer-clone-73-teenage-mutant-ninja-turtles-foil,Magic,Singles,,2026-02-03T16:49:07-05:00,2026-02-18T12:14:22-05:00,https://facetofacegames.com/products/shark-shredder-killer-clone-73-teenage-mutant-ninja-turtles-foil,https://cdn.shopify.com/s/files/1/0574/4692/4324/files/77c1454eadc56610172287e1abfc8b8846e7394d_Asset_SIN_MTG_TMT_73_ENG_F.jpg?v=1770155312,53880822759796,NM,SIN-MTG-TMT-73-ENG-NM-F,NM,,,9.99,9.99,True,,
14928461070708,"Shark Shredder, Killer Clone [73] [Teenage Mutant Ninja Turtles] [Foil]",shark-shredder-killer-clone-73-teenage-mutant-ninja-turtles-foil,Magic,Singles,,2026-02-03T16:49:07-05:00,2026-02-18T12:14:22-05:00,https://facetofacegames.com/products/shark-shredder-killer-clone-73-teenage-mutant-ninja-turtles-foil,https://cdn.shopify.com/s/files/1/0574/4692/4324/files/77c1454eadc56610172287e1abfc8b8846e7394d_Asset_SIN_MTG_TMT_73_ENG_F.jpg?v=1770155312,53880822792564,PL,SIN-MTG-TMT-73-ENG-PL-F,PL,,,0.00,,False,,
14953005744500,Shredder's Revenge [76] [Teenage Mutant Ninja Turtles] [Foil],shredders-revenge-76-teenage-mutant-ninja-turtles-foil,Magic,Singles,,2026-02-17T20:34:22-05:00,2026-02-18T12:14:20-05:00,https://facetofacegames.com/products/shredders-revenge-76-teenage-mutant-ninja-turtles-foil,https://cdn.shopify.com/s/files/1/0574/4692/4324/files/38000f5584a1ab7995cd08df87a07ab241665623_Asset_SIN_MTG_TMT_76_ENG_F.jpg?v=1771444181,53932883640692,NM,SIN-MTG-TMT-76-ENG-NM-F,NM,,,0.49,0.49,True,,
14953005744500,Shredder's Revenge [76] [Teenage Mutant Ninja Turtles] [Foil],shredders-revenge-76-teenage-mutant-ninja-turtles-foil,Magic,Singles,,2026-02-17T20:34:22-05:00,2026-02-18T12:14:20-05:00,https://facetofacegames.com/products/shredders-revenge-76-teenage-mutant-ninja-turtles-foil,https://cdn.shopify.com/s/files/1/0574/4692/4324/files/38000f5584a1ab7995cd08df87a07ab241665623_Asset_SIN_MTG_TMT_76_ENG_F.jpg?v=1771444181,53932883673460,PL,SIN-MTG-TMT-76-ENG-PL-F,PL,,,0.00,,False,,
14928458482036,"Sally Pride, Lioness Leader [24] [Teenage Mutant Ninja Turtles] [Non-Foil]",sally-pride-lioness-leader-24-teenage-mutant-ninja-turtles-non-foil,Magic,Singles,,2026-02-03T16:48:28-05:00,2026-02-18T12:14:20-05:00,https://facetofacegames.com/products/sally-pride-lioness-leader-24-teenage-mutant-ninja-turtles-non-foil,https://cdn.shopify.com/s/files/1/0574/4692/4324/files/f738aaa1f56317841399a9f321a4c12fd3e80857_Asset_SIN_MTG_TMT_24_ENG_NF.jpg?v=1770155297,53880817975668,NM,SIN-MTG-TMT-24-ENG-NM-NF,NM,,,2.99,2.99,True,,
14928458482036,"Sally Pride, Lioness Leader [24] [Teenage Mutant Ninja Turtles] [Non-Foil]",sally-pride-lioness-leader-24-teenage-mutant-ninja-turtles-non-foil,Magic,Singles,,2026-02-03T16:48:28-05:00,2026-02-18T12:14:20-05:00,https://facetofacegames.com/products/sally-pride-lioness-leader-24-teenage-mutant-ninja-turtles-non-foil,https://cdn.shopify.com/s/files/1/0574/4692/4324/files/f738aaa1f56317841399a9f321a4c12fd3e80857_Asset_SIN_MTG_TMT_24_ENG_NF.jpg?v=1770155297,53880818008436,PL,SIN-MTG-TMT-24-ENG-PL-NF,PL,,,0.00,,False,,
14928458416500,"Sally Pride, Lioness Leader [24] [Teenage Mutant Ninja Turtles] [Foil]",sally-pride-lioness-leader-24-teenage-mutant-ninja-turtles-foil,Magic,Singles,,2026-02-03T16:48:28-05:00,2026-02-18T12:14:19-05:00,https://facetofacegames.com/products/sally-pride-lioness-leader-24-teenage-mutant-ninja-turtles-foil,https://cdn.shopify.com/s/files/1/0574/4692/4324/files/6a992d561ea23f86b646dcd402b6cc409bd34b62_Asset_SIN_MTG_TMT_24_ENG_F.jpg?v=1770155296,53880817779060,NM,SIN-MTG-TMT-24-ENG-NM-F,NM,,,3.99,3.99,True,,
14928458416500,"Sally Pride, Lioness Leader [24] [Teenage Mutant Ninja Turtles] [Foil]",sally-pride-lioness-leader-24-teenage-mutant-ninja-turtles-foil,Magic,Singles,,2026-02-03T16:48:28-05:00,2026-02-18T12:14:19-05:00,https://facetofacegames.com/products/sally-pride-lioness-leader-24-teenage-mutant-ninja-turtles-foil,https://cdn.shopify.com/s/files/1/0574/4692/4324/files/6a992d561ea23f86b646dcd402b6cc409bd34b62_Asset_SIN_MTG_TMT_24_ENG_F.jpg?v=1770155296,53880817811828,PL,SIN-MTG-TMT-24-ENG-PL-F,PL,,,0.00,,False,,
14928460153204,"Renet, Temporal Apprentice [50] [Teenage Mutant Ninja Turtles] [Foil]",renet-temporal-apprentice-50-teenage-mutant-ninja-turtles-foil,Magic,Singles,,2026-02-03T16:48:42-05:00,2026-02-18T12:14:17-05:00,https://facetofacegames.com/products/renet-temporal-apprentice-50-teenage-mutant-ninja-turtles-foil,https://cdn.shopify.com/s/files/1/0574/4692/4324/files/60f5e8351ce0eef7d49177a86bb3477e45cac95e_Asset_SIN_MTG_TMT_50_ENG_F.jpg?v=1770155311,53880821121396,NM,SIN-MTG-TMT-50-ENG-NM-F,NM,,,2.99,2.99,True,,
14928460153204,"Renet, Temporal Apprentice [50] [Teenage Mutant Ninja Turtles] [Foil]",renet-temporal-apprentice-50-teenage-mutant-ninja-turtles-foil,Magic,Singles,,2026-02-03T16:48:42-05:00,2026-02-18T12:14:17-05:00,https://facetofacegames.com/products/renet-temporal-apprentice-50-teenage-mutant-ninja-turtles-foil,https://cdn.shopify.com/s/files/1/0574/4692/4324/files/60f5e8351ce0eef7d49177a86bb3477e45cac95e_Asset_SIN_MTG_TMT_50_ENG_F.jpg?v=1770155311,53880821154164,PL,SIN-MTG-TMT-50-ENG-PL-F,PL,,,0.00,,False,,
14928456089972,Ravenous Robots [106] [Teenage Mutant Ninja Turtles] [Non-Foil],ravenous-robots-106-teenage-mutant-ninja-turtles-non-foil,Magic,Singles,,2026-02-03T16:48:22-05:00,2026-02-18T12:14:17-05:00,https://facetofacegames.com/products/ravenous-robots-106-teenage-mutant-ninja-turtles-non-foil,https://cdn.shopify.com/s/files/1/0574/4692/4324/files/709a3f1f2c2720feeef33306025b0ed721e4bd84_Asset_SIN_MTG_TMT_106_ENG_NF.jpg?v=1770155276,53880813224308,NM,SIN-MTG-TMT-106-ENG-NM-NF,NM,,,4.99,4.99,True,,
14928456089972,Ravenous Robots [106] [Teenage Mutant Ninja Turtles] [Non-Foil],ravenous-robots-106-teenage-mutant-ninja-turtles-non-foil,Magic,Singles,,2026-02-03T16:48:22-05:00,2026-02-18T12:14:17-05:00,https://facetofacegames.com/products/ravenous-robots-106-teenage-mutant-ninja-turtles-non-foil,https://cdn.shopify.com/s/files/1/0574/4692/4324/files/709a3f1f2c2720feeef33306025b0ed721e4bd84_Asset_SIN_MTG_TMT_106_ENG_NF.jpg?v=1770155276,53880813257076,PL,SIN-MTG-TMT-106-ENG-PL-NF,PL,,,0.00,,False,,
14928457630068,North Wind Avatar [162] [Teenage Mutant Ninja Turtles] [Non-Foil],north-wind-avatar-162-teenage-mutant-ninja-turtles-non-foil,Magic,Singles,,2026-02-03T16:48:26-05:00,2026-02-18T12:10:46-05:00,https://facetofacegames.com/products/north-wind-avatar-162-teenage-mutant-ninja-turtles-non-foil,https://cdn.shopify.com/s/files/1/0574/4692/4324/files/40acdd8973e6b73346c22f8e1f01a66ddb2dc11c_Asset_SIN_MTG_TMT_162_ENG_NF.jpg?v=1770155290,53880816271732,NM,SIN-MTG-TMT-162-ENG-NM-NF,NM,,,19.99,19.99,True,,
14928457630068,North Wind Avatar [162] [Teenage Mutant Ninja Turtles] [Non-Foil],north-wind-avatar-162-teenage-mutant-ninja-turtles-non-foil,Magic,Singles,,2026-02-03T16:48:26-05:00,2026-02-18T12:10:46-05:00,https://facetofacegames.com/products/north-wind-avatar-162-teenage-mutant-ninja-turtles-non-foil,https://cdn.shopify.com/s/files/1/0574/4692/4324/files/40acdd8973e6b73346c22f8e1f01a66ddb2dc11c_Asset_SIN_MTG_TMT_162_ENG_NF.jpg?v=1770155290,53880816304500,PL,SIN-MTG-TMT-162-ENG-PL-NF,PL,,,0.00,,False,,
14953000370548,Plains [191] [Full Art] [Rooftop Basic Land] [Teenage Mutant Ninja Turtles] [Foil],plains-191-full-art-rooftop-basic-land-teenage-mutant-ninja-turtles-foil,Magic,Singles,,2026-02-17T20:33:04-05:00,2026-02-18T12:10:35-05:00,https://facetofacegames.com/products/plains-191-full-art-rooftop-basic-land-teenage-mutant-ninja-turtles-foil,https://cdn.shopify.com/s/files/1/0574/4692/4324/files/b66a04c7a85a34abb52f8e2dae726117ce3af43d_Asset_SIN_MTG_TMT_191_ENG_F.jpg?v=1771444136,53932872466804,NM,SIN-MTG-TMT-191-ENG-NM-F,NM,,,1.49,1.49,True,,
14953000370548,Plains [191] [Full Art] [Rooftop Basic Land] [Teenage Mutant Ninja Turtles] [Foil],plains-191-full-art-rooftop-basic-land-teenage-mutant-ninja-turtles-foil,Magic,Singles,,2026-02-17T20:33:04-05:00,2026-02-18T12:10:35-05:00,https://facetofacegames.com/products/plains-191-full-art-rooftop-basic-land-teenage-mutant-ninja-turtles-foil,https://cdn.shopify.com/s/files/1/0574/4692/4324/files/b66a04c7a85a34abb52f8e2dae726117ce3af43d_Asset_SIN_MTG_TMT_191_ENG_F.jpg?v=1771444136,53932872499572,PL,SIN-MTG-TMT-191-ENG-PL-F,PL,,,0.00,,False,,
14928459858292,Mondo Gecko [46] [Teenage Mutant Ninja Turtles] [Foil],mondo-gecko-46-teenage-mutant-ninja-turtles-foil,Magic,Singles,,2026-02-03T16:48:42-05:00,2026-02-18T12:10:35-05:00,https://facetofacegames.com/products/mondo-gecko-46-teenage-mutant-ninja-turtles-foil,https://cdn.shopify.com/s/files/1/0574/4692/4324/files/da109e0a8ded976063ad0fa59aeaf40667f17e83_Asset_SIN_MTG_TMT_46_ENG_F.jpg?v=1770155311,53880820662644,NM,SIN-MTG-TMT-46-ENG-NM-F,NM,,,9.99,9.99,True,,
14928459858292,Mondo Gecko [46] [Teenage Mutant Ninja Turtles] [Foil],mondo-gecko-46-teenage-mutant-ninja-turtles-foil,Magic,Singles,,2026-02-03T16:48:42-05:00,2026-02-18T12:10:35-05:00,https://facetofacegames.com/products/mondo-gecko-46-teenage-mutant-ninja-turtles-foil,https://cdn.shopify.com/s/files/1/0574/4692/4324/files/da109e0a8ded976063ad0fa59aeaf40667f17e83_Asset_SIN_MTG_TMT_46_ENG_F.jpg?v=1770155311,53880820695412,PL,SIN-MTG-TMT-46-ENG-PL-F,PL,,,0.00,,False,,
14928456647028,Party Dude [128] [Teenage Mutant Ninja Turtles] [Foil],party-dude-128-teenage-mutant-ninja-turtles-foil,Magic,Singles,,2026-02-03T16:48:23-05:00,2026-02-18T12:10:34-05:00,https://facetofacegames.com/products/party-dude-128-teenage-mutant-ninja-turtles-foil,https://cdn.shopify.com/s/files/1/0574/4692/4324/files/8e0ef55d0cf4c22b8a0df993634000e5192ef024_Asset_SIN_MTG_TMT_128_ENG_F.jpg?v=1770155283,53880814174580,NM,SIN-MTG-TMT-128-ENG-NM-F,NM,,,8.99,8.99,True,,
14928456647028,Party Dude [128] [Teenage Mutant Ninja Turtles] [Foil],party-dude-128-teenage-mutant-ninja-turtles-foil,Magic,Singles,,2026-02-03T16:48:23-05:00,2026-02-18T12:10:34-05:00,https://facetofacegames.com/products/party-dude-128-teenage-mutant-ninja-turtles-foil,https://cdn.shopify.com/s/files/1/0574/4692/4324/files/8e0ef55d0cf4c22b8a0df993634000e5192ef024_Asset_SIN_MTG_TMT_128_ENG_F.jpg?v=1770155283,53880814207348,PL,SIN-MTG-TMT-128-ENG-PL-F,PL,,,0.00,,False,,
14928456614260,Party Dude [128] [Teenage Mutant Ninja Turtles] [Non-Foil],party-dude-128-teenage-mutant-ninja-turtles-non-foil,Magic,Singles,,2026-02-03T16:48:23-05:00,2026-02-18T12:10:34-05:00,https://facetofacegames.com/products/party-dude-128-teenage-mutant-ninja-turtles-non-foil,https://cdn.shopify.com/s/files/1/0574/4692/4324/files/f67356fd6be2595dafb2ebe4e7b015cb711fa720_Asset_SIN_MTG_TMT_128_ENG_NF.jpg?v=1770155283,53880814305652,NM,SIN-MTG-TMT-128-ENG-NM-NF,NM,,,6.99,6.99,True,,
14928456614260,Party Dude [128] [Teenage Mutant Ninja Turtles] [Non-Foil],party-dude-128-teenage-mutant-ninja-turtles-non-foil,Magic,Singles,,2026-02-03T16:48:23-05:00,2026-02-18T12:10:34-05:00,https://facetofacegames.com/products/party-dude-128-teenage-mutant-ninja-turtles-non-foil,https://cdn.shopify.com/s/files/1/0574/4692/4324/files/f67356fd6be2595dafb2ebe4e7b015cb711fa720_Asset_SIN_MTG_TMT_128_ENG_NF.jpg?v=1770155283,53880814338420,PL,SIN-MTG-TMT-128-ENG-PL-NF,PL,,,0.00,,False,,
14953000108404,Mutant Chain Reaction [125] [Teenage Mutant Ninja Turtles] [Foil],mutant-chain-reaction-125-teenage-mutant-ninja-turtles-foil,Magic,Singles,,2026-02-17T20:33:03-05:00,2026-02-18T12:10:33-05:00,https://facetofacegames.com/products/mutant-chain-reaction-125-teenage-mutant-ninja-turtles-foil,https://cdn.shopify.com/s/files/1/0574/4692/4324/files/1b08ac06364efbd11925833fad2d5f4fee4206e6_Asset_SIN_MTG_TMT_125_ENG_F.jpg?v=1771444134,53932871876980,NM,SIN-MTG-TMT-125-ENG-NM-F,NM,,,0.49,0.49,True,,
14953000108404,Mutant Chain Reaction [125] [Teenage Mutant Ninja Turtles] [Foil],mutant-chain-reaction-125-teenage-mutant-ninja-turtles-foil,Magic,Singles,,2026-02-17T20:33:03-05:00,2026-02-18T12:10:33-05:00,https://facetofacegames.com/products/mutant-chain-reaction-125-teenage-mutant-ninja-turtles-foil,https://cdn.shopify.com/s/files/1/0574/4692/4324/files/1b08ac06364efbd11925833fad2d5f4fee4206e6_Asset_SIN_MTG_TMT_125_ENG_F.jpg?v=1771444134,53932871909748,PL,SIN-MTG-TMT-125-ENG-PL-F,PL,,,0.00,,False,,
14928458252660,Northampton Farm [188] [Teenage Mutant Ninja Turtles] [Non-Foil],northampton-farm-188-teenage-mutant-ninja-turtles-non-foil,Magic,Singles,,2026-02-03T16:48:27-05:00,2026-02-18T12:10:33-05:00,https://facetofacegames.com/products/northampton-farm-188-teenage-mutant-ninja-turtles-non-foil,https://cdn.shopify.com/s/files/1/0574/4692/4324/files/51b2f09f012220d292460ff156340a0f4f6536eb_Asset_SIN_MTG_TMT_188_ENG_NF.jpg?v=1770155296,53880817516916,NM,SIN-MTG-TMT-188-ENG-NM-NF,NM,,,2.99,2.99,True,,
14928458252660,Northampton Farm [188] [Teenage Mutant Ninja Turtles] [Non-Foil],northampton-farm-188-teenage-mutant-ninja-turtles-non-foil,Magic,Singles,,2026-02-03T16:48:27-05:00,2026-02-18T12:10:33-05:00,https://facetofacegames.com/products/northampton-farm-188-teenage-mutant-ninja-turtles-non-foil,https://cdn.shopify.com/s/files/1/0574/4692/4324/files/51b2f09f012220d292460ff156340a0f4f6536eb_Asset_SIN_MTG_TMT_188_ENG_NF.jpg?v=1770155296,53880817549684,PL,SIN-MTG-TMT-188-ENG-PL-NF,PL,,,0.00,,False,,
14928458187124,Northampton Farm [188] [Teenage Mutant Ninja Turtles] [Foil],northampton-farm-188-teenage-mutant-ninja-turtles-foil,Magic,Singles,,2026-02-03T16:48:27-05:00,2026-02-18T12:10:33-05:00,https://facetofacegames.com/products/northampton-farm-188-teenage-mutant-ninja-turtles-foil,https://cdn.shopify.com/s/files/1/0574/4692/4324/files/688f1fd74b2fa4052492e5b07554145f73d7db65_Asset_SIN_MTG_TMT_188_ENG_F.jpg?v=1770155296,53880817451380,NM,SIN-MTG-TMT-188-ENG-NM-F,NM,,,3.99,3.99,True,,
14928458187124,Northampton Farm [188] [Teenage Mutant Ninja Turtles] [Foil],northampton-farm-188-teenage-mutant-ninja-turtles-foil,Magic,Singles,,2026-02-03T16:48:27-05:00,2026-02-18T12:10:33-05:00,https://facetofacegames.com/products/northampton-farm-188-teenage-mutant-ninja-turtles-foil,https://cdn.shopify.com/s/files/1/0574/4692/4324/files/688f1fd74b2fa4052492e5b07554145f73d7db65_Asset_SIN_MTG_TMT_188_ENG_F.jpg?v=1770155296,53880817484148,PL,SIN-MTG-TMT-188-ENG-PL-F,PL,,,0.00,,False,,
14928457367924,"Mikey & Leo, Chaos & Order [158] [Teenage Mutant Ninja Turtles] [Non-Foil]",mikey-leo-chaos-order-158-teenage-mutant-ninja-turtles-non-foil,Magic,Singles,,2026-02-03T16:48:26-05:00,2026-02-18T12:10:33-05:00,https://facetofacegames.com/products/mikey-leo-chaos-order-158-teenage-mutant-ninja-turtles-non-foil,https://cdn.shopify.com/s/files/1/0574/4692/4324/files/7678f75c4ec8eb4ac6af829b7fa1dd3413031a38_Asset_SIN_MTG_TMT_158_ENG_NF.jpg?v=1770155289,53880815812980,NM,SIN-MTG-TMT-158-ENG-NM-NF,NM,,,4.99,4.99,True,,
14928457367924,"Mikey & Leo, Chaos & Order [158] [Teenage Mutant Ninja Turtles] [Non-Foil]",mikey-leo-chaos-order-158-teenage-mutant-ninja-turtles-non-foil,Magic,Singles,,2026-02-03T16:48:26-05:00,2026-02-18T12:10:33-05:00,https://facetofacegames.com/products/mikey-leo-chaos-order-158-teenage-mutant-ninja-turtles-non-foil,https://cdn.shopify.com/s/files/1/0574/4692/4324/files/7678f75c4ec8eb4ac6af829b7fa1dd3413031a38_Asset_SIN_MTG_TMT_158_ENG_NF.jpg?v=1770155289,53880815845748,PL,SIN-MTG-TMT-158-ENG-PL-NF,PL,,,0.00,,False,,
14928456548724,"Mutagen Man, Living Ooze [124] [Teenage Mutant Ninja Turtles] [Non-Foil]",mutagen-man-living-ooze-124-teenage-mutant-ninja-turtles-non-foil,Magic,Singles,,2026-02-03T16:48:23-05:00,2026-02-18T12:10:33-05:00,https://facetofacegames.com/products/mutagen-man-living-ooze-124-teenage-mutant-ninja-turtles-non-foil,https://cdn.shopify.com/s/files/1/0574/4692/4324/files/bf7f8eb1afdf8032c253a8bd63e21d8c49610000_Asset_SIN_MTG_TMT_124_ENG_NF.jpg?v=1770155282,53880814109044,NM,SIN-MTG-TMT-124-ENG-NM-NF,NM,,,7.99,7.99,True,,
14928456548724,"Mutagen Man, Living Ooze [124] [Teenage Mutant Ninja Turtles] [Non-Foil]",mutagen-man-living-ooze-124-teenage-mutant-ninja-turtles-non-foil,Magic,Singles,,2026-02-03T16:48:23-05:00,2026-02-18T12:10:33-05:00,https://facetofacegames.com/products/mutagen-man-living-ooze-124-teenage-mutant-ninja-turtles-non-foil,https://cdn.shopify.com/s/files/1/0574/4692/4324/files/bf7f8eb1afdf8032c253a8bd63e21d8c49610000_Asset_SIN_MTG_TMT_124_ENG_NF.jpg?v=1770155282,53880814141812,PL,SIN-MTG-TMT-124-ENG-PL-NF,PL,,,0.00,,False,,
14928455926132,"Raphael, Ninja Destroyer [102] [Teenage Mutant Ninja Turtles] [Foil]",raphael-ninja-destroyer-102-teenage-mutant-ninja-turtles-foil,Magic,Singles,,2026-02-03T16:48:21-05:00,2026-02-18T12:10:33-05:00,https://facetofacegames.com/products/raphael-ninja-destroyer-102-teenage-mutant-ninja-turtles-foil,https://cdn.shopify.com/s/files/1/0574/4692/4324/files/e9be57c9b95d66bcd84346c83f462483505bf088_Asset_SIN_MTG_TMT_102_ENG_F.jpg?v=1770155274,53880812765556,NM,SIN-MTG-TMT-102-ENG-NM-F,NM,,,8.99,8.99,True,,
14928455926132,"Raphael, Ninja Destroyer [102] [Teenage Mutant Ninja Turtles] [Foil]",raphael-ninja-destroyer-102-teenage-mutant-ninja-turtles-foil,Magic,Singles,,2026-02-03T16:48:21-05:00,2026-02-18T12:10:33-05:00,https://facetofacegames.com/products/raphael-ninja-destroyer-102-teenage-mutant-ninja-turtles-foil,https://cdn.shopify.com/s/files/1/0574/4692/4324/files/e9be57c9b95d66bcd84346c83f462483505bf088_Asset_SIN_MTG_TMT_102_ENG_F.jpg?v=1770155274,53880812798324,PL,SIN-MTG-TMT-102-ENG-PL-F,PL,,,0.00,,False,,
14928455860596,"Raphael, Ninja Destroyer [102] [Teenage Mutant Ninja Turtles] [Non-Foil]",raphael-ninja-destroyer-102-teenage-mutant-ninja-turtles-non-foil,Magic,Singles,,2026-02-03T16:48:21-05:00,2026-02-18T12:10:33-05:00,https://facetofacegames.com/products/raphael-ninja-destroyer-102-teenage-mutant-ninja-turtles-non-foil,https://cdn.shopify.com/s/files/1/0574/4692/4324/files/7bafb4ab58704ec9072a8f465dc732923e606916_Asset_SIN_MTG_TMT_102_ENG_NF.jpg?v=1770155274,53880812831092,NM,SIN-MTG-TMT-102-ENG-NM-NF,NM,,,6.99,6.99,True,,
14928455860596,"Raphael, Ninja Destroyer [102] [Teenage Mutant Ninja Turtles] [Non-Foil]",raphael-ninja-destroyer-102-teenage-mutant-ninja-turtles-non-foil,Magic,Singles,,2026-02-03T16:48:21-05:00,2026-02-18T12:10:33-05:00,https://facetofacegames.com/products/raphael-ninja-destroyer-102-teenage-mutant-ninja-turtles-non-foil,https://cdn.shopify.com/s/files/1/0574/4692/4324/files/7bafb4ab58704ec9072a8f465dc732923e606916_Asset_SIN_MTG_TMT_102_ENG_NF.jpg?v=1770155274,53880812863860,PL,SIN-MTG-TMT-102-ENG-PL-NF,PL,,,0.00,,False,,
14953006236020,Negate [47] [Teenage Mutant Ninja Turtles] [Non-Foil],negate-47-teenage-mutant-ninja-turtles-non-foil,Magic,Singles,,2026-02-17T20:34:35-05:00,2026-02-18T12:10:32-05:00,https://facetofacegames.com/products/negate-47-teenage-mutant-ninja-turtles-non-foil,https://cdn.shopify.com/s/files/1/0574/4692/4324/files/d085a54194ae9dd8ab6ecafad4044c2f9f81053e_Asset_SIN_MTG_TMT_47_ENG_NF.jpg?v=1771444181,53932885541236,NM,SIN-MTG-TMT-47-ENG-NM-NF,NM,,,0.49,0.49,True,,
14953006236020,Negate [47] [Teenage Mutant Ninja Turtles] [Non-Foil],negate-47-teenage-mutant-ninja-turtles-non-foil,Magic,Singles,,2026-02-17T20:34:35-05:00,2026-02-18T12:10:32-05:00,https://facetofacegames.com/products/negate-47-teenage-mutant-ninja-turtles-non-foil,https://cdn.shopify.com/s/files/1/0574/4692/4324/files/d085a54194ae9dd8ab6ecafad4044c2f9f81053e_Asset_SIN_MTG_TMT_47_ENG_NF.jpg?v=1771444181,53932885574004,PL,SIN-MTG-TMT-47-ENG-PL-NF,PL,,,0.00,,False,,
14953006039412,Hard-Won Jitte [91] [Teenage Mutant Ninja Turtles] [Foil],hard-won-jitte-91-teenage-mutant-ninja-turtles-foil,Magic,Singles,,2026-02-17T20:34:27-05:00,2026-02-18T12:10:32-05:00,https://facetofacegames.com/products/hard-won-jitte-91-teenage-mutant-ninja-turtles-foil,https://cdn.shopify.com/s/files/1/0574/4692/4324/files/ca76b1b2ed43b991f30118109d611ed90e6ea32d_Asset_SIN_MTG_TMT_91_ENG_F.jpg?v=1771444181,53932884427124,NM,SIN-MTG-TMT-91-ENG-NM-F,NM,,,0.49,0.49,True,,
14953006039412,Hard-Won Jitte [91] [Teenage Mutant Ninja Turtles] [Foil],hard-won-jitte-91-teenage-mutant-ninja-turtles-foil,Magic,Singles,,2026-02-17T20:34:27-05:00,2026-02-18T12:10:32-05:00,https://facetofacegames.com/products/hard-won-jitte-91-teenage-mutant-ninja-turtles-foil,https://cdn.shopify.com/s/files/1/0574/4692/4324/files/ca76b1b2ed43b991f30118109d611ed90e6ea32d_Asset_SIN_MTG_TMT_91_ENG_F.jpg?v=1771444181,53932884459892,PL,SIN-MTG-TMT-91-ENG-PL-F,PL,,,0.00,,False,,
14928457269620,"Mikey & Don, Party Planners [157] [Teenage Mutant Ninja Turtles] [Non-Foil]",mikey-don-party-planners-157-teenage-mutant-ninja-turtles-non-foil,Magic,Singles,,2026-02-03T16:48:25-05:00,2026-02-18T12:10:32-05:00,https://facetofacegames.com/products/mikey-don-party-planners-157-teenage-mutant-ninja-turtles-non-foil,https://cdn.shopify.com/s/files/1/0574/4692/4324/files/5261e69afdb53c08f7e5cb8341fbf15b28865175_Asset_SIN_MTG_TMT_157_ENG_NF.jpg?v=1770155289,53880815550836,NM,SIN-MTG-TMT-157-ENG-NM-NF,NM,,,7.99,7.99,True,,
14928457269620,"Mikey & Don, Party Planners [157] [Teenage Mutant Ninja Turtles] [Non-Foil]",mikey-don-party-planners-157-teenage-mutant-ninja-turtles-non-foil,Magic,Singles,,2026-02-03T16:48:25-05:00,2026-02-18T12:10:32-05:00,https://facetofacegames.com/products/mikey-don-party-planners-157-teenage-mutant-ninja-turtles-non-foil,https://cdn.shopify.com/s/files/1/0574/4692/4324/files/5261e69afdb53c08f7e5cb8341fbf15b28865175_Asset_SIN_MTG_TMT_157_ENG_NF.jpg?v=1770155289,53880815583604,PL,SIN-MTG-TMT-157-ENG-PL-NF,PL,,,0.00,,False,,
14928456581492,"Mutagen Man, Living Ooze [124] [Teenage Mutant Ninja Turtles] [Foil]",mutagen-man-living-ooze-124-teenage-mutant-ninja-turtles-foil,Magic,Singles,,2026-02-03T16:48:23-05:00,2026-02-18T12:10:32-05:00,https://facetofacegames.com/products/mutagen-man-living-ooze-124-teenage-mutant-ninja-turtles-foil,https://cdn.shopify.com/s/files/1/0574/4692/4324/files/051cdf0292ecaa20f311729ace72a4d18afd148e_Asset_SIN_MTG_TMT_124_ENG_F.jpg?v=1770155282,53880814240116,NM,SIN-MTG-TMT-124-ENG-NM-F,NM,,,9.99,9.99,True,,
14928456581492,"Mutagen Man, Living Ooze [124] [Teenage Mutant Ninja Turtles] [Foil]",mutagen-man-living-ooze-124-teenage-mutant-ninja-turtles-foil,Magic,Singles,,2026-02-03T16:48:23-05:00,2026-02-18T12:10:32-05:00,https://facetofacegames.com/products/mutagen-man-living-ooze-124-teenage-mutant-ninja-turtles-foil,https://cdn.shopify.com/s/files/1/0574/4692/4324/files/051cdf0292ecaa20f311729ace72a4d18afd148e_Asset_SIN_MTG_TMT_124_ENG_F.jpg?v=1770155282,53880814272884,PL,SIN-MTG-TMT-124-ENG-PL-F,PL,,,0.00,,False,,
14953000141172,Mutant Chain Reaction [125] [Teenage Mutant Ninja Turtles] [Non-Foil],mutant-chain-reaction-125-teenage-mutant-ninja-turtles-non-foil,Magic,Singles,,2026-02-17T20:33:03-05:00,2026-02-18T12:10:31-05:00,https://facetofacegames.com/products/mutant-chain-reaction-125-teenage-mutant-ninja-turtles-non-foil,https://cdn.shopify.com/s/files/1/0574/4692/4324/files/ea0820126971f0b9eb45baf20f6a1d0b0c974622_Asset_SIN_MTG_TMT_125_ENG_NF.jpg?v=1771444133,53932872073588,NM,SIN-MTG-TMT-125-ENG-NM-NF,NM,,,0.49,0.49,True,,
14953000141172,Mutant Chain Reaction [125] [Teenage Mutant Ninja Turtles] [Non-Foil],mutant-chain-reaction-125-teenage-mutant-ninja-turtles-non-foil,Magic,Singles,,2026-02-17T20:33:03-05:00,2026-02-18T12:10:31-05:00,https://facetofacegames.com/products/mutant-chain-reaction-125-teenage-mutant-ninja-turtles-non-foil,https://cdn.shopify.com/s/files/1/0574/4692/4324/files/ea0820126971f0b9eb45baf20f6a1d0b0c974622_Asset_SIN_MTG_TMT_125_ENG_NF.jpg?v=1771444133,53932872106356,PL,SIN-MTG-TMT-125-ENG-PL-NF,PL,,,0.00,,False,,
14928459923828,Mondo Gecko [46] [Teenage Mutant Ninja Turtles] [Non-Foil],mondo-gecko-46-teenage-mutant-ninja-turtles-non-foil,Magic,Singles,,2026-02-03T16:48:42-05:00,2026-02-18T12:10:31-05:00,https://facetofacegames.com/products/mondo-gecko-46-teenage-mutant-ninja-turtles-non-foil,https://cdn.shopify.com/s/files/1/0574/4692/4324/files/8a68b9f873bab8a34fd2826c56cfc50418c7204a_Asset_SIN_MTG_TMT_46_ENG_NF.jpg?v=1770155311,53880820728180,NM,SIN-MTG-TMT-46-ENG-NM-NF,NM,,,7.99,7.99,True,,
14928459923828,Mondo Gecko [46] [Teenage Mutant Ninja Turtles] [Non-Foil],mondo-gecko-46-teenage-mutant-ninja-turtles-non-foil,Magic,Singles,,2026-02-03T16:48:42-05:00,2026-02-18T12:10:31-05:00,https://facetofacegames.com/products/mondo-gecko-46-teenage-mutant-ninja-turtles-non-foil,https://cdn.shopify.com/s/files/1/0574/4692/4324/files/8a68b9f873bab8a34fd2826c56cfc50418c7204a_Asset_SIN_MTG_TMT_46_ENG_NF.jpg?v=1770155311,53880820760948,PL,SIN-MTG-TMT-46-ENG-PL-NF,PL,,,0.00,,False,,
14928457302388,"Mikey & Leo, Chaos & Order [158] [Teenage Mutant Ninja Turtles] [Foil]",mikey-leo-chaos-order-158-teenage-mutant-ninja-turtles-foil,Magic,Singles,,2026-02-03T16:48:25-05:00,2026-02-18T12:10:31-05:00,https://facetofacegames.com/products/mikey-leo-chaos-order-158-teenage-mutant-ninja-turtles-foil,https://cdn.shopify.com/s/files/1/0574/4692/4324/files/a1bf3751cb7e4ad46505a90becdb70c15d765fc9_Asset_SIN_MTG_TMT_158_ENG_F.jpg?v=1770155289,53880815616372,NM,SIN-MTG-TMT-158-ENG-NM-F,NM,,,5.99,5.99,True,,
14928457302388,"Mikey & Leo, Chaos & Order [158] [Teenage Mutant Ninja Turtles] [Foil]",mikey-leo-chaos-order-158-teenage-mutant-ninja-turtles-foil,Magic,Singles,,2026-02-03T16:48:25-05:00,2026-02-18T12:10:31-05:00,https://facetofacegames.com/products/mikey-leo-chaos-order-158-teenage-mutant-ninja-turtles-foil,https://cdn.shopify.com/s/files/1/0574/4692/4324/files/a1bf3751cb7e4ad46505a90becdb70c15d765fc9_Asset_SIN_MTG_TMT_158_ENG_F.jpg?v=1770155289,53880815649140,PL,SIN-MTG-TMT-158-ENG-PL-F,PL,,,0.00,,False,,
14928456057204,Raphael's Technique [105] [Teenage Mutant Ninja Turtles] [Non-Foil],raphaels-technique-105-teenage-mutant-ninja-turtles-non-foil,Magic,Singles,,2026-02-03T16:48:22-05:00,2026-02-18T12:10:31-05:00,https://facetofacegames.com/products/raphaels-technique-105-teenage-mutant-ninja-turtles-non-foil,https://cdn.shopify.com/s/files/1/0574/4692/4324/files/976df9ad5c5e79f4f7313f392d39d923fa782e5c_Asset_SIN_MTG_TMT_105_ENG_NF.jpg?v=1770155276,53880813158772,NM,SIN-MTG-TMT-105-ENG-NM-NF,NM,,,2.99,2.99,True,,
14928456057204,Raphael's Technique [105] [Teenage Mutant Ninja Turtles] [Non-Foil],raphaels-technique-105-teenage-mutant-ninja-turtles-non-foil,Magic,Singles,,2026-02-03T16:48:22-05:00,2026-02-18T12:10:31-05:00,https://facetofacegames.com/products/raphaels-technique-105-teenage-mutant-ninja-turtles-non-foil,https://cdn.shopify.com/s/files/1/0574/4692/4324/files/976df9ad5c5e79f4f7313f392d39d923fa782e5c_Asset_SIN_MTG_TMT_105_ENG_NF.jpg?v=1770155276,53880813191540,PL,SIN-MTG-TMT-105-ENG-PL-NF,PL,,,0.00,,False,,
14928456024436,Raphael's Technique [105] [Teenage Mutant Ninja Turtles] [Foil],raphaels-technique-105-teenage-mutant-ninja-turtles-foil,Magic,Singles,,2026-02-03T16:48:21-05:00,2026-02-18T12:10:31-05:00,https://facetofacegames.com/products/raphaels-technique-105-teenage-mutant-ninja-turtles-foil,https://cdn.shopify.com/s/files/1/0574/4692/4324/files/098c6b36bbfc760b44845d1bd4519ee2ff730aec_Asset_SIN_MTG_TMT_105_ENG_F.jpg?v=1770155276,53880813093236,NM,SIN-MTG-TMT-105-ENG-NM-F,NM,,,3.99,3.99,False,,
14928456024436,Raphael's Technique [105] [Teenage Mutant Ninja Turtles] [Foil],raphaels-technique-105-teenage-mutant-ninja-turtles-foil,Magic,Singles,,2026-02-03T16:48:21-05:00,2026-02-18T12:10:31-05:00,https://facetofacegames.com/products/raphaels-technique-105-teenage-mutant-ninja-turtles-foil,https://cdn.shopify.com/s/files/1/0574/4692/4324/files/098c6b36bbfc760b44845d1bd4519ee2ff730aec_Asset_SIN_MTG_TMT_105_ENG_F.jpg?v=1770155276,53880813126004,PL,SIN-MTG-TMT-105-ENG-PL-F,PL,,,0.00,,False,,
14953005023604,Negate [47] [Teenage Mutant Ninja Turtles] [Foil],negate-47-teenage-mutant-ninja-turtles-foil,Magic,Singles,,2026-02-17T20:34:15-05:00,2026-02-18T12:10:30-05:00,https://facetofacegames.com/products/negate-47-teenage-mutant-ninja-turtles-foil,https://cdn.shopify.com/s/files/1/0574/4692/4324/files/131faece73efbc24c8a59650f94329fdada979b1_Asset_SIN_MTG_TMT_47_ENG_F.jpg?v=1771444181,53932881805684,NM,SIN-MTG-TMT-47-ENG-NM-F,NM,,,0.49,0.49,True,,
14953005023604,Negate [47] [Teenage Mutant Ninja Turtles] [Foil],negate-47-teenage-mutant-ninja-turtles-foil,Magic,Singles,,2026-02-17T20:34:15-05:00,2026-02-18T12:10:30-05:00,https://facetofacegames.com/products/negate-47-teenage-mutant-ninja-turtles-foil,https://cdn.shopify.com/s/files/1/0574/4692/4324/files/131faece73efbc24c8a59650f94329fdada979b1_Asset_SIN_MTG_TMT_47_ENG_F.jpg?v=1771444181,53932881838452,PL,SIN-MTG-TMT-47-ENG-PL-F,PL,,,0.00,,False,,
14953000665460,Mountain [194] [Full Art] [Rooftop Basic Land] [Teenage Mutant Ninja Turtles] [Non-Foil],mountain-194-full-art-rooftop-basic-land-teenage-mutant-ninja-turtles-non-foil,Magic,Singles,,2026-02-17T20:33:05-05:00,2026-02-18T12:10:30-05:00,https://facetofacegames.com/products/mountain-194-full-art-rooftop-basic-land-teenage-mutant-ninja-turtles-non-foil,https://cdn.shopify.com/s/files/1/0574/4692/4324/files/0bbe346b8b344a60c474289a50211afbc2932490_Asset_SIN_MTG_TMT_194_ENG_NF.jpg?v=1771444136,53932873122164,NM,SIN-MTG-TMT-194-ENG-NM-NF,NM,,,0.99,0.99,True,,
14953000665460,Mountain [194] [Full Art] [Rooftop Basic Land] [Teenage Mutant Ninja Turtles] [Non-Foil],mountain-194-full-art-rooftop-basic-land-teenage-mutant-ninja-turtles-non-foil,Magic,Singles,,2026-02-17T20:33:05-05:00,2026-02-18T12:10:30-05:00,https://facetofacegames.com/products/mountain-194-full-art-rooftop-basic-land-teenage-mutant-ninja-turtles-non-foil,https://cdn.shopify.com/s/files/1/0574/4692/4324/files/0bbe346b8b344a60c474289a50211afbc2932490_Asset_SIN_MTG_TMT_194_ENG_NF.jpg?v=1771444136,53932873154932,PL,SIN-MTG-TMT-194-ENG-PL-NF,PL,,,0.00,,False,,
14953000468852,Plains [191] [Full Art] [Rooftop Basic Land] [Teenage Mutant Ninja Turtles] [Non-Foil],plains-191-full-art-rooftop-basic-land-teenage-mutant-ninja-turtles-non-foil,Magic,Singles,,2026-02-17T20:33:04-05:00,2026-02-18T12:10:30-05:00,https://facetofacegames.com/products/plains-191-full-art-rooftop-basic-land-teenage-mutant-ninja-turtles-non-foil,https://cdn.shopify.com/s/files/1/0574/4692/4324/files/9e007c487b7b1229769a088d290dcb1731227e1b_Asset_SIN_MTG_TMT_191_ENG_NF.jpg?v=1771444135,53932872663412,NM,SIN-MTG-TMT-191-ENG-NM-NF,NM,,,0.99,0.99,True,,
14953000468852,Plains [191] [Full Art] [Rooftop Basic Land] [Teenage Mutant Ninja Turtles] [Non-Foil],plains-191-full-art-rooftop-basic-land-teenage-mutant-ninja-turtles-non-foil,Magic,Singles,,2026-02-17T20:33:04-05:00,2026-02-18T12:10:30-05:00,https://facetofacegames.com/products/plains-191-full-art-rooftop-basic-land-teenage-mutant-ninja-turtles-non-foil,https://cdn.shopify.com/s/files/1/0574/4692/4324/files/9e007c487b7b1229769a088d290dcb1731227e1b_Asset_SIN_MTG_TMT_191_ENG_NF.jpg?v=1771444135,53932872696180,PL,SIN-MTG-TMT-191-ENG-PL-NF,PL,,,0.00,,False,,
14928460251508,Ninja Teen [67] [Teenage Mutant Ninja Turtles] [Foil],ninja-teen-67-teenage-mutant-ninja-turtles-foil,Magic,Singles,,2026-02-03T16:48:43-05:00,2026-02-18T12:10:30-05:00,https://facetofacegames.com/products/ninja-teen-67-teenage-mutant-ninja-turtles-foil,https://cdn.shopify.com/s/files/1/0574/4692/4324/files/6db51105aa05d6030cfc16f603603d25a4f1f0c8_Asset_SIN_MTG_TMT_67_ENG_F.jpg?v=1770155312,53880821383540,NM,SIN-MTG-TMT-67-ENG-NM-F,NM,,,9.99,9.99,True,,
14928460251508,Ninja Teen [67] [Teenage Mutant Ninja Turtles] [Foil],ninja-teen-67-teenage-mutant-ninja-turtles-foil,Magic,Singles,,2026-02-03T16:48:43-05:00,2026-02-18T12:10:30-05:00,https://facetofacegames.com/products/ninja-teen-67-teenage-mutant-ninja-turtles-foil,https://cdn.shopify.com/s/files/1/0574/4692/4324/files/6db51105aa05d6030cfc16f603603d25a4f1f0c8_Asset_SIN_MTG_TMT_67_ENG_F.jpg?v=1770155312,53880821416308,PL,SIN-MTG-TMT-67-ENG-PL-F,PL,,,0.00,,False,,
14928458678644,Mountain [256] [Full Art] [Pizza Basic Land ] [Teenage Mutant Ninja Turtles] [Non-Foil],mountain-256-full-art-pizza-basic-land-teenage-mutant-ninja-turtles-non-foil,Magic,Singles,,2026-02-03T16:48:28-05:00,2026-02-18T12:10:30-05:00,https://facetofacegames.com/products/mountain-256-full-art-pizza-basic-land-teenage-mutant-ninja-turtles-non-foil,https://cdn.shopify.com/s/files/1/0574/4692/4324/files/2586cfc270148bb4085589fcae61cf3ba152e271_Asset_SIN_MTG_TMT_256_ENG_NF.jpg?v=1770155299,53880818368884,NM,SIN-MTG-TMT-256-ENG-NM-NF,NM,,,0.99,0.99,True,,
14928458678644,Mountain [256] [Full Art] [Pizza Basic Land ] [Teenage Mutant Ninja Turtles] [Non-Foil],mountain-256-full-art-pizza-basic-land-teenage-mutant-ninja-turtles-non-foil,Magic,Singles,,2026-02-03T16:48:28-05:00,2026-02-18T12:10:30-05:00,https://facetofacegames.com/products/mountain-256-full-art-pizza-basic-land-teenage-mutant-ninja-turtles-non-foil,https://cdn.shopify.com/s/files/1/0574/4692/4324/files/2586cfc270148bb4085589fcae61cf3ba152e271_Asset_SIN_MTG_TMT_256_ENG_NF.jpg?v=1770155299,53880818401652,PL,SIN-MTG-TMT-256-ENG-PL-NF,PL,,,0.00,,False,,
14928458580340,Mountain [256] [Full Art] [Pizza Basic Land ] [Teenage Mutant Ninja Turtles] [Foil],mountain-256-full-art-pizza-basic-land-teenage-mutant-ninja-turtles-foil,Magic,Singles,,2026-02-03T16:48:28-05:00,2026-02-18T12:10:30-05:00,https://facetofacegames.com/products/mountain-256-full-art-pizza-basic-land-teenage-mutant-ninja-turtles-foil,https://cdn.shopify.com/s/files/1/0574/4692/4324/files/01531ee0bdb8e6a4e8675604d963954b34b67426_Asset_SIN_MTG_TMT_256_ENG_F.jpg?v=1770155299,53880818237812,NM,SIN-MTG-TMT-256-ENG-NM-F,NM,,,1.49,1.49,True,,
14928458580340,Mountain [256] [Full Art] [Pizza Basic Land ] [Teenage Mutant Ninja Turtles] [Foil],mountain-256-full-art-pizza-basic-land-teenage-mutant-ninja-turtles-foil,Magic,Singles,,2026-02-03T16:48:28-05:00,2026-02-18T12:10:30-05:00,https://facetofacegames.com/products/mountain-256-full-art-pizza-basic-land-teenage-mutant-ninja-turtles-foil,https://cdn.shopify.com/s/files/1/0574/4692/4324/files/01531ee0bdb8e6a4e8675604d963954b34b67426_Asset_SIN_MTG_TMT_256_ENG_F.jpg?v=1770155299,53880818270580,PL,SIN-MTG-TMT-256-ENG-PL-F,PL,,,0.00,,False,,
14928457466228,North Wind Avatar [162] [Teenage Mutant Ninja Turtles] [Foil],north-wind-avatar-162-teenage-mutant-ninja-turtles-foil,Magic,Singles,,2026-02-03T16:48:26-05:00,2026-02-18T12:10:30-05:00,https://facetofacegames.com/products/north-wind-avatar-162-teenage-mutant-ninja-turtles-foil,https://cdn.shopify.com/s/files/1/0574/4692/4324/files/4becac461caf70fc07129a5218ddc4e902da3def_Asset_SIN_MTG_TMT_162_ENG_F.jpg?v=1770155289,53880816075124,NM,SIN-MTG-TMT-162-ENG-NM-F,NM,,,24.99,24.99,True,,
14928457466228,North Wind Avatar [162] [Teenage Mutant Ninja Turtles] [Foil],north-wind-avatar-162-teenage-mutant-ninja-turtles-foil,Magic,Singles,,2026-02-03T16:48:26-05:00,2026-02-18T12:10:30-05:00,https://facetofacegames.com/products/north-wind-avatar-162-teenage-mutant-ninja-turtles-foil,https://cdn.shopify.com/s/files/1/0574/4692/4324/files/4becac461caf70fc07129a5218ddc4e902da3def_Asset_SIN_MTG_TMT_162_ENG_F.jpg?v=1770155289,53880816107892,PL,SIN-MTG-TMT-162-ENG-PL-F,PL,,,0.00,,False,,
14928457335156,"Mikey & Don, Party Planners [157] [Teenage Mutant Ninja Turtles] [Foil]",mikey-don-party-planners-157-teenage-mutant-ninja-turtles-foil,Magic,Singles,,2026-02-03T16:48:25-05:00,2026-02-18T12:10:30-05:00,https://facetofacegames.com/products/mikey-don-party-planners-157-teenage-mutant-ninja-turtles-foil,https://cdn.shopify.com/s/files/1/0574/4692/4324/files/8ceed32db106bbadc6b5a1ad5d9d58e9f5f23f94_Asset_SIN_MTG_TMT_157_ENG_F.jpg?v=1770155289,53880815681908,NM,SIN-MTG-TMT-157-ENG-NM-F,NM,,,9.99,9.99,True,,
14928457335156,"Mikey & Don, Party Planners [157] [Teenage Mutant Ninja Turtles] [Foil]",mikey-don-party-planners-157-teenage-mutant-ninja-turtles-foil,Magic,Singles,,2026-02-03T16:48:25-05:00,2026-02-18T12:10:30-05:00,https://facetofacegames.com/products/mikey-don-party-planners-157-teenage-mutant-ninja-turtles-foil,https://cdn.shopify.com/s/files/1/0574/4692/4324/files/8ceed32db106bbadc6b5a1ad5d9d58e9f5f23f94_Asset_SIN_MTG_TMT_157_ENG_F.jpg?v=1770155289,53880815714676,PL,SIN-MTG-TMT-157-ENG-PL-F,PL,,,0.00,,False,,
14928456384884,"Michelangelo, Weirdness to 11 [121] [Teenage Mutant Ninja Turtles] [Non-Foil]",michelangelo-weirdness-to-11-121-teenage-mutant-ninja-turtles-non-foil,Magic,Singles,,2026-02-03T16:48:23-05:00,2026-02-18T12:10:30-05:00,https://facetofacegames.com/products/michelangelo-weirdness-to-11-121-teenage-mutant-ninja-turtles-non-foil,https://cdn.shopify.com/s/files/1/0574/4692/4324/files/5a4e08158b49ae8eb876c9720cb9d2120da16aab_Asset_SIN_MTG_TMT_121_ENG_NF.jpg?v=1770155282,53880813814132,NM,SIN-MTG-TMT-121-ENG-NM-NF,NM,,,8.99,8.99,True,,
14928456384884,"Michelangelo, Weirdness to 11 [121] [Teenage Mutant Ninja Turtles] [Non-Foil]",michelangelo-weirdness-to-11-121-teenage-mutant-ninja-turtles-non-foil,Magic,Singles,,2026-02-03T16:48:23-05:00,2026-02-18T12:10:30-05:00,https://facetofacegames.com/products/michelangelo-weirdness-to-11-121-teenage-mutant-ninja-turtles-non-foil,https://cdn.shopify.com/s/files/1/0574/4692/4324/files/5a4e08158b49ae8eb876c9720cb9d2120da16aab_Asset_SIN_MTG_TMT_121_ENG_NF.jpg?v=1770155282,53880813846900,PL,SIN-MTG-TMT-121-ENG-PL-NF,PL,,,0.00,,False,,
14928456319348,"Michelangelo, Weirdness to 11 [121] [Teenage Mutant Ninja Turtles] [Foil]",michelangelo-weirdness-to-11-121-teenage-mutant-ninja-turtles-foil,Magic,Singles,,2026-02-03T16:48:23-05:00,2026-02-18T12:10:30-05:00,https://facetofacegames.com/products/michelangelo-weirdness-to-11-121-teenage-mutant-ninja-turtles-foil,https://cdn.shopify.com/s/files/1/0574/4692/4324/files/9aea2daad5177a102eed62ec144dbf89fd92321b_Asset_SIN_MTG_TMT_121_ENG_F.jpg?v=1770155282,53880813748596,NM,SIN-MTG-TMT-121-ENG-NM-F,NM,,,11.99,11.99,True,,
14928456319348,"Michelangelo, Weirdness to 11 [121] [Teenage Mutant Ninja Turtles] [Foil]",michelangelo-weirdness-to-11-121-teenage-mutant-ninja-turtles-foil,Magic,Singles,,2026-02-03T16:48:23-05:00,2026-02-18T12:10:30-05:00,https://facetofacegames.com/products/michelangelo-weirdness-to-11-121-teenage-mutant-ninja-turtles-foil,https://cdn.shopify.com/s/files/1/0574/4692/4324/files/9aea2daad5177a102eed62ec144dbf89fd92321b_Asset_SIN_MTG_TMT_121_ENG_F.jpg?v=1770155282,53880813781364,PL,SIN-MTG-TMT-121-ENG-PL-F,PL,,,0.00,,False,,
14953000567156,Mountain [194] [Full Art] [Rooftop Basic Land] [Teenage Mutant Ninja Turtles] [Foil],mountain-194-full-art-rooftop-basic-land-teenage-mutant-ninja-turtles-foil,Magic,Singles,,2026-02-17T20:33:04-05:00,2026-02-18T12:10:29-05:00,https://facetofacegames.com/products/mountain-194-full-art-rooftop-basic-land-teenage-mutant-ninja-turtles-foil,https://cdn.shopify.com/s/files/1/0574/4692/4324/files/af838d13fbb7e7272945c565a586da7dc8e062e9_Asset_SIN_MTG_TMT_194_ENG_F.jpg?v=1771444137,53932872925556,NM,SIN-MTG-TMT-194-ENG-NM-F,NM,,,1.49,1.49,True,,
14953000567156,Mountain [194] [Full Art] [Rooftop Basic Land] [Teenage Mutant Ninja Turtles] [Foil],mountain-194-full-art-rooftop-basic-land-teenage-mutant-ninja-turtles-foil,Magic,Singles,,2026-02-17T20:33:04-05:00,2026-02-18T12:10:29-05:00,https://facetofacegames.com/products/mountain-194-full-art-rooftop-basic-land-teenage-mutant-ninja-turtles-foil,https://cdn.shopify.com/s/files/1/0574/4692/4324/files/af838d13fbb7e7272945c565a586da7dc8e062e9_Asset_SIN_MTG_TMT_194_ENG_F.jpg?v=1771444137,53932872958324,PL,SIN-MTG-TMT-194-ENG-PL-F,PL,,,0.00,,False,,
14928458547572,Plains [253] [Full Art] [Pizza Basic Land ] [Teenage Mutant Ninja Turtles] [Foil],plains-253-full-art-pizza-basic-land-teenage-mutant-ninja-turtles-foil,Magic,Singles,,2026-02-03T16:48:28-05:00,2026-02-18T12:10:29-05:00,https://facetofacegames.com/products/plains-253-full-art-pizza-basic-land-teenage-mutant-ninja-turtles-foil,https://cdn.shopify.com/s/files/1/0574/4692/4324/files/42132523bdeb6c0a9038f5c9a57a874bf2456efe_Asset_SIN_MTG_TMT_253_ENG_F.jpg?v=1770155298,53880818106740,NM,SIN-MTG-TMT-253-ENG-NM-F,NM,,,1.49,1.49,True,,
14928458547572,Plains [253] [Full Art] [Pizza Basic Land ] [Teenage Mutant Ninja Turtles] [Foil],plains-253-full-art-pizza-basic-land-teenage-mutant-ninja-turtles-foil,Magic,Singles,,2026-02-03T16:48:28-05:00,2026-02-18T12:10:29-05:00,https://facetofacegames.com/products/plains-253-full-art-pizza-basic-land-teenage-mutant-ninja-turtles-foil,https://cdn.shopify.com/s/files/1/0574/4692/4324/files/42132523bdeb6c0a9038f5c9a57a874bf2456efe_Asset_SIN_MTG_TMT_253_ENG_F.jpg?v=1770155298,53880818139508,PL,SIN-MTG-TMT-253-ENG-PL-F,PL,,,0.00,,False,,
14928458449268,Prehistoric Pet [22] [Teenage Mutant Ninja Turtles] [Non-Foil],prehistoric-pet-22-teenage-mutant-ninja-turtles-non-foil,Magic,Singles,,2026-02-03T16:48:28-05:00,2026-02-18T12:10:29-05:00,https://facetofacegames.com/products/prehistoric-pet-22-teenage-mutant-ninja-turtles-non-foil,https://cdn.shopify.com/s/files/1/0574/4692/4324/files/9bc8c90479f65119986b1af1d166596f5ac30c96_Asset_SIN_MTG_TMT_22_ENG_NF.jpg?v=1770155297,53880817910132,NM,SIN-MTG-TMT-22-ENG-NM-NF,NM,,,2.99,2.99,True,,
14928458449268,Prehistoric Pet [22] [Teenage Mutant Ninja Turtles] [Non-Foil],prehistoric-pet-22-teenage-mutant-ninja-turtles-non-foil,Magic,Singles,,2026-02-03T16:48:28-05:00,2026-02-18T12:10:29-05:00,https://facetofacegames.com/products/prehistoric-pet-22-teenage-mutant-ninja-turtles-non-foil,https://cdn.shopify.com/s/files/1/0574/4692/4324/files/9bc8c90479f65119986b1af1d166596f5ac30c96_Asset_SIN_MTG_TMT_22_ENG_NF.jpg?v=1770155297,53880817942900,PL,SIN-MTG-TMT-22-ENG-PL-NF,PL,,,0.00,,False,,
14928458383732,Prehistoric Pet [22] [Teenage Mutant Ninja Turtles] [Foil],prehistoric-pet-22-teenage-mutant-ninja-turtles-foil,Magic,Singles,,2026-02-03T16:48:28-05:00,2026-02-18T12:10:29-05:00,https://facetofacegames.com/products/prehistoric-pet-22-teenage-mutant-ninja-turtles-foil,https://cdn.shopify.com/s/files/1/0574/4692/4324/files/405c32e83f48e560dcaa714024809bfa08a69406_Asset_SIN_MTG_TMT_22_ENG_F.jpg?v=1770155297,53880817844596,NM,SIN-MTG-TMT-22-ENG-NM-F,NM,,,3.99,3.99,True,,
14928458383732,Prehistoric Pet [22] [Teenage Mutant Ninja Turtles] [Foil],prehistoric-pet-22-teenage-mutant-ninja-turtles-foil,Magic,Singles,,2026-02-03T16:48:28-05:00,2026-02-18T12:10:29-05:00,https://facetofacegames.com/products/prehistoric-pet-22-teenage-mutant-ninja-turtles-foil,https://cdn.shopify.com/s/files/1/0574/4692/4324/files/405c32e83f48e560dcaa714024809bfa08a69406_Asset_SIN_MTG_TMT_22_ENG_F.jpg?v=1770155297,53880817877364,PL,SIN-MTG-TMT-22-ENG-PL-F,PL,,,0.00,,False,,
14928457662836,"Raph & Mikey, Troublemakers [167] [Teenage Mutant Ninja Turtles] [Non-Foil]",raph-mikey-troublemakers-167-teenage-mutant-ninja-turtles-non-foil,Magic,Singles,,2026-02-03T16:48:26-05:00,2026-02-18T12:10:29-05:00,https://facetofacegames.com/products/raph-mikey-troublemakers-167-teenage-mutant-ninja-turtles-non-foil,https://cdn.shopify.com/s/files/1/0574/4692/4324/files/707579198af4a6fdb2bb10bbe76d65646a0c8c75_Asset_SIN_MTG_TMT_167_ENG_NF.jpg?v=1770155292,53880816337268,NM,SIN-MTG-TMT-167-ENG-NM-NF,NM,,,9.99,9.99,True,,
14928457662836,"Raph & Mikey, Troublemakers [167] [Teenage Mutant Ninja Turtles] [Non-Foil]",raph-mikey-troublemakers-167-teenage-mutant-ninja-turtles-non-foil,Magic,Singles,,2026-02-03T16:48:26-05:00,2026-02-18T12:10:29-05:00,https://facetofacegames.com/products/raph-mikey-troublemakers-167-teenage-mutant-ninja-turtles-non-foil,https://cdn.shopify.com/s/files/1/0574/4692/4324/files/707579198af4a6fdb2bb10bbe76d65646a0c8c75_Asset_SIN_MTG_TMT_167_ENG_NF.jpg?v=1770155292,53880816370036,PL,SIN-MTG-TMT-167-ENG-PL-NF,PL,,,0.00,,False,,
14928457564532,"Raph & Mikey, Troublemakers [167] [Teenage Mutant Ninja Turtles] [Foil]",raph-mikey-troublemakers-167-teenage-mutant-ninja-turtles-foil,Magic,Singles,,2026-02-03T16:48:26-05:00,2026-02-18T12:10:29-05:00,https://facetofacegames.com/products/raph-mikey-troublemakers-167-teenage-mutant-ninja-turtles-foil,https://cdn.shopify.com/s/files/1/0574/4692/4324/files/3912c9f770618f0d61d090a5b4e7a3c45c3a4ee6_Asset_SIN_MTG_TMT_167_ENG_F.jpg?v=1770155291,53880816009588,NM,SIN-MTG-TMT-167-ENG-NM-F,NM,,,12.99,12.99,True,,
14928457564532,"Raph & Mikey, Troublemakers [167] [Teenage Mutant Ninja Turtles] [Foil]",raph-mikey-troublemakers-167-teenage-mutant-ninja-turtles-foil,Magic,Singles,,2026-02-03T16:48:26-05:00,2026-02-18T12:10:29-05:00,https://facetofacegames.com/products/raph-mikey-troublemakers-167-teenage-mutant-ninja-turtles-foil,https://cdn.shopify.com/s/files/1/0574/4692/4324/files/3912c9f770618f0d61d090a5b4e7a3c45c3a4ee6_Asset_SIN_MTG_TMT_167_ENG_F.jpg?v=1770155291,53880816042356,PL,SIN-MTG-TMT-167-ENG-PL-F,PL,,,0.00,,False,,
14928457531764,"Raph & Leo, Sibling Rivals [166] [Teenage Mutant Ninja Turtles] [Foil]",raph-leo-sibling-rivals-166-teenage-mutant-ninja-turtles-foil,Magic,Singles,,2026-02-03T16:48:26-05:00,2026-02-18T12:10:29-05:00,https://facetofacegames.com/products/raph-leo-sibling-rivals-166-teenage-mutant-ninja-turtles-foil,https://cdn.shopify.com/s/files/1/0574/4692/4324/files/9a94ca82022416b2c28be88999791d322c9f0c64_Asset_SIN_MTG_TMT_166_ENG_F.jpg?v=1770155290,53880816140660,NM,SIN-MTG-TMT-166-ENG-NM-F,NM,,,4.99,4.99,True,,
14928457531764,"Raph & Leo, Sibling Rivals [166] [Teenage Mutant Ninja Turtles] [Foil]",raph-leo-sibling-rivals-166-teenage-mutant-ninja-turtles-foil,Magic,Singles,,2026-02-03T16:48:26-05:00,2026-02-18T12:10:29-05:00,https://facetofacegames.com/products/raph-leo-sibling-rivals-166-teenage-mutant-ninja-turtles-foil,https://cdn.shopify.com/s/files/1/0574/4692/4324/files/9a94ca82022416b2c28be88999791d322c9f0c64_Asset_SIN_MTG_TMT_166_ENG_F.jpg?v=1770155290,53880816173428,PL,SIN-MTG-TMT-166-ENG-PL-F,PL,,,0.00,,False,,
14928457498996,"Raph & Leo, Sibling Rivals [166] [Teenage Mutant Ninja Turtles] [Non-Foil]",raph-leo-sibling-rivals-166-teenage-mutant-ninja-turtles-non-foil,Magic,Singles,,2026-02-03T16:48:26-05:00,2026-02-18T12:10:29-05:00,https://facetofacegames.com/products/raph-leo-sibling-rivals-166-teenage-mutant-ninja-turtles-non-foil,https://cdn.shopify.com/s/files/1/0574/4692/4324/files/c121774125934289650a76e17a2b7863c594af2e_Asset_SIN_MTG_TMT_166_ENG_NF.jpg?v=1770155289,53880815944052,NM,SIN-MTG-TMT-166-ENG-NM-NF,NM,,,3.99,3.99,True,,
14928457498996,"Raph & Leo, Sibling Rivals [166] [Teenage Mutant Ninja Turtles] [Non-Foil]",raph-leo-sibling-rivals-166-teenage-mutant-ninja-turtles-non-foil,Magic,Singles,,2026-02-03T16:48:26-05:00,2026-02-18T12:10:29-05:00,https://facetofacegames.com/products/raph-leo-sibling-rivals-166-teenage-mutant-ninja-turtles-non-foil,https://cdn.shopify.com/s/files/1/0574/4692/4324/files/c121774125934289650a76e17a2b7863c594af2e_Asset_SIN_MTG_TMT_166_ENG_NF.jpg?v=1770155289,53880815976820,PL,SIN-MTG-TMT-166-ENG-PL-NF,PL,,,0.00,,False,,
14928456417652,"Michelangelo, Improviser [119] [Teenage Mutant Ninja Turtles] [Foil]",michelangelo-improviser-119-teenage-mutant-ninja-turtles-foil,Magic,Singles,,2026-02-03T16:48:23-05:00,2026-02-18T12:10:29-05:00,https://facetofacegames.com/products/michelangelo-improviser-119-teenage-mutant-ninja-turtles-foil,https://cdn.shopify.com/s/files/1/0574/4692/4324/files/9e57edf283aefde3c47d870fc352262d77151e4c_Asset_SIN_MTG_TMT_119_ENG_F.jpg?v=1770155280,53880813879668,NM,SIN-MTG-TMT-119-ENG-NM-F,NM,,,14.99,14.99,True,,
14928456417652,"Michelangelo, Improviser [119] [Teenage Mutant Ninja Turtles] [Foil]",michelangelo-improviser-119-teenage-mutant-ninja-turtles-foil,Magic,Singles,,2026-02-03T16:48:23-05:00,2026-02-18T12:10:29-05:00,https://facetofacegames.com/products/michelangelo-improviser-119-teenage-mutant-ninja-turtles-foil,https://cdn.shopify.com/s/files/1/0574/4692/4324/files/9e57edf283aefde3c47d870fc352262d77151e4c_Asset_SIN_MTG_TMT_119_ENG_F.jpg?v=1770155280,53880813912436,PL,SIN-MTG-TMT-119-ENG-PL-F,PL,,,0.00,,False,,
14928456286580,"Michelangelo, Improviser [119] [Teenage Mutant Ninja Turtles] [Non-Foil]",michelangelo-improviser-119-teenage-mutant-ninja-turtles-non-foil,Magic,Singles,,2026-02-03T16:48:23-05:00,2026-02-18T12:10:29-05:00,https://facetofacegames.com/products/michelangelo-improviser-119-teenage-mutant-ninja-turtles-non-foil,https://cdn.shopify.com/s/files/1/0574/4692/4324/files/5241598ff0a3187972ef324af296934fef4bf880_Asset_SIN_MTG_TMT_119_ENG_NF.jpg?v=1770155281,53880813683060,NM,SIN-MTG-TMT-119-ENG-NM-NF,NM,,,12.99,12.99,True,,
14928456286580,"Michelangelo, Improviser [119] [Teenage Mutant Ninja Turtles] [Non-Foil]",michelangelo-improviser-119-teenage-mutant-ninja-turtles-non-foil,Magic,Singles,,2026-02-03T16:48:23-05:00,2026-02-18T12:10:29-05:00,https://facetofacegames.com/products/michelangelo-improviser-119-teenage-mutant-ninja-turtles-non-foil,https://cdn.shopify.com/s/files/1/0574/4692/4324/files/5241598ff0a3187972ef324af296934fef4bf880_Asset_SIN_MTG_TMT_119_ENG_NF.jpg?v=1770155281,53880813715828,PL,SIN-MTG-TMT-119-ENG-PL-NF,PL,,,0.00,,False,,
14928460218740,"Madame Null, Power Broker [66] [Teenage Mutant Ninja Turtles] [Non-Foil]",madame-null-power-broker-66-teenage-mutant-ninja-turtles-non-foil,Magic,Singles,,2026-02-03T16:48:43-05:00,2026-02-18T12:10:28-05:00,https://facetofacegames.com/products/madame-null-power-broker-66-teenage-mutant-ninja-turtles-non-foil,https://cdn.shopify.com/s/files/1/0574/4692/4324/files/67c323e5b9d4c81897636b686210c52f7b2b69a7_Asset_SIN_MTG_TMT_66_ENG_NF.jpg?v=1770155312,53880821318004,NM,SIN-MTG-TMT-66-ENG-NM-NF,NM,,,2.99,2.99,True,,
14928460218740,"Madame Null, Power Broker [66] [Teenage Mutant Ninja Turtles] [Non-Foil]",madame-null-power-broker-66-teenage-mutant-ninja-turtles-non-foil,Magic,Singles,,2026-02-03T16:48:43-05:00,2026-02-18T12:10:28-05:00,https://facetofacegames.com/products/madame-null-power-broker-66-teenage-mutant-ninja-turtles-non-foil,https://cdn.shopify.com/s/files/1/0574/4692/4324/files/67c323e5b9d4c81897636b686210c52f7b2b69a7_Asset_SIN_MTG_TMT_66_ENG_NF.jpg?v=1770155312,53880821350772,PL,SIN-MTG-TMT-66-ENG-PL-NF,PL,,,0.00,,False,,
14928460185972,"Madame Null, Power Broker [66] [Teenage Mutant Ninja Turtles] [Foil]",madame-null-power-broker-66-teenage-mutant-ninja-turtles-foil,Magic,Singles,,2026-02-03T16:48:43-05:00,2026-02-18T12:10:28-05:00,https://facetofacegames.com/products/madame-null-power-broker-66-teenage-mutant-ninja-turtles-foil,https://cdn.shopify.com/s/files/1/0574/4692/4324/files/26f38f25805013cba36bca8e7e58585aca6b8963_Asset_SIN_MTG_TMT_66_ENG_F.jpg?v=1770155312,53880821252468,NM,SIN-MTG-TMT-66-ENG-NM-F,NM,,,3.99,3.99,True,,
14928460185972,"Madame Null, Power Broker [66] [Teenage Mutant Ninja Turtles] [Foil]",madame-null-power-broker-66-teenage-mutant-ninja-turtles-foil,Magic,Singles,,2026-02-03T16:48:43-05:00,2026-02-18T12:10:28-05:00,https://facetofacegames.com/products/madame-null-power-broker-66-teenage-mutant-ninja-turtles-foil,https://cdn.shopify.com/s/files/1/0574/4692/4324/files/26f38f25805013cba36bca8e7e58585aca6b8963_Asset_SIN_MTG_TMT_66_ENG_F.jpg?v=1770155312,53880821285236,PL,SIN-MTG-TMT-66-ENG-PL-F,PL,,,0.00,,False,,
14928458514804,Plains [253] [Full Art] [Pizza Basic Land ] [Teenage Mutant Ninja Turtles] [Non-Foil],plains-253-full-art-pizza-basic-land-teenage-mutant-ninja-turtles-non-foil,Magic,Singles,,2026-02-03T16:48:28-05:00,2026-02-18T12:10:28-05:00,https://facetofacegames.com/products/plains-253-full-art-pizza-basic-land-teenage-mutant-ninja-turtles-non-foil,https://cdn.shopify.com/s/files/1/0574/4692/4324/files/b08e556adc0eef73ba49827ab854c3f023711a7f_Asset_SIN_MTG_TMT_253_ENG_NF.jpg?v=1770155298,53880818041204,NM,SIN-MTG-TMT-253-ENG-NM-NF,NM,,,0.99,0.99,True,,
14928458514804,Plains [253] [Full Art] [Pizza Basic Land ] [Teenage Mutant Ninja Turtles] [Non-Foil],plains-253-full-art-pizza-basic-land-teenage-mutant-ninja-turtles-non-foil,Magic,Singles,,2026-02-03T16:48:28-05:00,2026-02-18T12:10:28-05:00,https://facetofacegames.com/products/plains-253-full-art-pizza-basic-land-teenage-mutant-ninja-turtles-non-foil,https://cdn.shopify.com/s/files/1/0574/4692/4324/files/b08e556adc0eef73ba49827ab854c3f023711a7f_Asset_SIN_MTG_TMT_253_ENG_NF.jpg?v=1770155298,53880818073972,PL,SIN-MTG-TMT-253-ENG-PL-NF,PL,,,0.00,,False,,
14928456483188,Michelangelo's Technique [122] [Teenage Mutant Ninja Turtles] [Non-Foil],michelangelos-technique-122-teenage-mutant-ninja-turtles-non-foil,Magic,Singles,,2026-02-03T16:48:23-05:00,2026-02-18T12:10:28-05:00,https://facetofacegames.com/products/michelangelos-technique-122-teenage-mutant-ninja-turtles-non-foil,https://cdn.shopify.com/s/files/1/0574/4692/4324/files/30289e6b88c97dcd1950d989c0d8d177e40a8c9d_Asset_SIN_MTG_TMT_122_ENG_NF.jpg?v=1770155283,53880814010740,NM,SIN-MTG-TMT-122-ENG-NM-NF,NM,,,4.99,4.99,True,,
14928456483188,Michelangelo's Technique [122] [Teenage Mutant Ninja Turtles] [Non-Foil],michelangelos-technique-122-teenage-mutant-ninja-turtles-non-foil,Magic,Singles,,2026-02-03T16:48:23-05:00,2026-02-18T12:10:28-05:00,https://facetofacegames.com/products/michelangelos-technique-122-teenage-mutant-ninja-turtles-non-foil,https://cdn.shopify.com/s/files/1/0574/4692/4324/files/30289e6b88c97dcd1950d989c0d8d177e40a8c9d_Asset_SIN_MTG_TMT_122_ENG_NF.jpg?v=1770155283,53880814043508,PL,SIN-MTG-TMT-122-ENG-PL-NF,PL,,,0.00,,False,,
14928456450420,Michelangelo's Technique [122] [Teenage Mutant Ninja Turtles] [Foil],michelangelos-technique-122-teenage-mutant-ninja-turtles-foil,Magic,Singles,,2026-02-03T16:48:23-05:00,2026-02-18T12:10:28-05:00,https://facetofacegames.com/products/michelangelos-technique-122-teenage-mutant-ninja-turtles-foil,https://cdn.shopify.com/s/files/1/0574/4692/4324/files/453cd7c215306f1712823d738d8ed2d811efc2bd_Asset_SIN_MTG_TMT_122_ENG_F.jpg?v=1770155282,53880813945204,NM,SIN-MTG-TMT-122-ENG-NM-F,NM,,,5.99,5.99,True,,
14928456450420,Michelangelo's Technique [122] [Teenage Mutant Ninja Turtles] [Foil],michelangelos-technique-122-teenage-mutant-ninja-turtles-foil,Magic,Singles,,2026-02-03T16:48:23-05:00,2026-02-18T12:10:28-05:00,https://facetofacegames.com/products/michelangelos-technique-122-teenage-mutant-ninja-turtles-foil,https://cdn.shopify.com/s/files/1/0574/4692/4324/files/453cd7c215306f1712823d738d8ed2d811efc2bd_Asset_SIN_MTG_TMT_122_ENG_F.jpg?v=1770155282,53880813977972,PL,SIN-MTG-TMT-122-ENG-PL-F,PL,,,0.00,,False,,
14953005089140,Dimensional Exile [4] [Teenage Mutant Ninja Turtles] [Non-Foil],dimensional-exile-4-teenage-mutant-ninja-turtles-non-foil,Magic,Singles,,2026-02-17T20:34:15-05:00,2026-02-18T12:10:25-05:00,https://facetofacegames.com/products/dimensional-exile-4-teenage-mutant-ninja-turtles-non-foil,https://cdn.shopify.com/s/files/1/0574/4692/4324/files/a171d685142118b3305472d2454c1baa512c4387_Asset_SIN_MTG_TMT_4_ENG_NF.jpg?v=1771444188,53932881871220,NM,SIN-MTG-TMT-4-ENG-NM-NF,NM,,,0.49,0.49,True,,
14953005089140,Dimensional Exile [4] [Teenage Mutant Ninja Turtles] [Non-Foil],dimensional-exile-4-teenage-mutant-ninja-turtles-non-foil,Magic,Singles,,2026-02-17T20:34:15-05:00,2026-02-18T12:10:25-05:00,https://facetofacegames.com/products/dimensional-exile-4-teenage-mutant-ninja-turtles-non-foil,https://cdn.shopify.com/s/files/1/0574/4692/4324/files/a171d685142118b3305472d2454c1baa512c4387_Asset_SIN_MTG_TMT_4_ENG_NF.jpg?v=1771444188,53932881903988,PL,SIN-MTG-TMT-4-ENG-PL-NF,PL,,,0.00,,False,,
14953000075636,Courier of Comestibles [112] [Teenage Mutant Ninja Turtles] [Foil],courier-of-comestibles-112-teenage-mutant-ninja-turtles-foil,Magic,Singles,,2026-02-17T20:33:03-05:00,2026-02-18T12:10:25-05:00,https://facetofacegames.com/products/courier-of-comestibles-112-teenage-mutant-ninja-turtles-foil,https://cdn.shopify.com/s/files/1/0574/4692/4324/files/60a0b9accb44951db2e51a264cdf00268a0e6048_Asset_SIN_MTG_TMT_112_ENG_F.jpg?v=1771444133,53932871942516,NM,SIN-MTG-TMT-112-ENG-NM-F,NM,,,0.49,0.49,True,,
14953000075636,Courier of Comestibles [112] [Teenage Mutant Ninja Turtles] [Foil],courier-of-comestibles-112-teenage-mutant-ninja-turtles-foil,Magic,Singles,,2026-02-17T20:33:03-05:00,2026-02-18T12:10:25-05:00,https://facetofacegames.com/products/courier-of-comestibles-112-teenage-mutant-ninja-turtles-foil,https://cdn.shopify.com/s/files/1/0574/4692/4324/files/60a0b9accb44951db2e51a264cdf00268a0e6048_Asset_SIN_MTG_TMT_112_ENG_F.jpg?v=1771444133,53932871975284,PL,SIN-MTG-TMT-112-ENG-PL-F,PL,,,0.00,,False,,
14953005416820,Dimensional Exile [4] [Teenage Mutant Ninja Turtles] [Foil],dimensional-exile-4-teenage-mutant-ninja-turtles-foil,Magic,Singles,,2026-02-17T20:34:18-05:00,2026-02-18T12:06:51-05:00,https://facetofacegames.com/products/dimensional-exile-4-teenage-mutant-ninja-turtles-foil,https://cdn.shopify.com/s/files/1/0574/4692/4324/files/617bda943e97deb5442b2fc632409c0fb33b239c_Asset_SIN_MTG_TMT_4_ENG_F.jpg?v=1771444181,53932882657652,NM,SIN-MTG-TMT-4-ENG-NM-F,NM,,,0.49,0.49,True,,
14953005416820,Dimensional Exile [4] [Teenage Mutant Ninja Turtles] [Foil],dimensional-exile-4-teenage-mutant-ninja-turtles-foil,Magic,Singles,,2026-02-17T20:34:18-05:00,2026-02-18T12:06:51-05:00,https://facetofacegames.com/products/dimensional-exile-4-teenage-mutant-ninja-turtles-foil,https://cdn.shopify.com/s/files/1/0574/4692/4324/files/617bda943e97deb5442b2fc632409c0fb33b239c_Asset_SIN_MTG_TMT_4_ENG_F.jpg?v=1771444181,53932882690420,PL,SIN-MTG-TMT-4-ENG-PL-F,PL,,,0.00,,False,,
14953000239476,Foot Elite [146] [Teenage Mutant Ninja Turtles] [Foil],foot-elite-146-teenage-mutant-ninja-turtles-foil,Magic,Singles,,2026-02-17T20:33:04-05:00,2026-02-18T12:06:51-05:00,https://facetofacegames.com/products/foot-elite-146-teenage-mutant-ninja-turtles-foil,https://cdn.shopify.com/s/files/1/0574/4692/4324/files/ecf4b52c268ef5ac92f3409c5e8c81eb7de7e7d3_Asset_SIN_MTG_TMT_146_ENG_F.jpg?v=1771444134,53932872728948,NM,SIN-MTG-TMT-146-ENG-NM-F,NM,,,0.29,0.29,True,,
14953000239476,Foot Elite [146] [Teenage Mutant Ninja Turtles] [Foil],foot-elite-146-teenage-mutant-ninja-turtles-foil,Magic,Singles,,2026-02-17T20:33:04-05:00,2026-02-18T12:06:51-05:00,https://facetofacegames.com/products/foot-elite-146-teenage-mutant-ninja-turtles-foil,https://cdn.shopify.com/s/files/1/0574/4692/4324/files/ecf4b52c268ef5ac92f3409c5e8c81eb7de7e7d3_Asset_SIN_MTG_TMT_146_ENG_F.jpg?v=1771444134,53932872761716,PL,SIN-MTG-TMT-146-ENG-PL-F,PL,,,0.00,,False,,
14928458350964,Leonardo's Technique [18] [Teenage Mutant Ninja Turtles] [Foil],leonardos-technique-18-teenage-mutant-ninja-turtles-foil,Magic,Singles,,2026-02-03T16:48:28-05:00,2026-02-18T12:06:51-05:00,https://facetofacegames.com/products/leonardos-technique-18-teenage-mutant-ninja-turtles-foil,https://cdn.shopify.com/s/files/1/0574/4692/4324/files/b60b97f7f232fe842bbb26ecd87bd898c4322ce0_Asset_SIN_MTG_TMT_18_ENG_F.jpg?v=1770155296,53880817713524,NM,SIN-MTG-TMT-18-ENG-NM-F,NM,,,7.99,7.99,True,,
14928458350964,Leonardo's Technique [18] [Teenage Mutant Ninja Turtles] [Foil],leonardos-technique-18-teenage-mutant-ninja-turtles-foil,Magic,Singles,,2026-02-03T16:48:28-05:00,2026-02-18T12:06:51-05:00,https://facetofacegames.com/products/leonardos-technique-18-teenage-mutant-ninja-turtles-foil,https://cdn.shopify.com/s/files/1/0574/4692/4324/files/b60b97f7f232fe842bbb26ecd87bd898c4322ce0_Asset_SIN_MTG_TMT_18_ENG_F.jpg?v=1770155296,53880817746292,PL,SIN-MTG-TMT-18-ENG-PL-F,PL,,,0.00,,False,,
14928456876404,Leader's Talent [13] [Teenage Mutant Ninja Turtles] [Non-Foil],leaders-talent-13-teenage-mutant-ninja-turtles-non-foil,Magic,Singles,,2026-02-03T16:48:24-05:00,2026-02-18T12:06:51-05:00,https://facetofacegames.com/products/leaders-talent-13-teenage-mutant-ninja-turtles-non-foil,https://cdn.shopify.com/s/files/1/0574/4692/4324/files/9670f8dc6f6825a4a9e9ea7d406594591dbb2bde_Asset_SIN_MTG_TMT_13_ENG_NF.jpg?v=1770155284,53880814764404,NM,SIN-MTG-TMT-13-ENG-NM-NF,NM,,,2.99,2.99,True,,
14928456876404,Leader's Talent [13] [Teenage Mutant Ninja Turtles] [Non-Foil],leaders-talent-13-teenage-mutant-ninja-turtles-non-foil,Magic,Singles,,2026-02-03T16:48:24-05:00,2026-02-18T12:06:51-05:00,https://facetofacegames.com/products/leaders-talent-13-teenage-mutant-ninja-turtles-non-foil,https://cdn.shopify.com/s/files/1/0574/4692/4324/files/9670f8dc6f6825a4a9e9ea7d406594591dbb2bde_Asset_SIN_MTG_TMT_13_ENG_NF.jpg?v=1770155284,53880814797172,PL,SIN-MTG-TMT-13-ENG-PL-NF,PL,,,0.00,,False,,
14928458056052,"Leonardo, Sewer Samurai [17] [Teenage Mutant Ninja Turtles] [Foil]",leonardo-sewer-samurai-17-teenage-mutant-ninja-turtles-foil,Magic,Singles,,2026-02-03T16:48:27-05:00,2026-02-18T12:06:50-05:00,https://facetofacegames.com/products/leonardo-sewer-samurai-17-teenage-mutant-ninja-turtles-foil,https://cdn.shopify.com/s/files/1/0574/4692/4324/files/4411f42611cf8c0bda82ad72b39b5124c328d0ff_Asset_SIN_MTG_TMT_17_ENG_F.jpg?v=1770155295,53880817189236,NM,SIN-MTG-TMT-17-ENG-NM-F,NM,,,14.99,14.99,True,,
14928458056052,"Leonardo, Sewer Samurai [17] [Teenage Mutant Ninja Turtles] [Foil]",leonardo-sewer-samurai-17-teenage-mutant-ninja-turtles-foil,Magic,Singles,,2026-02-03T16:48:27-05:00,2026-02-18T12:06:50-05:00,https://facetofacegames.com/products/leonardo-sewer-samurai-17-teenage-mutant-ninja-turtles-foil,https://cdn.shopify.com/s/files/1/0574/4692/4324/files/4411f42611cf8c0bda82ad72b39b5124c328d0ff_Asset_SIN_MTG_TMT_17_ENG_F.jpg?v=1770155295,53880817222004,PL,SIN-MTG-TMT-17-ENG-PL-F,PL,,,0.00,,False,,
14928457892212,"Krang, Utrom Warlord [175] [Teenage Mutant Ninja Turtles] [Non-Foil]",krang-utrom-warlord-175-teenage-mutant-ninja-turtles-non-foil,Magic,Singles,,2026-02-03T16:48:27-05:00,2026-02-18T12:06:50-05:00,https://facetofacegames.com/products/krang-utrom-warlord-175-teenage-mutant-ninja-turtles-non-foil,https://cdn.shopify.com/s/files/1/0574/4692/4324/files/ad10931235593bffc6bceb53b01265ceac174e39_Asset_SIN_MTG_TMT_175_ENG_NF.jpg?v=1770155294,53880816796020,NM,SIN-MTG-TMT-175-ENG-NM-NF,NM,,,49.99,49.99,True,,
14928457892212,"Krang, Utrom Warlord [175] [Teenage Mutant Ninja Turtles] [Non-Foil]",krang-utrom-warlord-175-teenage-mutant-ninja-turtles-non-foil,Magic,Singles,,2026-02-03T16:48:27-05:00,2026-02-18T12:06:50-05:00,https://facetofacegames.com/products/krang-utrom-warlord-175-teenage-mutant-ninja-turtles-non-foil,https://cdn.shopify.com/s/files/1/0574/4692/4324/files/ad10931235593bffc6bceb53b01265ceac174e39_Asset_SIN_MTG_TMT_175_ENG_NF.jpg?v=1770155294,53880816828788,PL,SIN-MTG-TMT-175-ENG-PL-NF,PL,,,0.00,,False,,
14928457400692,"Leonardo, Cutting Edge [15] [Teenage Mutant Ninja Turtles] [Non-Foil]",leonardo-cutting-edge-15-teenage-mutant-ninja-turtles-non-foil,Magic,Singles,,2026-02-03T16:48:26-05:00,2026-02-18T12:06:50-05:00,https://facetofacegames.com/products/leonardo-cutting-edge-15-teenage-mutant-ninja-turtles-non-foil,https://cdn.shopify.com/s/files/1/0574/4692/4324/files/2d65d219f3ee06f8b40498d055305440ea722832_Asset_SIN_MTG_TMT_15_ENG_NF.jpg?v=1770155290,53880815747444,NM,SIN-MTG-TMT-15-ENG-NM-NF,NM,,,7.99,7.99,True,,
14928457400692,"Leonardo, Cutting Edge [15] [Teenage Mutant Ninja Turtles] [Non-Foil]",leonardo-cutting-edge-15-teenage-mutant-ninja-turtles-non-foil,Magic,Singles,,2026-02-03T16:48:26-05:00,2026-02-18T12:06:50-05:00,https://facetofacegames.com/products/leonardo-cutting-edge-15-teenage-mutant-ninja-turtles-non-foil,https://cdn.shopify.com/s/files/1/0574/4692/4324/files/2d65d219f3ee06f8b40498d055305440ea722832_Asset_SIN_MTG_TMT_15_ENG_NF.jpg?v=1770155290,53880815780212,PL,SIN-MTG-TMT-15-ENG-PL-NF,PL,,,0.00,,False,,
14953000403316,"Karai, Future of the Foot [151] [Teenage Mutant Ninja Turtles] [Non-Foil]",karai-future-of-the-foot-151-teenage-mutant-ninja-turtles-non-foil,Magic,Singles,,2026-02-17T20:33:04-05:00,2026-02-18T12:06:48-05:00,https://facetofacegames.com/products/karai-future-of-the-foot-151-teenage-mutant-ninja-turtles-non-foil,https://cdn.shopify.com/s/files/1/0574/4692/4324/files/2512af20f55750ddd35a6f1d17687a2077bb5215_Asset_SIN_MTG_TMT_151_ENG_NF.jpg?v=1771444135,53932872532340,NM,SIN-MTG-TMT-151-ENG-NM-NF,NM,,,0.49,0.49,True,,
14953000403316,"Karai, Future of the Foot [151] [Teenage Mutant Ninja Turtles] [Non-Foil]",karai-future-of-the-foot-151-teenage-mutant-ninja-turtles-non-foil,Magic,Singles,,2026-02-17T20:33:04-05:00,2026-02-18T12:06:48-05:00,https://facetofacegames.com/products/karai-future-of-the-foot-151-teenage-mutant-ninja-turtles-non-foil,https://cdn.shopify.com/s/files/1/0574/4692/4324/files/2512af20f55750ddd35a6f1d17687a2077bb5215_Asset_SIN_MTG_TMT_151_ENG_NF.jpg?v=1771444135,53932872565108,PL,SIN-MTG-TMT-151-ENG-PL-NF,PL,,,0.00,,False,,
14928459825524,"Krang, Master Mind [43] [Teenage Mutant Ninja Turtles] [Non-Foil]",krang-master-mind-43-teenage-mutant-ninja-turtles-non-foil,Magic,Singles,,2026-02-03T16:48:42-05:00,2026-02-18T12:06:48-05:00,https://facetofacegames.com/products/krang-master-mind-43-teenage-mutant-ninja-turtles-non-foil,https://cdn.shopify.com/s/files/1/0574/4692/4324/files/55290e80e9231e36db76af720633c8ae3f2cfcb1_Asset_SIN_MTG_TMT_43_ENG_NF.jpg?v=1770155311,53880820531572,NM,SIN-MTG-TMT-43-ENG-NM-NF,NM,,,7.99,7.99,True,,
14928459825524,"Krang, Master Mind [43] [Teenage Mutant Ninja Turtles] [Non-Foil]",krang-master-mind-43-teenage-mutant-ninja-turtles-non-foil,Magic,Singles,,2026-02-03T16:48:42-05:00,2026-02-18T12:06:48-05:00,https://facetofacegames.com/products/krang-master-mind-43-teenage-mutant-ninja-turtles-non-foil,https://cdn.shopify.com/s/files/1/0574/4692/4324/files/55290e80e9231e36db76af720633c8ae3f2cfcb1_Asset_SIN_MTG_TMT_43_ENG_NF.jpg?v=1770155311,53880820564340,PL,SIN-MTG-TMT-43-ENG-PL-NF,PL,,,0.00,,False,,
14928458088820,"Leonardo, Sewer Samurai [17] [Teenage Mutant Ninja Turtles] [Non-Foil]",leonardo-sewer-samurai-17-teenage-mutant-ninja-turtles-non-foil,Magic,Singles,,2026-02-03T16:48:27-05:00,2026-02-18T12:06:48-05:00,https://facetofacegames.com/products/leonardo-sewer-samurai-17-teenage-mutant-ninja-turtles-non-foil,https://cdn.shopify.com/s/files/1/0574/4692/4324/files/253437cc5b11a24acef8f8481d43e03240af1610_Asset_SIN_MTG_TMT_17_ENG_NF.jpg?v=1770155296,53880817123700,NM,SIN-MTG-TMT-17-ENG-NM-NF,NM,,,12.99,12.99,True,,
14928458088820,"Leonardo, Sewer Samurai [17] [Teenage Mutant Ninja Turtles] [Non-Foil]",leonardo-sewer-samurai-17-teenage-mutant-ninja-turtles-non-foil,Magic,Singles,,2026-02-03T16:48:27-05:00,2026-02-18T12:06:48-05:00,https://facetofacegames.com/products/leonardo-sewer-samurai-17-teenage-mutant-ninja-turtles-non-foil,https://cdn.shopify.com/s/files/1/0574/4692/4324/files/253437cc5b11a24acef8f8481d43e03240af1610_Asset_SIN_MTG_TMT_17_ENG_NF.jpg?v=1770155296,53880817156468,PL,SIN-MTG-TMT-17-ENG-PL-NF,PL,,,0.00,,False,,
14928457433460,"Leonardo, Cutting Edge [15] [Teenage Mutant Ninja Turtles] [Foil]",leonardo-cutting-edge-15-teenage-mutant-ninja-turtles-foil,Magic,Singles,,2026-02-03T16:48:26-05:00,2026-02-18T12:06:48-05:00,https://facetofacegames.com/products/leonardo-cutting-edge-15-teenage-mutant-ninja-turtles-foil,https://cdn.shopify.com/s/files/1/0574/4692/4324/files/df91baa84d26b91844e56241675aee20284e9e25_Asset_SIN_MTG_TMT_15_ENG_F.jpg?v=1770155289,53880815878516,NM,SIN-MTG-TMT-15-ENG-NM-F,NM,,,9.99,9.99,True,,
14928457433460,"Leonardo, Cutting Edge [15] [Teenage Mutant Ninja Turtles] [Foil]",leonardo-cutting-edge-15-teenage-mutant-ninja-turtles-foil,Magic,Singles,,2026-02-03T16:48:26-05:00,2026-02-18T12:06:48-05:00,https://facetofacegames.com/products/leonardo-cutting-edge-15-teenage-mutant-ninja-turtles-foil,https://cdn.shopify.com/s/files/1/0574/4692/4324/files/df91baa84d26b91844e56241675aee20284e9e25_Asset_SIN_MTG_TMT_15_ENG_F.jpg?v=1770155289,53880815911284,PL,SIN-MTG-TMT-15-ENG-PL-F,PL,,,0.00,,False,,
14928456352116,"Leatherhead, Swamp Stalker [117] [Teenage Mutant Ninja Turtles] [Non-Foil]",leatherhead-swamp-stalker-117-teenage-mutant-ninja-turtles-non-foil,Magic,Singles,,2026-02-03T16:48:23-05:00,2026-02-18T12:06:48-05:00,https://facetofacegames.com/products/leatherhead-swamp-stalker-117-teenage-mutant-ninja-turtles-non-foil,https://cdn.shopify.com/s/files/1/0574/4692/4324/files/2b61de0525ab11770b20c256a9c5004d4fa9d1c9_Asset_SIN_MTG_TMT_117_ENG_NF.jpg?v=1770155280,53880813617524,NM,SIN-MTG-TMT-117-ENG-NM-NF,NM,,,4.99,4.99,True,,
14928456352116,"Leatherhead, Swamp Stalker [117] [Teenage Mutant Ninja Turtles] [Non-Foil]",leatherhead-swamp-stalker-117-teenage-mutant-ninja-turtles-non-foil,Magic,Singles,,2026-02-03T16:48:23-05:00,2026-02-18T12:06:48-05:00,https://facetofacegames.com/products/leatherhead-swamp-stalker-117-teenage-mutant-ninja-turtles-non-foil,https://cdn.shopify.com/s/files/1/0574/4692/4324/files/2b61de0525ab11770b20c256a9c5004d4fa9d1c9_Asset_SIN_MTG_TMT_117_ENG_NF.jpg?v=1770155280,53880813650292,PL,SIN-MTG-TMT-117-ENG-PL-NF,PL,,,0.00,,False,,
14928456253812,"Leatherhead, Swamp Stalker [117] [Teenage Mutant Ninja Turtles] [Foil]",leatherhead-swamp-stalker-117-teenage-mutant-ninja-turtles-foil,Magic,Singles,,2026-02-03T16:48:23-05:00,2026-02-18T12:06:48-05:00,https://facetofacegames.com/products/leatherhead-swamp-stalker-117-teenage-mutant-ninja-turtles-foil,https://cdn.shopify.com/s/files/1/0574/4692/4324/files/eb1dd1e5a68f8a71e8ba6ac41a7ee7bb712a8b52_Asset_SIN_MTG_TMT_117_ENG_F.jpg?v=1770155279,53880813551988,NM,SIN-MTG-TMT-117-ENG-NM-F,NM,,,5.99,5.99,True,,
14928456253812,"Leatherhead, Swamp Stalker [117] [Teenage Mutant Ninja Turtles] [Foil]",leatherhead-swamp-stalker-117-teenage-mutant-ninja-turtles-foil,Magic,Singles,,2026-02-03T16:48:23-05:00,2026-02-18T12:06:48-05:00,https://facetofacegames.com/products/leatherhead-swamp-stalker-117-teenage-mutant-ninja-turtles-foil,https://cdn.shopify.com/s/files/1/0574/4692/4324/files/eb1dd1e5a68f8a71e8ba6ac41a7ee7bb712a8b52_Asset_SIN_MTG_TMT_117_ENG_F.jpg?v=1770155279,53880813584756,PL,SIN-MTG-TMT-117-ENG-PL-F,PL,,,0.00,,False,,
14928459661684,"Krang, Master Mind [43] [Teenage Mutant Ninja Turtles] [Foil]",krang-master-mind-43-teenage-mutant-ninja-turtles-foil,Magic,Singles,,2026-02-03T16:48:40-05:00,2026-02-18T12:06:47-05:00,https://facetofacegames.com/products/krang-master-mind-43-teenage-mutant-ninja-turtles-foil,https://cdn.shopify.com/s/files/1/0574/4692/4324/files/0cf79602bef5057d4ba5358f0b6f6391709a04a7_Asset_SIN_MTG_TMT_43_ENG_F.jpg?v=1770155311,53880820302196,NM,SIN-MTG-TMT-43-ENG-NM-F,NM,,,9.99,9.99,True,,
14928459661684,"Krang, Master Mind [43] [Teenage Mutant Ninja Turtles] [Foil]",krang-master-mind-43-teenage-mutant-ninja-turtles-foil,Magic,Singles,,2026-02-03T16:48:40-05:00,2026-02-18T12:06:47-05:00,https://facetofacegames.com/products/krang-master-mind-43-teenage-mutant-ninja-turtles-foil,https://cdn.shopify.com/s/files/1/0574/4692/4324/files/0cf79602bef5057d4ba5358f0b6f6391709a04a7_Asset_SIN_MTG_TMT_43_ENG_F.jpg?v=1770155311,53880820334964,PL,SIN-MTG-TMT-43-ENG-PL-F,PL,,,0.00,,False,,
14928458285428,Leonardo's Technique [18] [Teenage Mutant Ninja Turtles] [Non-Foil],leonardos-technique-18-teenage-mutant-ninja-turtles-non-foil,Magic,Singles,,2026-02-03T16:48:28-05:00,2026-02-18T12:06:47-05:00,https://facetofacegames.com/products/leonardos-technique-18-teenage-mutant-ninja-turtles-non-foil,https://cdn.shopify.com/s/files/1/0574/4692/4324/files/612013b98a852b52e7796c04986f02011daa70f8_Asset_SIN_MTG_TMT_18_ENG_NF.jpg?v=1770155296,53880817582452,NM,SIN-MTG-TMT-18-ENG-NM-NF,NM,,,6.99,6.99,True,,
14928458285428,Leonardo's Technique [18] [Teenage Mutant Ninja Turtles] [Non-Foil],leonardos-technique-18-teenage-mutant-ninja-turtles-non-foil,Magic,Singles,,2026-02-03T16:48:28-05:00,2026-02-18T12:06:47-05:00,https://facetofacegames.com/products/leonardos-technique-18-teenage-mutant-ninja-turtles-non-foil,https://cdn.shopify.com/s/files/1/0574/4692/4324/files/612013b98a852b52e7796c04986f02011daa70f8_Asset_SIN_MTG_TMT_18_ENG_NF.jpg?v=1770155296,53880817615220,PL,SIN-MTG-TMT-18-ENG-PL-NF,PL,,,0.00,,False,,
14928457793908,"Krang, Utrom Warlord [175] [Teenage Mutant Ninja Turtles] [Foil]",krang-utrom-warlord-175-teenage-mutant-ninja-turtles-foil,Magic,Singles,,2026-02-03T16:48:27-05:00,2026-02-18T12:06:47-05:00,https://facetofacegames.com/products/krang-utrom-warlord-175-teenage-mutant-ninja-turtles-foil,https://cdn.shopify.com/s/files/1/0574/4692/4324/files/525d394dee99e1a44213e705169bec745c435fbf_Asset_SIN_MTG_TMT_175_ENG_F.jpg?v=1770155293,53880816599412,NM,SIN-MTG-TMT-175-ENG-NM-F,NM,,,59.99,59.99,True,,
14928457793908,"Krang, Utrom Warlord [175] [Teenage Mutant Ninja Turtles] [Foil]",krang-utrom-warlord-175-teenage-mutant-ninja-turtles-foil,Magic,Singles,,2026-02-03T16:48:27-05:00,2026-02-18T12:06:47-05:00,https://facetofacegames.com/products/krang-utrom-warlord-175-teenage-mutant-ninja-turtles-foil,https://cdn.shopify.com/s/files/1/0574/4692/4324/files/525d394dee99e1a44213e705169bec745c435fbf_Asset_SIN_MTG_TMT_175_ENG_F.jpg?v=1770155293,53880816632180,PL,SIN-MTG-TMT-175-ENG-PL-F,PL,,,0.00,,False,,
14928456810868,Leader's Talent [13] [Teenage Mutant Ninja Turtles] [Foil],leaders-talent-13-teenage-mutant-ninja-turtles-foil,Magic,Singles,,2026-02-03T16:48:24-05:00,2026-02-18T12:06:47-05:00,https://facetofacegames.com/products/leaders-talent-13-teenage-mutant-ninja-turtles-foil,https://cdn.shopify.com/s/files/1/0574/4692/4324/files/1acfaa0859e6152573aea8d1ad64ab6437eec495_Asset_SIN_MTG_TMT_13_ENG_F.jpg?v=1770155283,53880814633332,NM,SIN-MTG-TMT-13-ENG-NM-F,NM,,,3.99,3.99,True,,
14928456810868,Leader's Talent [13] [Teenage Mutant Ninja Turtles] [Foil],leaders-talent-13-teenage-mutant-ninja-turtles-foil,Magic,Singles,,2026-02-03T16:48:24-05:00,2026-02-18T12:06:47-05:00,https://facetofacegames.com/products/leaders-talent-13-teenage-mutant-ninja-turtles-foil,https://cdn.shopify.com/s/files/1/0574/4692/4324/files/1acfaa0859e6152573aea8d1ad64ab6437eec495_Asset_SIN_MTG_TMT_13_ENG_F.jpg?v=1770155283,53880814666100,PL,SIN-MTG-TMT-13-ENG-PL-F,PL,,,0.00,,False,,
14953000010100,Cowabunga! [113] [Teenage Mutant Ninja Turtles] [Foil],cowabunga-113-teenage-mutant-ninja-turtles-foil,Magic,Singles,,2026-02-17T20:33:03-05:00,2026-02-18T12:03:02-05:00,https://facetofacegames.com/products/cowabunga-113-teenage-mutant-ninja-turtles-foil,https://cdn.shopify.com/s/files/1/0574/4692/4324/files/394983b520f7fd14df0c6b66d4ab61a9b2da86d8_Asset_SIN_MTG_TMT_113_ENG_F.jpg?v=1771444133,53932871811444,NM,SIN-MTG-TMT-113-ENG-NM-F,NM,,,0.49,0.49,True,,
14953000010100,Cowabunga! [113] [Teenage Mutant Ninja Turtles] [Foil],cowabunga-113-teenage-mutant-ninja-turtles-foil,Magic,Singles,,2026-02-17T20:33:03-05:00,2026-02-18T12:03:02-05:00,https://facetofacegames.com/products/cowabunga-113-teenage-mutant-ninja-turtles-foil,https://cdn.shopify.com/s/files/1/0574/4692/4324/files/394983b520f7fd14df0c6b66d4ab61a9b2da86d8_Asset_SIN_MTG_TMT_113_ENG_F.jpg?v=1771444133,53932871844212,PL,SIN-MTG-TMT-113-ENG-PL-F,PL,,,0.00,,False,,
14928457138548,Krang & Shredder [153] [Teenage Mutant Ninja Turtles] [Non-Foil],krang-shredder-153-teenage-mutant-ninja-turtles-non-foil,Magic,Singles,,2026-02-03T16:48:25-05:00,2026-02-18T12:03:02-05:00,https://facetofacegames.com/products/krang-shredder-153-teenage-mutant-ninja-turtles-non-foil,https://cdn.shopify.com/s/files/1/0574/4692/4324/files/88563bb50fb57b39cbdc4f4a1b900fc30874e36b_Asset_SIN_MTG_TMT_153_ENG_NF.jpg?v=1770155289,53880815288692,NM,SIN-MTG-TMT-153-ENG-NM-NF,NM,,,4.99,4.99,True,,
14928457138548,Krang & Shredder [153] [Teenage Mutant Ninja Turtles] [Non-Foil],krang-shredder-153-teenage-mutant-ninja-turtles-non-foil,Magic,Singles,,2026-02-03T16:48:25-05:00,2026-02-18T12:03:02-05:00,https://facetofacegames.com/products/krang-shredder-153-teenage-mutant-ninja-turtles-non-foil,https://cdn.shopify.com/s/files/1/0574/4692/4324/files/88563bb50fb57b39cbdc4f4a1b900fc30874e36b_Asset_SIN_MTG_TMT_153_ENG_NF.jpg?v=1770155289,53880815321460,PL,SIN-MTG-TMT-153-ENG-PL-NF,PL,,,0.00,,False,,
14928460972404,"Casey Jones, Vigilante [88] [Teenage Mutant Ninja Turtles] [Non-Foil]",casey-jones-vigilante-88-teenage-mutant-ninja-turtles-non-foil,Magic,Singles,,2026-02-03T16:49:04-05:00,2026-02-18T12:03:01-05:00,https://facetofacegames.com/products/casey-jones-vigilante-88-teenage-mutant-ninja-turtles-non-foil,https://cdn.shopify.com/s/files/1/0574/4692/4324/files/9264fe16b826c24461dcb9ba145bf54dc771b373_Asset_SIN_MTG_TMT_88_ENG_NF.jpg?v=1770155317,53880822595956,NM,SIN-MTG-TMT-88-ENG-NM-NF,NM,,,3.99,3.99,True,,
14928460972404,"Casey Jones, Vigilante [88] [Teenage Mutant Ninja Turtles] [Non-Foil]",casey-jones-vigilante-88-teenage-mutant-ninja-turtles-non-foil,Magic,Singles,,2026-02-03T16:49:04-05:00,2026-02-18T12:03:01-05:00,https://facetofacegames.com/products/casey-jones-vigilante-88-teenage-mutant-ninja-turtles-non-foil,https://cdn.shopify.com/s/files/1/0574/4692/4324/files/9264fe16b826c24461dcb9ba145bf54dc771b373_Asset_SIN_MTG_TMT_88_ENG_NF.jpg?v=1770155317,53880822628724,PL,SIN-MTG-TMT-88-ENG-PL-NF,PL,,,0.00,,False,,
14928459694452,"Kitsune, Dragon's Daughter [41] [Teenage Mutant Ninja Turtles] [Non-Foil]",kitsune-dragons-daughter-41-teenage-mutant-ninja-turtles-non-foil,Magic,Singles,,2026-02-03T16:48:40-05:00,2026-02-18T12:03:00-05:00,https://facetofacegames.com/products/kitsune-dragons-daughter-41-teenage-mutant-ninja-turtles-non-foil,https://cdn.shopify.com/s/files/1/0574/4692/4324/files/f9259f4d1f333411e29c8aa055d3c1d399c3fa95_Asset_SIN_MTG_TMT_41_ENG_NF.jpg?v=1770155311,53880820236660,NM,SIN-MTG-TMT-41-ENG-NM-NF,NM,,,1.99,1.99,True,,
14928459694452,"Kitsune, Dragon's Daughter [41] [Teenage Mutant Ninja Turtles] [Non-Foil]",kitsune-dragons-daughter-41-teenage-mutant-ninja-turtles-non-foil,Magic,Singles,,2026-02-03T16:48:40-05:00,2026-02-18T12:03:00-05:00,https://facetofacegames.com/products/kitsune-dragons-daughter-41-teenage-mutant-ninja-turtles-non-foil,https://cdn.shopify.com/s/files/1/0574/4692/4324/files/f9259f4d1f333411e29c8aa055d3c1d399c3fa95_Asset_SIN_MTG_TMT_41_ENG_NF.jpg?v=1770155311,53880820269428,PL,SIN-MTG-TMT-41-ENG-PL-NF,PL,,,0.00,,False,,
14928459301236,Does Machines [34] [Teenage Mutant Ninja Turtles] [Foil],does-machines-34-teenage-mutant-ninja-turtles-foil,Magic,Singles,,2026-02-03T16:48:40-05:00,2026-02-18T12:03:00-05:00,https://facetofacegames.com/products/does-machines-34-teenage-mutant-ninja-turtles-foil,https://cdn.shopify.com/s/files/1/0574/4692/4324/files/d8e562b7c247cb1a40f721043d02a1bd10f0bd11_Asset_SIN_MTG_TMT_34_ENG_F.jpg?v=1770155310,53880819581300,NM,SIN-MTG-TMT-34-ENG-NM-F,NM,,,5.99,5.99,True,,
14928459301236,Does Machines [34] [Teenage Mutant Ninja Turtles] [Foil],does-machines-34-teenage-mutant-ninja-turtles-foil,Magic,Singles,,2026-02-03T16:48:40-05:00,2026-02-18T12:03:00-05:00,https://facetofacegames.com/products/does-machines-34-teenage-mutant-ninja-turtles-foil,https://cdn.shopify.com/s/files/1/0574/4692/4324/files/d8e562b7c247cb1a40f721043d02a1bd10f0bd11_Asset_SIN_MTG_TMT_34_ENG_F.jpg?v=1770155310,53880819614068,PL,SIN-MTG-TMT-34-ENG-PL-F,PL,,,0.00,,False,,
14928458744180,Island [254] [Full Art] [Pizza Basic Land ] [Teenage Mutant Ninja Turtles] [Non-Foil],island-254-full-art-pizza-basic-land-teenage-mutant-ninja-turtles-non-foil,Magic,Singles,,2026-02-03T16:48:28-05:00,2026-02-18T12:03:00-05:00,https://facetofacegames.com/products/island-254-full-art-pizza-basic-land-teenage-mutant-ninja-turtles-non-foil,https://cdn.shopify.com/s/files/1/0574/4692/4324/files/2c4614ab37041be39d37df80bdfe8a601c0382e4_Asset_SIN_MTG_TMT_254_ENG_NF.jpg?v=1770155298,53880818434420,NM,SIN-MTG-TMT-254-ENG-NM-NF,NM,,,0.99,0.99,True,,
14928458744180,Island [254] [Full Art] [Pizza Basic Land ] [Teenage Mutant Ninja Turtles] [Non-Foil],island-254-full-art-pizza-basic-land-teenage-mutant-ninja-turtles-non-foil,Magic,Singles,,2026-02-03T16:48:28-05:00,2026-02-18T12:03:00-05:00,https://facetofacegames.com/products/island-254-full-art-pizza-basic-land-teenage-mutant-ninja-turtles-non-foil,https://cdn.shopify.com/s/files/1/0574/4692/4324/files/2c4614ab37041be39d37df80bdfe8a601c0382e4_Asset_SIN_MTG_TMT_254_ENG_NF.jpg?v=1770155298,53880818467188,PL,SIN-MTG-TMT-254-ENG-PL-NF,PL,,,0.00,,False,,
14928456941940,Dark Leo & Shredder [142] [Teenage Mutant Ninja Turtles] [Non-Foil],dark-leo-shredder-142-teenage-mutant-ninja-turtles-non-foil,Magic,Singles,,2026-02-03T16:48:24-05:00,2026-02-18T12:03:00-05:00,https://facetofacegames.com/products/dark-leo-shredder-142-teenage-mutant-ninja-turtles-non-foil,https://cdn.shopify.com/s/files/1/0574/4692/4324/files/e98100aff663a2104807202ec0cea4d139d35cad_Asset_SIN_MTG_TMT_142_ENG_NF.jpg?v=1770155286,53880815026548,NM,SIN-MTG-TMT-142-ENG-NM-NF,NM,,,11.99,11.99,True,,
14928456941940,Dark Leo & Shredder [142] [Teenage Mutant Ninja Turtles] [Non-Foil],dark-leo-shredder-142-teenage-mutant-ninja-turtles-non-foil,Magic,Singles,,2026-02-03T16:48:24-05:00,2026-02-18T12:03:00-05:00,https://facetofacegames.com/products/dark-leo-shredder-142-teenage-mutant-ninja-turtles-non-foil,https://cdn.shopify.com/s/files/1/0574/4692/4324/files/e98100aff663a2104807202ec0cea4d139d35cad_Asset_SIN_MTG_TMT_142_ENG_NF.jpg?v=1770155286,53880815059316,PL,SIN-MTG-TMT-142-ENG-PL-NF,PL,,,0.00,,False,,
14953000599924,Island [192] [Full Art] [Rooftop Basic Land] [Teenage Mutant Ninja Turtles] [Non-Foil],island-192-full-art-rooftop-basic-land-teenage-mutant-ninja-turtles-non-foil,Magic,Singles,,2026-02-17T20:33:04-05:00,2026-02-18T12:02:59-05:00,https://facetofacegames.com/products/island-192-full-art-rooftop-basic-land-teenage-mutant-ninja-turtles-non-foil,https://cdn.shopify.com/s/files/1/0574/4692/4324/files/246bae5f5448959bcf442136e9de7f1d6aa74ee9_Asset_SIN_MTG_TMT_192_ENG_NF.jpg?v=1771444135,53932872991092,NM,SIN-MTG-TMT-192-ENG-NM-NF,NM,,,0.99,0.99,True,,
14953000599924,Island [192] [Full Art] [Rooftop Basic Land] [Teenage Mutant Ninja Turtles] [Non-Foil],island-192-full-art-rooftop-basic-land-teenage-mutant-ninja-turtles-non-foil,Magic,Singles,,2026-02-17T20:33:04-05:00,2026-02-18T12:02:59-05:00,https://facetofacegames.com/products/island-192-full-art-rooftop-basic-land-teenage-mutant-ninja-turtles-non-foil,https://cdn.shopify.com/s/files/1/0574/4692/4324/files/246bae5f5448959bcf442136e9de7f1d6aa74ee9_Asset_SIN_MTG_TMT_192_ENG_NF.jpg?v=1771444135,53932873023860,PL,SIN-MTG-TMT-192-ENG-PL-NF,PL,,,0.00,,False,,
14928460874100,Cool but Rude [89] [Teenage Mutant Ninja Turtles] [Non-Foil],cool-but-rude-89-teenage-mutant-ninja-turtles-non-foil,Magic,Singles,,2026-02-03T16:49:03-05:00,2026-02-18T12:02:59-05:00,https://facetofacegames.com/products/cool-but-rude-89-teenage-mutant-ninja-turtles-non-foil,https://cdn.shopify.com/s/files/1/0574/4692/4324/files/912780495e4391da9b59b8eabb8c1a02938b6554_Asset_SIN_MTG_TMT_89_ENG_NF.jpg?v=1770155317,53880822399348,NM,SIN-MTG-TMT-89-ENG-NM-NF,NM,,,9.99,9.99,True,,
14928460874100,Cool but Rude [89] [Teenage Mutant Ninja Turtles] [Non-Foil],cool-but-rude-89-teenage-mutant-ninja-turtles-non-foil,Magic,Singles,,2026-02-03T16:49:03-05:00,2026-02-18T12:02:59-05:00,https://facetofacegames.com/products/cool-but-rude-89-teenage-mutant-ninja-turtles-non-foil,https://cdn.shopify.com/s/files/1/0574/4692/4324/files/912780495e4391da9b59b8eabb8c1a02938b6554_Asset_SIN_MTG_TMT_89_ENG_NF.jpg?v=1770155317,53880822432116,PL,SIN-MTG-TMT-89-ENG-PL-NF,PL,,,0.00,,False,,
14953000436084,Island [192] [Full Art] [Rooftop Basic Land] [Teenage Mutant Ninja Turtles] [Foil],island-192-full-art-rooftop-basic-land-teenage-mutant-ninja-turtles-foil,Magic,Singles,,2026-02-17T20:33:04-05:00,2026-02-18T12:02:56-05:00,https://facetofacegames.com/products/island-192-full-art-rooftop-basic-land-teenage-mutant-ninja-turtles-foil,https://cdn.shopify.com/s/files/1/0574/4692/4324/files/a9199c1c55302f7080a6c02d45065108b014b2d6_Asset_SIN_MTG_TMT_192_ENG_F.jpg?v=1771444135,53932872794484,NM,SIN-MTG-TMT-192-ENG-NM-F,NM,,,1.49,1.49,True,,
14953000436084,Island [192] [Full Art] [Rooftop Basic Land] [Teenage Mutant Ninja Turtles] [Foil],island-192-full-art-rooftop-basic-land-teenage-mutant-ninja-turtles-foil,Magic,Singles,,2026-02-17T20:33:04-05:00,2026-02-18T12:02:56-05:00,https://facetofacegames.com/products/island-192-full-art-rooftop-basic-land-teenage-mutant-ninja-turtles-foil,https://cdn.shopify.com/s/files/1/0574/4692/4324/files/a9199c1c55302f7080a6c02d45065108b014b2d6_Asset_SIN_MTG_TMT_192_ENG_F.jpg?v=1771444135,53932872827252,PL,SIN-MTG-TMT-192-ENG-PL-F,PL,,,0.00,,False,,
14952999944564,Courier of Comestibles [112] [Teenage Mutant Ninja Turtles] [Non-Foil],courier-of-comestibles-112-teenage-mutant-ninja-turtles-non-foil,Magic,Singles,,2026-02-17T20:33:03-05:00,2026-02-18T12:02:56-05:00,https://facetofacegames.com/products/courier-of-comestibles-112-teenage-mutant-ninja-turtles-non-foil,https://cdn.shopify.com/s/files/1/0574/4692/4324/files/053611e92732747294f49e0e227ae9ef07cb1519_Asset_SIN_MTG_TMT_112_ENG_NF.jpg?v=1771444133,53932871680372,NM,SIN-MTG-TMT-112-ENG-NM-NF,NM,,,0.49,0.49,True,,
14952999944564,Courier of Comestibles [112] [Teenage Mutant Ninja Turtles] [Non-Foil],courier-of-comestibles-112-teenage-mutant-ninja-turtles-non-foil,Magic,Singles,,2026-02-17T20:33:03-05:00,2026-02-18T12:02:56-05:00,https://facetofacegames.com/products/courier-of-comestibles-112-teenage-mutant-ninja-turtles-non-foil,https://cdn.shopify.com/s/files/1/0574/4692/4324/files/053611e92732747294f49e0e227ae9ef07cb1519_Asset_SIN_MTG_TMT_112_ENG_NF.jpg?v=1771444133,53932871713140,PL,SIN-MTG-TMT-112-ENG-PL-NF,PL,,,0.00,,False,,
14928460808564,"Casey Jones, Vigilante [88] [Teenage Mutant Ninja Turtles] [Foil]",casey-jones-vigilante-88-teenage-mutant-ninja-turtles-foil,Magic,Singles,,2026-02-03T16:49:03-05:00,2026-02-18T12:02:56-05:00,https://facetofacegames.com/products/casey-jones-vigilante-88-teenage-mutant-ninja-turtles-foil,https://cdn.shopify.com/s/files/1/0574/4692/4324/files/62ec28e025d170951f94f49d31c8449ea9b72bae_Asset_SIN_MTG_TMT_88_ENG_F.jpg?v=1770155317,53880822268276,NM,SIN-MTG-TMT-88-ENG-NM-F,NM,,,4.99,4.99,True,,
14928460808564,"Casey Jones, Vigilante [88] [Teenage Mutant Ninja Turtles] [Foil]",casey-jones-vigilante-88-teenage-mutant-ninja-turtles-foil,Magic,Singles,,2026-02-03T16:49:03-05:00,2026-02-18T12:02:56-05:00,https://facetofacegames.com/products/casey-jones-vigilante-88-teenage-mutant-ninja-turtles-foil,https://cdn.shopify.com/s/files/1/0574/4692/4324/files/62ec28e025d170951f94f49d31c8449ea9b72bae_Asset_SIN_MTG_TMT_88_ENG_F.jpg?v=1770155317,53880822301044,PL,SIN-MTG-TMT-88-ENG-PL-F,PL,,,0.00,,False,,
14928459334004,"Donatello, Gadget Master [35] [Teenage Mutant Ninja Turtles] [Foil]",donatello-gadget-master-35-teenage-mutant-ninja-turtles-foil,Magic,Singles,,2026-02-03T16:48:40-05:00,2026-02-18T12:02:56-05:00,https://facetofacegames.com/products/donatello-gadget-master-35-teenage-mutant-ninja-turtles-foil,https://cdn.shopify.com/s/files/1/0574/4692/4324/files/8ddb96e030d00d025415c0ecc6f0b2d24b7165ef_Asset_SIN_MTG_TMT_35_ENG_F.jpg?v=1770155310,53880819712372,NM,SIN-MTG-TMT-35-ENG-NM-F,NM,,,5.99,5.99,True,,
14928459334004,"Donatello, Gadget Master [35] [Teenage Mutant Ninja Turtles] [Foil]",donatello-gadget-master-35-teenage-mutant-ninja-turtles-foil,Magic,Singles,,2026-02-03T16:48:40-05:00,2026-02-18T12:02:56-05:00,https://facetofacegames.com/products/donatello-gadget-master-35-teenage-mutant-ninja-turtles-foil,https://cdn.shopify.com/s/files/1/0574/4692/4324/files/8ddb96e030d00d025415c0ecc6f0b2d24b7165ef_Asset_SIN_MTG_TMT_35_ENG_F.jpg?v=1770155310,53880819745140,PL,SIN-MTG-TMT-35-ENG-PL-F,PL,,,0.00,,False,,
14928456221044,Groundchuck & Dirtbag [115] [Teenage Mutant Ninja Turtles] [Foil],groundchuck-dirtbag-115-teenage-mutant-ninja-turtles-foil,Magic,Singles,,2026-02-03T16:48:22-05:00,2026-02-18T12:02:56-05:00,https://facetofacegames.com/products/groundchuck-dirtbag-115-teenage-mutant-ninja-turtles-foil,https://cdn.shopify.com/s/files/1/0574/4692/4324/files/6791d018aa2b4e8f0551a2f3d9a912ade0d0a60f_Asset_SIN_MTG_TMT_115_ENG_F.jpg?v=1770155279,53880813486452,NM,SIN-MTG-TMT-115-ENG-NM-F,NM,,,8.99,8.99,True,,
14928456221044,Groundchuck & Dirtbag [115] [Teenage Mutant Ninja Turtles] [Foil],groundchuck-dirtbag-115-teenage-mutant-ninja-turtles-foil,Magic,Singles,,2026-02-03T16:48:22-05:00,2026-02-18T12:02:56-05:00,https://facetofacegames.com/products/groundchuck-dirtbag-115-teenage-mutant-ninja-turtles-foil,https://cdn.shopify.com/s/files/1/0574/4692/4324/files/6791d018aa2b4e8f0551a2f3d9a912ade0d0a60f_Asset_SIN_MTG_TMT_115_ENG_F.jpg?v=1770155279,53880813519220,PL,SIN-MTG-TMT-115-ENG-PL-F,PL,,,0.00,,False,,
14953000763764,Action News Crew [1] [Teenage Mutant Ninja Turtles] [Non-Foil],action-news-crew-1-teenage-mutant-ninja-turtles-non-foil,Magic,Singles,,2026-02-17T20:33:09-05:00,2026-02-18T12:02:55-05:00,https://facetofacegames.com/products/action-news-crew-1-teenage-mutant-ninja-turtles-non-foil,https://cdn.shopify.com/s/files/1/0574/4692/4324/files/e0aa35616440b624960e6becbdffe5f4dc628fc9_Asset_SIN_MTG_TMT_1_ENG_NF.jpg?v=1771444151,53932873253236,NM,SIN-MTG-TMT-1-ENG-NM-NF,NM,,,0.49,0.49,True,,
14953000763764,Action News Crew [1] [Teenage Mutant Ninja Turtles] [Non-Foil],action-news-crew-1-teenage-mutant-ninja-turtles-non-foil,Magic,Singles,,2026-02-17T20:33:09-05:00,2026-02-18T12:02:55-05:00,https://facetofacegames.com/products/action-news-crew-1-teenage-mutant-ninja-turtles-non-foil,https://cdn.shopify.com/s/files/1/0574/4692/4324/files/e0aa35616440b624960e6becbdffe5f4dc628fc9_Asset_SIN_MTG_TMT_1_ENG_NF.jpg?v=1771444151,53932873286004,PL,SIN-MTG-TMT-1-ENG-PL-NF,PL,,,0.00,,False,,
14953000730996,Forest [195] [Full Art] [Rooftop Basic Land] [Teenage Mutant Ninja Turtles] [Non-Foil],forest-195-full-art-rooftop-basic-land-teenage-mutant-ninja-turtles-non-foil,Magic,Singles,,2026-02-17T20:33:09-05:00,2026-02-18T12:02:55-05:00,https://facetofacegames.com/products/forest-195-full-art-rooftop-basic-land-teenage-mutant-ninja-turtles-non-foil,https://cdn.shopify.com/s/files/1/0574/4692/4324/files/53e8bddf3af9e23152e1836a449bde7268e9e97b_Asset_SIN_MTG_TMT_195_ENG_NF.jpg?v=1771444152,53932873318772,NM,SIN-MTG-TMT-195-ENG-NM-NF,NM,,,0.99,0.99,True,,
14953000730996,Forest [195] [Full Art] [Rooftop Basic Land] [Teenage Mutant Ninja Turtles] [Non-Foil],forest-195-full-art-rooftop-basic-land-teenage-mutant-ninja-turtles-non-foil,Magic,Singles,,2026-02-17T20:33:09-05:00,2026-02-18T12:02:55-05:00,https://facetofacegames.com/products/forest-195-full-art-rooftop-basic-land-teenage-mutant-ninja-turtles-non-foil,https://cdn.shopify.com/s/files/1/0574/4692/4324/files/53e8bddf3af9e23152e1836a449bde7268e9e97b_Asset_SIN_MTG_TMT_195_ENG_NF.jpg?v=1771444152,53932873351540,PL,SIN-MTG-TMT-195-ENG-PL-NF,PL,,,0.00,,False,,
14953000698228,Forest [195] [Full Art] [Rooftop Basic Land] [Teenage Mutant Ninja Turtles] [Foil],forest-195-full-art-rooftop-basic-land-teenage-mutant-ninja-turtles-foil,Magic,Singles,,2026-02-17T20:33:09-05:00,2026-02-18T12:02:55-05:00,https://facetofacegames.com/products/forest-195-full-art-rooftop-basic-land-teenage-mutant-ninja-turtles-foil,https://cdn.shopify.com/s/files/1/0574/4692/4324/files/e8ddd55ef5f15b29998b20748e7318f8bc5d50ad_Asset_SIN_MTG_TMT_195_ENG_F.jpg?v=1771444154,53932873187700,NM,SIN-MTG-TMT-195-ENG-NM-F,NM,,,1.49,1.49,True,,
14953000698228,Forest [195] [Full Art] [Rooftop Basic Land] [Teenage Mutant Ninja Turtles] [Foil],forest-195-full-art-rooftop-basic-land-teenage-mutant-ninja-turtles-foil,Magic,Singles,,2026-02-17T20:33:09-05:00,2026-02-18T12:02:55-05:00,https://facetofacegames.com/products/forest-195-full-art-rooftop-basic-land-teenage-mutant-ninja-turtles-foil,https://cdn.shopify.com/s/files/1/0574/4692/4324/files/e8ddd55ef5f15b29998b20748e7318f8bc5d50ad_Asset_SIN_MTG_TMT_195_ENG_F.jpg?v=1771444154,53932873220468,PL,SIN-MTG-TMT-195-ENG-PL-F,PL,,,0.00,,False,,
14953000632692,Genghis Frog [148] [Teenage Mutant Ninja Turtles] [Non-Foil],genghis-frog-148-teenage-mutant-ninja-turtles-non-foil,Magic,Singles,,2026-02-17T20:33:05-05:00,2026-02-18T12:02:55-05:00,https://facetofacegames.com/products/genghis-frog-148-teenage-mutant-ninja-turtles-non-foil,https://cdn.shopify.com/s/files/1/0574/4692/4324/files/d787d40325c91d45c53086a50d38a90aa1779e1c_Asset_SIN_MTG_TMT_148_ENG_NF.jpg?v=1771444135,53932873056628,NM,SIN-MTG-TMT-148-ENG-NM-NF,NM,,,0.49,0.49,True,,
14953000632692,Genghis Frog [148] [Teenage Mutant Ninja Turtles] [Non-Foil],genghis-frog-148-teenage-mutant-ninja-turtles-non-foil,Magic,Singles,,2026-02-17T20:33:05-05:00,2026-02-18T12:02:55-05:00,https://facetofacegames.com/products/genghis-frog-148-teenage-mutant-ninja-turtles-non-foil,https://cdn.shopify.com/s/files/1/0574/4692/4324/files/d787d40325c91d45c53086a50d38a90aa1779e1c_Asset_SIN_MTG_TMT_148_ENG_NF.jpg?v=1771444135,53932873089396,PL,SIN-MTG-TMT-148-ENG-PL-NF,PL,,,0.00,,False,,
14953000272244,Genghis Frog [148] [Teenage Mutant Ninja Turtles] [Foil],genghis-frog-148-teenage-mutant-ninja-turtles-foil,Magic,Singles,,2026-02-17T20:33:04-05:00,2026-02-18T12:02:55-05:00,https://facetofacegames.com/products/genghis-frog-148-teenage-mutant-ninja-turtles-foil,https://cdn.shopify.com/s/files/1/0574/4692/4324/files/a637a7f52bdae47b8cf7f1dae4e7e179bfb66772_Asset_SIN_MTG_TMT_148_ENG_F.jpg?v=1771444135,53932872270196,NM,SIN-MTG-TMT-148-ENG-NM-F,NM,,,0.49,0.49,True,,
14953000272244,Genghis Frog [148] [Teenage Mutant Ninja Turtles] [Foil],genghis-frog-148-teenage-mutant-ninja-turtles-foil,Magic,Singles,,2026-02-17T20:33:04-05:00,2026-02-18T12:02:55-05:00,https://facetofacegames.com/products/genghis-frog-148-teenage-mutant-ninja-turtles-foil,https://cdn.shopify.com/s/files/1/0574/4692/4324/files/a637a7f52bdae47b8cf7f1dae4e7e179bfb66772_Asset_SIN_MTG_TMT_148_ENG_F.jpg?v=1771444135,53932872302964,PL,SIN-MTG-TMT-148-ENG-PL-F,PL,,,0.00,,False,,
14928460841332,Improvised Arsenal [92] [Teenage Mutant Ninja Turtles] [Foil],improvised-arsenal-92-teenage-mutant-ninja-turtles-foil,Magic,Singles,,2026-02-03T16:49:03-05:00,2026-02-18T12:02:55-05:00,https://facetofacegames.com/products/improvised-arsenal-92-teenage-mutant-ninja-turtles-foil,https://cdn.shopify.com/s/files/1/0574/4692/4324/files/9ccf1554e46f37f7fef356d7918f349c6e7fbf31_Asset_SIN_MTG_TMT_92_ENG_F.jpg?v=1770155317,53880822333812,NM,SIN-MTG-TMT-92-ENG-NM-F,NM,,,5.99,5.99,True,,
14928460841332,Improvised Arsenal [92] [Teenage Mutant Ninja Turtles] [Foil],improvised-arsenal-92-teenage-mutant-ninja-turtles-foil,Magic,Singles,,2026-02-03T16:49:03-05:00,2026-02-18T12:02:55-05:00,https://facetofacegames.com/products/improvised-arsenal-92-teenage-mutant-ninja-turtles-foil,https://cdn.shopify.com/s/files/1/0574/4692/4324/files/9ccf1554e46f37f7fef356d7918f349c6e7fbf31_Asset_SIN_MTG_TMT_92_ENG_F.jpg?v=1770155317,53880822366580,PL,SIN-MTG-TMT-92-ENG-PL-F,PL,,,0.00,,False,,
14928460022132,"Armaggon, Future Shark [58] [Teenage Mutant Ninja Turtles] [Foil]",armaggon-future-shark-58-teenage-mutant-ninja-turtles-foil,Magic,Singles,,2026-02-03T16:48:42-05:00,2026-02-18T12:02:55-05:00,https://facetofacegames.com/products/armaggon-future-shark-58-teenage-mutant-ninja-turtles-foil,https://cdn.shopify.com/s/files/1/0574/4692/4324/files/94f8b4fd184889163689df35daa29d0a71aed4ee_Asset_SIN_MTG_TMT_58_ENG_F.jpg?v=1770155311,53880820924788,NM,SIN-MTG-TMT-58-ENG-NM-F,NM,,,2.49,2.49,True,,
14928460022132,"Armaggon, Future Shark [58] [Teenage Mutant Ninja Turtles] [Foil]",armaggon-future-shark-58-teenage-mutant-ninja-turtles-foil,Magic,Singles,,2026-02-03T16:48:42-05:00,2026-02-18T12:02:55-05:00,https://facetofacegames.com/products/armaggon-future-shark-58-teenage-mutant-ninja-turtles-foil,https://cdn.shopify.com/s/files/1/0574/4692/4324/files/94f8b4fd184889163689df35daa29d0a71aed4ee_Asset_SIN_MTG_TMT_58_ENG_F.jpg?v=1770155311,53880820957556,PL,SIN-MTG-TMT-58-ENG-PL-F,PL,,,0.00,,False,,
14928459530612,"Donatello, Gadget Master [35] [Teenage Mutant Ninja Turtles] [Non-Foil]",donatello-gadget-master-35-teenage-mutant-ninja-turtles-non-foil,Magic,Singles,,2026-02-03T16:48:40-05:00,2026-02-18T12:02:55-05:00,https://facetofacegames.com/products/donatello-gadget-master-35-teenage-mutant-ninja-turtles-non-foil,https://cdn.shopify.com/s/files/1/0574/4692/4324/files/85b3118ddebc9ae55ebe7000e109ad10520505d3_Asset_SIN_MTG_TMT_35_ENG_NF.jpg?v=1770155311,53880819908980,NM,SIN-MTG-TMT-35-ENG-NM-NF,NM,,,4.99,4.99,True,,
14928459530612,"Donatello, Gadget Master [35] [Teenage Mutant Ninja Turtles] [Non-Foil]",donatello-gadget-master-35-teenage-mutant-ninja-turtles-non-foil,Magic,Singles,,2026-02-03T16:48:40-05:00,2026-02-18T12:02:55-05:00,https://facetofacegames.com/products/donatello-gadget-master-35-teenage-mutant-ninja-turtles-non-foil,https://cdn.shopify.com/s/files/1/0574/4692/4324/files/85b3118ddebc9ae55ebe7000e109ad10520505d3_Asset_SIN_MTG_TMT_35_ENG_NF.jpg?v=1770155311,53880819941748,PL,SIN-MTG-TMT-35-ENG-PL-NF,PL,,,0.00,,False,,
14928458875252,Forest [257] [Full Art] [Pizza Basic Land ] [Teenage Mutant Ninja Turtles] [Non-Foil],forest-257-full-art-pizza-basic-land-teenage-mutant-ninja-turtles-non-foil,Magic,Singles,,2026-02-03T16:48:29-05:00,2026-02-18T12:02:55-05:00,https://facetofacegames.com/products/forest-257-full-art-pizza-basic-land-teenage-mutant-ninja-turtles-non-foil,https://cdn.shopify.com/s/files/1/0574/4692/4324/files/00d2dea1cdb5992a539d4301b84838a1d0573a34_Asset_SIN_MTG_TMT_257_ENG_NF.jpg?v=1770155301,53880818565492,NM,SIN-MTG-TMT-257-ENG-NM-NF,NM,,,0.99,0.99,True,,
14928458875252,Forest [257] [Full Art] [Pizza Basic Land ] [Teenage Mutant Ninja Turtles] [Non-Foil],forest-257-full-art-pizza-basic-land-teenage-mutant-ninja-turtles-non-foil,Magic,Singles,,2026-02-03T16:48:29-05:00,2026-02-18T12:02:55-05:00,https://facetofacegames.com/products/forest-257-full-art-pizza-basic-land-teenage-mutant-ninja-turtles-non-foil,https://cdn.shopify.com/s/files/1/0574/4692/4324/files/00d2dea1cdb5992a539d4301b84838a1d0573a34_Asset_SIN_MTG_TMT_257_ENG_NF.jpg?v=1770155301,53880818598260,PL,SIN-MTG-TMT-257-ENG-PL-NF,PL,,,0.00,,False,,
14928457695604,Chrome Dome [172] [Teenage Mutant Ninja Turtles] [Foil],chrome-dome-172-teenage-mutant-ninja-turtles-foil,Magic,Singles,,2026-02-03T16:48:26-05:00,2026-02-18T12:02:55-05:00,https://facetofacegames.com/products/chrome-dome-172-teenage-mutant-ninja-turtles-foil,https://cdn.shopify.com/s/files/1/0574/4692/4324/files/fd480c4977243a3a88bb88b24f47e26995c2ab9f_Asset_SIN_MTG_TMT_172_ENG_F.jpg?v=1770155292,53880816402804,NM,SIN-MTG-TMT-172-ENG-NM-F,NM,,,4.99,4.99,True,,
14928457695604,Chrome Dome [172] [Teenage Mutant Ninja Turtles] [Foil],chrome-dome-172-teenage-mutant-ninja-turtles-foil,Magic,Singles,,2026-02-03T16:48:26-05:00,2026-02-18T12:02:55-05:00,https://facetofacegames.com/products/chrome-dome-172-teenage-mutant-ninja-turtles-foil,https://cdn.shopify.com/s/files/1/0574/4692/4324/files/fd480c4977243a3a88bb88b24f47e26995c2ab9f_Asset_SIN_MTG_TMT_172_ENG_F.jpg?v=1770155292,53880816435572,PL,SIN-MTG-TMT-172-ENG-PL-F,PL,,,0.00,,False,,
14928457073012,"Don & Raph, Hard Science [144] [Teenage Mutant Ninja Turtles] [Non-Foil]",don-raph-hard-science-144-teenage-mutant-ninja-turtles-non-foil,Magic,Singles,,2026-02-03T16:48:25-05:00,2026-02-18T12:02:55-05:00,https://facetofacegames.com/products/don-raph-hard-science-144-teenage-mutant-ninja-turtles-non-foil,https://cdn.shopify.com/s/files/1/0574/4692/4324/files/2885bbb5dc317af0c0b0487adb5b7a7888c6b957_Asset_SIN_MTG_TMT_144_ENG_NF.jpg?v=1770155287,53880815157620,NM,SIN-MTG-TMT-144-ENG-NM-NF,NM,,,1.99,1.99,True,,
14928457073012,"Don & Raph, Hard Science [144] [Teenage Mutant Ninja Turtles] [Non-Foil]",don-raph-hard-science-144-teenage-mutant-ninja-turtles-non-foil,Magic,Singles,,2026-02-03T16:48:25-05:00,2026-02-18T12:02:55-05:00,https://facetofacegames.com/products/don-raph-hard-science-144-teenage-mutant-ninja-turtles-non-foil,https://cdn.shopify.com/s/files/1/0574/4692/4324/files/2885bbb5dc317af0c0b0487adb5b7a7888c6b957_Asset_SIN_MTG_TMT_144_ENG_NF.jpg?v=1770155287,53880815190388,PL,SIN-MTG-TMT-144-ENG-PL-NF,PL,,,0.00,,False,,
14928456974708,Bebop & Rocksteady [140] [Teenage Mutant Ninja Turtles] [Foil],bebop-rocksteady-140-teenage-mutant-ninja-turtles-foil,Magic,Singles,,2026-02-03T16:48:24-05:00,2026-02-18T12:02:55-05:00,https://facetofacegames.com/products/bebop-rocksteady-140-teenage-mutant-ninja-turtles-foil,https://cdn.shopify.com/s/files/1/0574/4692/4324/files/1dd64bbf9cea96b217dd6a239eae9b36a459462f_Asset_SIN_MTG_TMT_140_ENG_F.jpg?v=1770155286,53880814961012,NM,SIN-MTG-TMT-140-ENG-NM-F,NM,,,3.99,3.99,False,,
14928456974708,Bebop & Rocksteady [140] [Teenage Mutant Ninja Turtles] [Foil],bebop-rocksteady-140-teenage-mutant-ninja-turtles-foil,Magic,Singles,,2026-02-03T16:48:24-05:00,2026-02-18T12:02:55-05:00,https://facetofacegames.com/products/bebop-rocksteady-140-teenage-mutant-ninja-turtles-foil,https://cdn.shopify.com/s/files/1/0574/4692/4324/files/1dd64bbf9cea96b217dd6a239eae9b36a459462f_Asset_SIN_MTG_TMT_140_ENG_F.jpg?v=1770155286,53880814993780,PL,SIN-MTG-TMT-140-ENG-PL-F,PL,,,0.00,,False,,
14952999977332,Cowabunga! [113] [Teenage Mutant Ninja Turtles] [Non-Foil],cowabunga-113-teenage-mutant-ninja-turtles-non-foil,Magic,Singles,,2026-02-17T20:33:03-05:00,2026-02-18T12:02:54-05:00,https://facetofacegames.com/products/cowabunga-113-teenage-mutant-ninja-turtles-non-foil,https://cdn.shopify.com/s/files/1/0574/4692/4324/files/ac58f57a0d6c94ca4bae32f52bea2edd61f9e90d_Asset_SIN_MTG_TMT_113_ENG_NF.jpg?v=1771444134,53932871745908,NM,SIN-MTG-TMT-113-ENG-NM-NF,NM,,,0.49,0.49,True,,
14952999977332,Cowabunga! [113] [Teenage Mutant Ninja Turtles] [Non-Foil],cowabunga-113-teenage-mutant-ninja-turtles-non-foil,Magic,Singles,,2026-02-17T20:33:03-05:00,2026-02-18T12:02:54-05:00,https://facetofacegames.com/products/cowabunga-113-teenage-mutant-ninja-turtles-non-foil,https://cdn.shopify.com/s/files/1/0574/4692/4324/files/ac58f57a0d6c94ca4bae32f52bea2edd61f9e90d_Asset_SIN_MTG_TMT_113_ENG_NF.jpg?v=1771444134,53932871778676,PL,SIN-MTG-TMT-113-ENG-PL-NF,PL,,,0.00,,False,,
14928461332852,Broadcast Takeover [86] [Teenage Mutant Ninja Turtles] [Foil],broadcast-takeover-86-teenage-mutant-ninja-turtles-foil,Magic,Singles,,2026-02-03T16:49:15-05:00,2026-02-18T12:02:54-05:00,https://facetofacegames.com/products/broadcast-takeover-86-teenage-mutant-ninja-turtles-foil,https://cdn.shopify.com/s/files/1/0574/4692/4324/files/916c7f5e35d10704be4d847dadebcb39be206682_Asset_SIN_MTG_TMT_86_ENG_F.jpg?v=1770155316,53880823120244,NM,SIN-MTG-TMT-86-ENG-NM-F,NM,,,13.99,13.99,True,,
14928461332852,Broadcast Takeover [86] [Teenage Mutant Ninja Turtles] [Foil],broadcast-takeover-86-teenage-mutant-ninja-turtles-foil,Magic,Singles,,2026-02-03T16:49:15-05:00,2026-02-18T12:02:54-05:00,https://facetofacegames.com/products/broadcast-takeover-86-teenage-mutant-ninja-turtles-foil,https://cdn.shopify.com/s/files/1/0574/4692/4324/files/916c7f5e35d10704be4d847dadebcb39be206682_Asset_SIN_MTG_TMT_86_ENG_F.jpg?v=1770155316,53880823153012,PL,SIN-MTG-TMT-86-ENG-PL-F,PL,,,0.00,,False,,
14928460087668,"Armaggon, Future Shark [58] [Teenage Mutant Ninja Turtles] [Non-Foil]",armaggon-future-shark-58-teenage-mutant-ninja-turtles-non-foil,Magic,Singles,,2026-02-03T16:48:42-05:00,2026-02-18T12:02:54-05:00,https://facetofacegames.com/products/armaggon-future-shark-58-teenage-mutant-ninja-turtles-non-foil,https://cdn.shopify.com/s/files/1/0574/4692/4324/files/0d30e84271c30506c5960ac170df2df69a5a6707_Asset_SIN_MTG_TMT_58_ENG_NF.jpg?v=1770155311,53880821055860,NM,SIN-MTG-TMT-58-ENG-NM-NF,NM,,,1.99,1.99,True,,
14928460087668,"Armaggon, Future Shark [58] [Teenage Mutant Ninja Turtles] [Non-Foil]",armaggon-future-shark-58-teenage-mutant-ninja-turtles-non-foil,Magic,Singles,,2026-02-03T16:48:42-05:00,2026-02-18T12:02:54-05:00,https://facetofacegames.com/products/armaggon-future-shark-58-teenage-mutant-ninja-turtles-non-foil,https://cdn.shopify.com/s/files/1/0574/4692/4324/files/0d30e84271c30506c5960ac170df2df69a5a6707_Asset_SIN_MTG_TMT_58_ENG_NF.jpg?v=1770155311,53880821088628,PL,SIN-MTG-TMT-58-ENG-PL-NF,PL,,,0.00,,False,,
14928461037940,Cool but Rude [89] [Teenage Mutant Ninja Turtles] [Foil],cool-but-rude-89-teenage-mutant-ninja-turtles-foil,Magic,Singles,,2026-02-03T16:49:06-05:00,2026-02-18T12:02:53-05:00,https://facetofacegames.com/products/cool-but-rude-89-teenage-mutant-ninja-turtles-foil,https://cdn.shopify.com/s/files/1/0574/4692/4324/files/0692ffa4d630582fff60e5fbb23127fe0bd31163_Asset_SIN_MTG_TMT_89_ENG_F.jpg?v=1770155317,53880822694260,NM,SIN-MTG-TMT-89-ENG-NM-F,NM,,,11.99,11.99,True,,
14928461037940,Cool but Rude [89] [Teenage Mutant Ninja Turtles] [Foil],cool-but-rude-89-teenage-mutant-ninja-turtles-foil,Magic,Singles,,2026-02-03T16:49:06-05:00,2026-02-18T12:02:53-05:00,https://facetofacegames.com/products/cool-but-rude-89-teenage-mutant-ninja-turtles-foil,https://cdn.shopify.com/s/files/1/0574/4692/4324/files/0692ffa4d630582fff60e5fbb23127fe0bd31163_Asset_SIN_MTG_TMT_89_ENG_F.jpg?v=1770155317,53880822727028,PL,SIN-MTG-TMT-89-ENG-PL-F,PL,,,0.00,,False,,
14928460939636,Improvised Arsenal [92] [Teenage Mutant Ninja Turtles] [Non-Foil],improvised-arsenal-92-teenage-mutant-ninja-turtles-non-foil,Magic,Singles,,2026-02-03T16:49:04-05:00,2026-02-18T12:02:53-05:00,https://facetofacegames.com/products/improvised-arsenal-92-teenage-mutant-ninja-turtles-non-foil,https://cdn.shopify.com/s/files/1/0574/4692/4324/files/5414544655482a2c1eb3aea5ead2b23d0fb53b70_Asset_SIN_MTG_TMT_92_ENG_NF.jpg?v=1770155317,53880822530420,NM,SIN-MTG-TMT-92-ENG-NM-NF,NM,,,4.99,4.99,True,,
14928460939636,Improvised Arsenal [92] [Teenage Mutant Ninja Turtles] [Non-Foil],improvised-arsenal-92-teenage-mutant-ninja-turtles-non-foil,Magic,Singles,,2026-02-03T16:49:04-05:00,2026-02-18T12:02:53-05:00,https://facetofacegames.com/products/improvised-arsenal-92-teenage-mutant-ninja-turtles-non-foil,https://cdn.shopify.com/s/files/1/0574/4692/4324/files/5414544655482a2c1eb3aea5ead2b23d0fb53b70_Asset_SIN_MTG_TMT_92_ENG_NF.jpg?v=1770155317,53880822563188,PL,SIN-MTG-TMT-92-ENG-PL-NF,PL,,,0.00,,False,,
14928459628916,"Donatello, Mutant Mechanic [36] [Teenage Mutant Ninja Turtles] [Non-Foil]",donatello-mutant-mechanic-36-teenage-mutant-ninja-turtles-non-foil,Magic,Singles,,2026-02-03T16:48:40-05:00,2026-02-18T12:02:53-05:00,https://facetofacegames.com/products/donatello-mutant-mechanic-36-teenage-mutant-ninja-turtles-non-foil,https://cdn.shopify.com/s/files/1/0574/4692/4324/files/2023a6c2dbaff2b9f23888f7b5cb3896b424b438_Asset_SIN_MTG_TMT_36_ENG_NF.jpg?v=1770155310,53880820171124,NM,SIN-MTG-TMT-36-ENG-NM-NF,NM,,,12.99,12.99,True,,
14928459628916,"Donatello, Mutant Mechanic [36] [Teenage Mutant Ninja Turtles] [Non-Foil]",donatello-mutant-mechanic-36-teenage-mutant-ninja-turtles-non-foil,Magic,Singles,,2026-02-03T16:48:40-05:00,2026-02-18T12:02:53-05:00,https://facetofacegames.com/products/donatello-mutant-mechanic-36-teenage-mutant-ninja-turtles-non-foil,https://cdn.shopify.com/s/files/1/0574/4692/4324/files/2023a6c2dbaff2b9f23888f7b5cb3896b424b438_Asset_SIN_MTG_TMT_36_ENG_NF.jpg?v=1770155310,53880820203892,PL,SIN-MTG-TMT-36-ENG-PL-NF,PL,,,0.00,,False,,
14928458973556,"April O'Neil, Hacktivist [29] [Teenage Mutant Ninja Turtles] [Foil]",april-oneil-hacktivist-29-teenage-mutant-ninja-turtles-foil,Magic,Singles,,2026-02-03T16:48:37-05:00,2026-02-18T12:02:53-05:00,https://facetofacegames.com/products/april-oneil-hacktivist-29-teenage-mutant-ninja-turtles-foil,https://cdn.shopify.com/s/files/1/0574/4692/4324/files/c2df680ffbd155056b1e8c146ab70ad7b7259815_Asset_SIN_MTG_TMT_29_ENG_F.jpg?v=1770155302,53880818860404,NM,SIN-MTG-TMT-29-ENG-NM-F,NM,,,1.99,1.99,True,,
14928458973556,"April O'Neil, Hacktivist [29] [Teenage Mutant Ninja Turtles] [Foil]",april-oneil-hacktivist-29-teenage-mutant-ninja-turtles-foil,Magic,Singles,,2026-02-03T16:48:37-05:00,2026-02-18T12:02:53-05:00,https://facetofacegames.com/products/april-oneil-hacktivist-29-teenage-mutant-ninja-turtles-foil,https://cdn.shopify.com/s/files/1/0574/4692/4324/files/c2df680ffbd155056b1e8c146ab70ad7b7259815_Asset_SIN_MTG_TMT_29_ENG_F.jpg?v=1770155302,53880818893172,PL,SIN-MTG-TMT-29-ENG-PL-F,PL,,,0.00,,False,,
14928456909172,Dark Leo & Shredder [142] [Teenage Mutant Ninja Turtles] [Foil],dark-leo-shredder-142-teenage-mutant-ninja-turtles-foil,Magic,Singles,,2026-02-03T16:48:24-05:00,2026-02-18T12:02:53-05:00,https://facetofacegames.com/products/dark-leo-shredder-142-teenage-mutant-ninja-turtles-foil,https://cdn.shopify.com/s/files/1/0574/4692/4324/files/73fdcdddcf173838f16f712f570207898793489e_Asset_SIN_MTG_TMT_142_ENG_F.jpg?v=1770155286,53880814829940,NM,SIN-MTG-TMT-142-ENG-NM-F,NM,,,14.99,14.99,True,,
14928456909172,Dark Leo & Shredder [142] [Teenage Mutant Ninja Turtles] [Foil],dark-leo-shredder-142-teenage-mutant-ninja-turtles-foil,Magic,Singles,,2026-02-03T16:48:24-05:00,2026-02-18T12:02:53-05:00,https://facetofacegames.com/products/dark-leo-shredder-142-teenage-mutant-ninja-turtles-foil,https://cdn.shopify.com/s/files/1/0574/4692/4324/files/73fdcdddcf173838f16f712f570207898793489e_Asset_SIN_MTG_TMT_142_ENG_F.jpg?v=1770155286,53880814862708,PL,SIN-MTG-TMT-142-ENG-PL-F,PL,,,0.00,,False,,
14953006072180,Hard-Won Jitte [91] [Teenage Mutant Ninja Turtles] [Non-Foil],hard-won-jitte-91-teenage-mutant-ninja-turtles-non-foil,Magic,Singles,,2026-02-17T20:34:27-05:00,2026-02-18T12:02:52-05:00,https://facetofacegames.com/products/hard-won-jitte-91-teenage-mutant-ninja-turtles-non-foil,https://cdn.shopify.com/s/files/1/0574/4692/4324/files/24fa12b0d99560698f513de80975232736cd1119_Asset_SIN_MTG_TMT_91_ENG_NF.jpg?v=1771444183,53932884656500,NM,SIN-MTG-TMT-91-ENG-NM-NF,NM,,,0.49,0.49,True,,
14953006072180,Hard-Won Jitte [91] [Teenage Mutant Ninja Turtles] [Non-Foil],hard-won-jitte-91-teenage-mutant-ninja-turtles-non-foil,Magic,Singles,,2026-02-17T20:34:27-05:00,2026-02-18T12:02:52-05:00,https://facetofacegames.com/products/hard-won-jitte-91-teenage-mutant-ninja-turtles-non-foil,https://cdn.shopify.com/s/files/1/0574/4692/4324/files/24fa12b0d99560698f513de80975232736cd1119_Asset_SIN_MTG_TMT_91_ENG_NF.jpg?v=1771444183,53932884689268,PL,SIN-MTG-TMT-91-ENG-PL-NF,PL,,,0.00,,False,,
14953000862068,Action News Crew [1] [Teenage Mutant Ninja Turtles] [Foil],action-news-crew-1-teenage-mutant-ninja-turtles-foil,Magic,Singles,,2026-02-17T20:33:09-05:00,2026-02-18T12:02:52-05:00,https://facetofacegames.com/products/action-news-crew-1-teenage-mutant-ninja-turtles-foil,https://cdn.shopify.com/s/files/1/0574/4692/4324/files/17bc1f6e076d574d8fb39c1eb5155c32cc0166d7_Asset_SIN_MTG_TMT_1_ENG_F.jpg?v=1771444151,53932873711988,NM,SIN-MTG-TMT-1-ENG-NM-F,NM,,,0.49,0.49,True,,
14953000862068,Action News Crew [1] [Teenage Mutant Ninja Turtles] [Foil],action-news-crew-1-teenage-mutant-ninja-turtles-foil,Magic,Singles,,2026-02-17T20:33:09-05:00,2026-02-18T12:02:52-05:00,https://facetofacegames.com/products/action-news-crew-1-teenage-mutant-ninja-turtles-foil,https://cdn.shopify.com/s/files/1/0574/4692/4324/files/17bc1f6e076d574d8fb39c1eb5155c32cc0166d7_Asset_SIN_MTG_TMT_1_ENG_F.jpg?v=1771444151,53932873744756,PL,SIN-MTG-TMT-1-ENG-PL-F,PL,,,0.00,,False,,
14953000337780,"Karai, Future of the Foot [151] [Teenage Mutant Ninja Turtles] [Foil]",karai-future-of-the-foot-151-teenage-mutant-ninja-turtles-foil,Magic,Singles,,2026-02-17T20:33:04-05:00,2026-02-18T12:02:52-05:00,https://facetofacegames.com/products/karai-future-of-the-foot-151-teenage-mutant-ninja-turtles-foil,https://cdn.shopify.com/s/files/1/0574/4692/4324/files/6d9438b2c8f03834b7fb72c2d005f6e2f4a48fd1_Asset_SIN_MTG_TMT_151_ENG_F.jpg?v=1771444134,53932872401268,NM,SIN-MTG-TMT-151-ENG-NM-F,NM,,,0.49,0.49,True,,
14953000337780,"Karai, Future of the Foot [151] [Teenage Mutant Ninja Turtles] [Foil]",karai-future-of-the-foot-151-teenage-mutant-ninja-turtles-foil,Magic,Singles,,2026-02-17T20:33:04-05:00,2026-02-18T12:02:52-05:00,https://facetofacegames.com/products/karai-future-of-the-foot-151-teenage-mutant-ninja-turtles-foil,https://cdn.shopify.com/s/files/1/0574/4692/4324/files/6d9438b2c8f03834b7fb72c2d005f6e2f4a48fd1_Asset_SIN_MTG_TMT_151_ENG_F.jpg?v=1771444134,53932872434036,PL,SIN-MTG-TMT-151-ENG-PL-F,PL,,,0.00,,False,,
14953000305012,Foot Elite [146] [Teenage Mutant Ninja Turtles] [Non-Foil],foot-elite-146-teenage-mutant-ninja-turtles-non-foil,Magic,Singles,,2026-02-17T20:33:04-05:00,2026-02-18T12:02:52-05:00,https://facetofacegames.com/products/foot-elite-146-teenage-mutant-ninja-turtles-non-foil,https://cdn.shopify.com/s/files/1/0574/4692/4324/files/5325d6c5b3237f45502d6efb64f50929e1e73724_Asset_SIN_MTG_TMT_146_ENG_NF.jpg?v=1771444134,53932872335732,NM,SIN-MTG-TMT-146-ENG-NM-NF,NM,,,0.29,0.29,True,,
14953000305012,Foot Elite [146] [Teenage Mutant Ninja Turtles] [Non-Foil],foot-elite-146-teenage-mutant-ninja-turtles-non-foil,Magic,Singles,,2026-02-17T20:33:04-05:00,2026-02-18T12:02:52-05:00,https://facetofacegames.com/products/foot-elite-146-teenage-mutant-ninja-turtles-non-foil,https://cdn.shopify.com/s/files/1/0574/4692/4324/files/5325d6c5b3237f45502d6efb64f50929e1e73724_Asset_SIN_MTG_TMT_146_ENG_NF.jpg?v=1771444134,53932872368500,PL,SIN-MTG-TMT-146-ENG-PL-NF,PL,,,0.00,,False,,
14928461398388,Broadcast Takeover [86] [Teenage Mutant Ninja Turtles] [Non-Foil],broadcast-takeover-86-teenage-mutant-ninja-turtles-non-foil,Magic,Singles,,2026-02-03T16:49:16-05:00,2026-02-18T12:02:52-05:00,https://facetofacegames.com/products/broadcast-takeover-86-teenage-mutant-ninja-turtles-non-foil,https://cdn.shopify.com/s/files/1/0574/4692/4324/files/b6f11dd614d851d39037e797240fd0cf6d09ad70_Asset_SIN_MTG_TMT_86_ENG_NF.jpg?v=1770155316,53880823218548,NM,SIN-MTG-TMT-86-ENG-NM-NF,NM,,,9.99,9.99,True,,
14928461398388,Broadcast Takeover [86] [Teenage Mutant Ninja Turtles] [Non-Foil],broadcast-takeover-86-teenage-mutant-ninja-turtles-non-foil,Magic,Singles,,2026-02-03T16:49:16-05:00,2026-02-18T12:02:52-05:00,https://facetofacegames.com/products/broadcast-takeover-86-teenage-mutant-ninja-turtles-non-foil,https://cdn.shopify.com/s/files/1/0574/4692/4324/files/b6f11dd614d851d39037e797240fd0cf6d09ad70_Asset_SIN_MTG_TMT_86_ENG_NF.jpg?v=1770155316,53880823251316,PL,SIN-MTG-TMT-86-ENG-PL-NF,PL,,,0.00,,False,,
14928460906868,"Casey Jones, Jury-Rig Justiciar [87] [Teenage Mutant Ninja Turtles] [Foil]",casey-jones-jury-rig-justiciar-87-teenage-mutant-ninja-turtles-foil,Magic,Singles,,2026-02-03T16:49:03-05:00,2026-02-18T12:02:52-05:00,https://facetofacegames.com/products/casey-jones-jury-rig-justiciar-87-teenage-mutant-ninja-turtles-foil,https://cdn.shopify.com/s/files/1/0574/4692/4324/files/b88af890f9543f51534558489560130ccab367e0_Asset_SIN_MTG_TMT_87_ENG_F.jpg?v=1770155317,53880822464884,NM,SIN-MTG-TMT-87-ENG-NM-F,NM,,,1.49,1.49,True,,
14928460906868,"Casey Jones, Jury-Rig Justiciar [87] [Teenage Mutant Ninja Turtles] [Foil]",casey-jones-jury-rig-justiciar-87-teenage-mutant-ninja-turtles-foil,Magic,Singles,,2026-02-03T16:49:03-05:00,2026-02-18T12:02:52-05:00,https://facetofacegames.com/products/casey-jones-jury-rig-justiciar-87-teenage-mutant-ninja-turtles-foil,https://cdn.shopify.com/s/files/1/0574/4692/4324/files/b88af890f9543f51534558489560130ccab367e0_Asset_SIN_MTG_TMT_87_ENG_F.jpg?v=1770155317,53880822497652,PL,SIN-MTG-TMT-87-ENG-PL-F,PL,,,0.00,,False,,
14928460743028,"Casey Jones, Jury-Rig Justiciar [87] [Teenage Mutant Ninja Turtles] [Non-Foil]",casey-jones-jury-rig-justiciar-87-teenage-mutant-ninja-turtles-non-foil,Magic,Singles,,2026-02-03T16:49:03-05:00,2026-02-18T12:02:52-05:00,https://facetofacegames.com/products/casey-jones-jury-rig-justiciar-87-teenage-mutant-ninja-turtles-non-foil,https://cdn.shopify.com/s/files/1/0574/4692/4324/files/e268135ff5b8cf25651e576df2c3c5a9e16f3061_Asset_SIN_MTG_TMT_87_ENG_NF.jpg?v=1770155317,53880822137204,NM,SIN-MTG-TMT-87-ENG-NM-NF,NM,,,0.99,0.99,True,,
14928460743028,"Casey Jones, Jury-Rig Justiciar [87] [Teenage Mutant Ninja Turtles] [Non-Foil]",casey-jones-jury-rig-justiciar-87-teenage-mutant-ninja-turtles-non-foil,Magic,Singles,,2026-02-03T16:49:03-05:00,2026-02-18T12:02:52-05:00,https://facetofacegames.com/products/casey-jones-jury-rig-justiciar-87-teenage-mutant-ninja-turtles-non-foil,https://cdn.shopify.com/s/files/1/0574/4692/4324/files/e268135ff5b8cf25651e576df2c3c5a9e16f3061_Asset_SIN_MTG_TMT_87_ENG_NF.jpg?v=1770155317,53880822169972,PL,SIN-MTG-TMT-87-ENG-PL-NF,PL,,,0.00,,False,,
14928459759988,Kitsune's Technique [42] [Teenage Mutant Ninja Turtles] [Non-Foil],kitsunes-technique-42-teenage-mutant-ninja-turtles-non-foil,Magic,Singles,,2026-02-03T16:48:41-05:00,2026-02-18T12:02:52-05:00,https://facetofacegames.com/products/kitsunes-technique-42-teenage-mutant-ninja-turtles-non-foil,https://cdn.shopify.com/s/files/1/0574/4692/4324/files/099a42308cbca7fb057f16a214cb9e1f9f0005b5_Asset_SIN_MTG_TMT_42_ENG_NF.jpg?v=1770155311,53880820433268,NM,SIN-MTG-TMT-42-ENG-NM-NF,NM,,,7.99,7.99,True,,
14928459759988,Kitsune's Technique [42] [Teenage Mutant Ninja Turtles] [Non-Foil],kitsunes-technique-42-teenage-mutant-ninja-turtles-non-foil,Magic,Singles,,2026-02-03T16:48:41-05:00,2026-02-18T12:02:52-05:00,https://facetofacegames.com/products/kitsunes-technique-42-teenage-mutant-ninja-turtles-non-foil,https://cdn.shopify.com/s/files/1/0574/4692/4324/files/099a42308cbca7fb057f16a214cb9e1f9f0005b5_Asset_SIN_MTG_TMT_42_ENG_NF.jpg?v=1770155311,53880820466036,PL,SIN-MTG-TMT-42-ENG-PL-NF,PL,,,0.00,,False,,
14928459727220,"Kitsune, Dragon's Daughter [41] [Teenage Mutant Ninja Turtles] [Foil]",kitsune-dragons-daughter-41-teenage-mutant-ninja-turtles-foil,Magic,Singles,,2026-02-03T16:48:40-05:00,2026-02-18T12:02:52-05:00,https://facetofacegames.com/products/kitsune-dragons-daughter-41-teenage-mutant-ninja-turtles-foil,https://cdn.shopify.com/s/files/1/0574/4692/4324/files/a7b077d3abedfe4e8ca25da3782939a1b2e49439_Asset_SIN_MTG_TMT_41_ENG_F.jpg?v=1770155311,53880820367732,NM,SIN-MTG-TMT-41-ENG-NM-F,NM,,,2.99,2.99,True,,
14928459727220,"Kitsune, Dragon's Daughter [41] [Teenage Mutant Ninja Turtles] [Foil]",kitsune-dragons-daughter-41-teenage-mutant-ninja-turtles-foil,Magic,Singles,,2026-02-03T16:48:40-05:00,2026-02-18T12:02:52-05:00,https://facetofacegames.com/products/kitsune-dragons-daughter-41-teenage-mutant-ninja-turtles-foil,https://cdn.shopify.com/s/files/1/0574/4692/4324/files/a7b077d3abedfe4e8ca25da3782939a1b2e49439_Asset_SIN_MTG_TMT_41_ENG_F.jpg?v=1770155311,53880820400500,PL,SIN-MTG-TMT-41-ENG-PL-F,PL,,,0.00,,False,,
14928459596148,Kitsune's Technique [42] [Teenage Mutant Ninja Turtles] [Foil],kitsunes-technique-42-teenage-mutant-ninja-turtles-foil,Magic,Singles,,2026-02-03T16:48:40-05:00,2026-02-18T12:02:52-05:00,https://facetofacegames.com/products/kitsunes-technique-42-teenage-mutant-ninja-turtles-foil,https://cdn.shopify.com/s/files/1/0574/4692/4324/files/d02c685788ebd3aac3075e3ed90885e27774f3d3_Asset_SIN_MTG_TMT_42_ENG_F.jpg?v=1770155311,53880820105588,NM,SIN-MTG-TMT-42-ENG-NM-F,NM,,,9.99,9.99,True,,
14928459596148,Kitsune's Technique [42] [Teenage Mutant Ninja Turtles] [Foil],kitsunes-technique-42-teenage-mutant-ninja-turtles-foil,Magic,Singles,,2026-02-03T16:48:40-05:00,2026-02-18T12:02:52-05:00,https://facetofacegames.com/products/kitsunes-technique-42-teenage-mutant-ninja-turtles-foil,https://cdn.shopify.com/s/files/1/0574/4692/4324/files/d02c685788ebd3aac3075e3ed90885e27774f3d3_Asset_SIN_MTG_TMT_42_ENG_F.jpg?v=1770155311,53880820138356,PL,SIN-MTG-TMT-42-ENG-PL-F,PL,,,0.00,,False,,
14928459563380,"Donatello, Mutant Mechanic [36] [Teenage Mutant Ninja Turtles] [Foil]",donatello-mutant-mechanic-36-teenage-mutant-ninja-turtles-foil,Magic,Singles,,2026-02-03T16:48:40-05:00,2026-02-18T12:02:52-05:00,https://facetofacegames.com/products/donatello-mutant-mechanic-36-teenage-mutant-ninja-turtles-foil,https://cdn.shopify.com/s/files/1/0574/4692/4324/files/08a015c5038d806049eb0815c36f11a56df5e87c_Asset_SIN_MTG_TMT_36_ENG_F.jpg?v=1770155310,53880819974516,NM,SIN-MTG-TMT-36-ENG-NM-F,NM,,,14.99,14.99,True,,
14928459563380,"Donatello, Mutant Mechanic [36] [Teenage Mutant Ninja Turtles] [Foil]",donatello-mutant-mechanic-36-teenage-mutant-ninja-turtles-foil,Magic,Singles,,2026-02-03T16:48:40-05:00,2026-02-18T12:02:52-05:00,https://facetofacegames.com/products/donatello-mutant-mechanic-36-teenage-mutant-ninja-turtles-foil,https://cdn.shopify.com/s/files/1/0574/4692/4324/files/08a015c5038d806049eb0815c36f11a56df5e87c_Asset_SIN_MTG_TMT_36_ENG_F.jpg?v=1770155310,53880820007284,PL,SIN-MTG-TMT-36-ENG-PL-F,PL,,,0.00,,False,,
14928459465076,Does Machines [34] [Teenage Mutant Ninja Turtles] [Non-Foil],does-machines-34-teenage-mutant-ninja-turtles-non-foil,Magic,Singles,,2026-02-03T16:48:40-05:00,2026-02-18T12:02:52-05:00,https://facetofacegames.com/products/does-machines-34-teenage-mutant-ninja-turtles-non-foil,https://cdn.shopify.com/s/files/1/0574/4692/4324/files/3a1ad7ead4571829c6803e6a657a90cfcf609833_Asset_SIN_MTG_TMT_34_ENG_NF.jpg?v=1770155310,53880819843444,NM,SIN-MTG-TMT-34-ENG-NM-NF,NM,,,4.99,4.99,True,,
14928459465076,Does Machines [34] [Teenage Mutant Ninja Turtles] [Non-Foil],does-machines-34-teenage-mutant-ninja-turtles-non-foil,Magic,Singles,,2026-02-03T16:48:40-05:00,2026-02-18T12:02:52-05:00,https://facetofacegames.com/products/does-machines-34-teenage-mutant-ninja-turtles-non-foil,https://cdn.shopify.com/s/files/1/0574/4692/4324/files/3a1ad7ead4571829c6803e6a657a90cfcf609833_Asset_SIN_MTG_TMT_34_ENG_NF.jpg?v=1770155310,53880819876212,PL,SIN-MTG-TMT-34-ENG-PL-NF,PL,,,0.00,,False,,
14928458776948,Forest [257] [Full Art] [Pizza Basic Land ] [Teenage Mutant Ninja Turtles] [Foil],forest-257-full-art-pizza-basic-land-teenage-mutant-ninja-turtles-foil,Magic,Singles,,2026-02-03T16:48:29-05:00,2026-02-18T12:02:52-05:00,https://facetofacegames.com/products/forest-257-full-art-pizza-basic-land-teenage-mutant-ninja-turtles-foil,https://cdn.shopify.com/s/files/1/0574/4692/4324/files/2581183cdb8fc6aba7479a836c78a7f483547ed8_Asset_SIN_MTG_TMT_257_ENG_F.jpg?v=1770155300,53880818762100,NM,SIN-MTG-TMT-257-ENG-NM-F,NM,,,1.49,1.49,True,,
14928458776948,Forest [257] [Full Art] [Pizza Basic Land ] [Teenage Mutant Ninja Turtles] [Foil],forest-257-full-art-pizza-basic-land-teenage-mutant-ninja-turtles-foil,Magic,Singles,,2026-02-03T16:48:29-05:00,2026-02-18T12:02:52-05:00,https://facetofacegames.com/products/forest-257-full-art-pizza-basic-land-teenage-mutant-ninja-turtles-foil,https://cdn.shopify.com/s/files/1/0574/4692/4324/files/2581183cdb8fc6aba7479a836c78a7f483547ed8_Asset_SIN_MTG_TMT_257_ENG_F.jpg?v=1770155300,53880818794868,PL,SIN-MTG-TMT-257-ENG-PL-F,PL,,,0.00,,False,,
14928458613108,Island [254] [Full Art] [Pizza Basic Land ] [Teenage Mutant Ninja Turtles] [Foil],island-254-full-art-pizza-basic-land-teenage-mutant-ninja-turtles-foil,Magic,Singles,,2026-02-03T16:48:28-05:00,2026-02-18T12:02:52-05:00,https://facetofacegames.com/products/island-254-full-art-pizza-basic-land-teenage-mutant-ninja-turtles-foil,https://cdn.shopify.com/s/files/1/0574/4692/4324/files/8b490079751f97904330db2b3c084ca7c04c7257_Asset_SIN_MTG_TMT_254_ENG_F.jpg?v=1770155298,53880818172276,NM,SIN-MTG-TMT-254-ENG-NM-F,NM,,,1.49,1.49,True,,
14928458613108,Island [254] [Full Art] [Pizza Basic Land ] [Teenage Mutant Ninja Turtles] [Foil],island-254-full-art-pizza-basic-land-teenage-mutant-ninja-turtles-foil,Magic,Singles,,2026-02-03T16:48:28-05:00,2026-02-18T12:02:52-05:00,https://facetofacegames.com/products/island-254-full-art-pizza-basic-land-teenage-mutant-ninja-turtles-foil,https://cdn.shopify.com/s/files/1/0574/4692/4324/files/8b490079751f97904330db2b3c084ca7c04c7257_Asset_SIN_MTG_TMT_254_ENG_F.jpg?v=1770155298,53880818205044,PL,SIN-MTG-TMT-254-ENG-PL-F,PL,,,0.00,,False,,
14928457826676,Chrome Dome [172] [Teenage Mutant Ninja Turtles] [Non-Foil],chrome-dome-172-teenage-mutant-ninja-turtles-non-foil,Magic,Singles,,2026-02-03T16:48:27-05:00,2026-02-18T12:02:52-05:00,https://facetofacegames.com/products/chrome-dome-172-teenage-mutant-ninja-turtles-non-foil,https://cdn.shopify.com/s/files/1/0574/4692/4324/files/380a1f8bc5f9ca4c6fcd1ac4510f197a02258ec9_Asset_SIN_MTG_TMT_172_ENG_NF.jpg?v=1770155293,53880816730484,NM,SIN-MTG-TMT-172-ENG-NM-NF,NM,,,3.99,3.99,True,,
14928457826676,Chrome Dome [172] [Teenage Mutant Ninja Turtles] [Non-Foil],chrome-dome-172-teenage-mutant-ninja-turtles-non-foil,Magic,Singles,,2026-02-03T16:48:27-05:00,2026-02-18T12:02:52-05:00,https://facetofacegames.com/products/chrome-dome-172-teenage-mutant-ninja-turtles-non-foil,https://cdn.shopify.com/s/files/1/0574/4692/4324/files/380a1f8bc5f9ca4c6fcd1ac4510f197a02258ec9_Asset_SIN_MTG_TMT_172_ENG_NF.jpg?v=1770155293,53880816763252,PL,SIN-MTG-TMT-172-ENG-PL-NF,PL,,,0.00,,False,,
14928457105780,Krang & Shredder [153] [Teenage Mutant Ninja Turtles] [Foil],krang-shredder-153-teenage-mutant-ninja-turtles-foil,Magic,Singles,,2026-02-03T16:48:25-05:00,2026-02-18T12:02:52-05:00,https://facetofacegames.com/products/krang-shredder-153-teenage-mutant-ninja-turtles-foil,https://cdn.shopify.com/s/files/1/0574/4692/4324/files/e319a830b5d66bd5e256923836448bc07cf78dd3_Asset_SIN_MTG_TMT_153_ENG_F.jpg?v=1770155287,53880815223156,NM,SIN-MTG-TMT-153-ENG-NM-F,NM,,,5.99,5.99,True,,
14928457105780,Krang & Shredder [153] [Teenage Mutant Ninja Turtles] [Foil],krang-shredder-153-teenage-mutant-ninja-turtles-foil,Magic,Singles,,2026-02-03T16:48:25-05:00,2026-02-18T12:02:52-05:00,https://facetofacegames.com/products/krang-shredder-153-teenage-mutant-ninja-turtles-foil,https://cdn.shopify.com/s/files/1/0574/4692/4324/files/e319a830b5d66bd5e256923836448bc07cf78dd3_Asset_SIN_MTG_TMT_153_ENG_F.jpg?v=1770155287,53880815255924,PL,SIN-MTG-TMT-153-ENG-PL-F,PL,,,0.00,,False,,
14928457040244,"Don & Raph, Hard Science [144] [Teenage Mutant Ninja Turtles] [Foil]",don-raph-hard-science-144-teenage-mutant-ninja-turtles-foil,Magic,Singles,,2026-02-03T16:48:25-05:00,2026-02-18T12:02:52-05:00,https://facetofacegames.com/products/don-raph-hard-science-144-teenage-mutant-ninja-turtles-foil,https://cdn.shopify.com/s/files/1/0574/4692/4324/files/14553848b4272e44e9cea67c1c5108db49ed2706_Asset_SIN_MTG_TMT_144_ENG_F.jpg?v=1770155286,53880815092084,NM,SIN-MTG-TMT-144-ENG-NM-F,NM,,,2.49,2.49,True,,
14928457040244,"Don & Raph, Hard Science [144] [Teenage Mutant Ninja Turtles] [Foil]",don-raph-hard-science-144-teenage-mutant-ninja-turtles-foil,Magic,Singles,,2026-02-03T16:48:25-05:00,2026-02-18T12:02:52-05:00,https://facetofacegames.com/products/don-raph-hard-science-144-teenage-mutant-ninja-turtles-foil,https://cdn.shopify.com/s/files/1/0574/4692/4324/files/14553848b4272e44e9cea67c1c5108db49ed2706_Asset_SIN_MTG_TMT_144_ENG_F.jpg?v=1770155286,53880815124852,PL,SIN-MTG-TMT-144-ENG-PL-F,PL,,,0.00,,False,,
14928457007476,"Don & Leo, Problem Solvers [143] [Teenage Mutant Ninja Turtles] [Non-Foil]",don-leo-problem-solvers-143-teenage-mutant-ninja-turtles-non-foil,Magic,Singles,,2026-02-03T16:48:24-05:00,2026-02-18T12:02:52-05:00,https://facetofacegames.com/products/don-leo-problem-solvers-143-teenage-mutant-ninja-turtles-non-foil,https://cdn.shopify.com/s/files/1/0574/4692/4324/files/419e744e3e284e2704cc293c1298098c630c147b_Asset_SIN_MTG_TMT_143_ENG_NF.jpg?v=1770155287,53880814895476,NM,SIN-MTG-TMT-143-ENG-NM-NF,NM,,,2.99,2.99,True,,
14928457007476,"Don & Leo, Problem Solvers [143] [Teenage Mutant Ninja Turtles] [Non-Foil]",don-leo-problem-solvers-143-teenage-mutant-ninja-turtles-non-foil,Magic,Singles,,2026-02-03T16:48:24-05:00,2026-02-18T12:02:52-05:00,https://facetofacegames.com/products/don-leo-problem-solvers-143-teenage-mutant-ninja-turtles-non-foil,https://cdn.shopify.com/s/files/1/0574/4692/4324/files/419e744e3e284e2704cc293c1298098c630c147b_Asset_SIN_MTG_TMT_143_ENG_NF.jpg?v=1770155287,53880814928244,PL,SIN-MTG-TMT-143-ENG-PL-NF,PL,,,0.00,,False,,
14928456843636,"Don & Leo, Problem Solvers [143] [Teenage Mutant Ninja Turtles] [Foil]",don-leo-problem-solvers-143-teenage-mutant-ninja-turtles-foil,Magic,Singles,,2026-02-03T16:48:24-05:00,2026-02-18T12:02:52-05:00,https://facetofacegames.com/products/don-leo-problem-solvers-143-teenage-mutant-ninja-turtles-foil,https://cdn.shopify.com/s/files/1/0574/4692/4324/files/5d31530ed60db650637fb235a2c11f1382086682_Asset_SIN_MTG_TMT_143_ENG_F.jpg?v=1770155286,53880814698868,NM,SIN-MTG-TMT-143-ENG-NM-F,NM,,,3.99,3.99,True,,
14928456843636,"Don & Leo, Problem Solvers [143] [Teenage Mutant Ninja Turtles] [Foil]",don-leo-problem-solvers-143-teenage-mutant-ninja-turtles-foil,Magic,Singles,,2026-02-03T16:48:24-05:00,2026-02-18T12:02:52-05:00,https://facetofacegames.com/products/don-leo-problem-solvers-143-teenage-mutant-ninja-turtles-foil,https://cdn.shopify.com/s/files/1/0574/4692/4324/files/5d31530ed60db650637fb235a2c11f1382086682_Asset_SIN_MTG_TMT_143_ENG_F.jpg?v=1770155286,53880814731636,PL,SIN-MTG-TMT-143-ENG-PL-F,PL,,,0.00,,False,,
14928456155508,Groundchuck & Dirtbag [115] [Teenage Mutant Ninja Turtles] [Non-Foil],groundchuck-dirtbag-115-teenage-mutant-ninja-turtles-non-foil,Magic,Singles,,2026-02-03T16:48:22-05:00,2026-02-18T12:02:52-05:00,https://facetofacegames.com/products/groundchuck-dirtbag-115-teenage-mutant-ninja-turtles-non-foil,https://cdn.shopify.com/s/files/1/0574/4692/4324/files/5cdaa4f699766defeca25b6caf407a32c2be0f16_Asset_SIN_MTG_TMT_115_ENG_NF.jpg?v=1770155277,53880813355380,NM,SIN-MTG-TMT-115-ENG-NM-NF,NM,,,6.99,6.99,True,,
14928456155508,Groundchuck & Dirtbag [115] [Teenage Mutant Ninja Turtles] [Non-Foil],groundchuck-dirtbag-115-teenage-mutant-ninja-turtles-non-foil,Magic,Singles,,2026-02-03T16:48:22-05:00,2026-02-18T12:02:52-05:00,https://facetofacegames.com/products/groundchuck-dirtbag-115-teenage-mutant-ninja-turtles-non-foil,https://cdn.shopify.com/s/files/1/0574/4692/4324/files/5cdaa4f699766defeca25b6caf407a32c2be0f16_Asset_SIN_MTG_TMT_115_ENG_NF.jpg?v=1770155277,53880813388148,PL,SIN-MTG-TMT-115-ENG-PL-NF,PL,,,0.00,,False,,
14952854389108,Magic: the Gathering - Modern Weekly - Tuesday April 28th - 7:00 PM - Toronto [2026],magic-the-gathering-modern-weekly-tuesday-april-28th-700-pm-toronto-2026,Magic,Toronto Event Tickets,,2026-02-17T17:03:34-05:00,2026-02-17T23:01:04-05:00,https://facetofacegames.com/products/magic-the-gathering-modern-weekly-tuesday-april-28th-700-pm-toronto-2026,https://cdn.shopify.com/s/files/1/0574/4692/4324/files/1467057e10469e5f4cedf2e9143ea16df4d95cd9_Asset_500x_mtg_modern_en_1049771b-09fb-44f9-9968-9426a95755a3.jpg?v=1742931857,53932625002868,Default Title,EVE-RET-TORONTO-03068,Default Title,,,12.00,12.00,True,,
14952855830900,Magic: the Gathering - Modern Weekly - Thursday April 16th - 7:00 PM - Toronto [2026],magic-the-gathering-modern-weekly-thursday-april-16th-700-pm-toronto-2026,Magic,Toronto Event Tickets,,2026-02-17T17:03:46-05:00,2026-02-17T23:01:02-05:00,https://facetofacegames.com/products/magic-the-gathering-modern-weekly-thursday-april-16th-700-pm-toronto-2026,https://cdn.shopify.com/s/files/1/0574/4692/4324/files/d8c78f3a751992fbf7e7e4c51979b30370c6c9c4_Asset_500x_mtg_modern_thursday_en.jpg?v=1742931829,53932626739572,Default Title,EVE-RET-TORONTO-03128,Default Title,,,12.00,12.00,True,,
14952858354036,Yu-Gi-Oh! - Constructed Locals - Saturday April 4th - 12:00 PM - Toronto [2026],yu-gi-oh-constructed-locals-saturday-april-4th-1200-pm-toronto-2026,Yu-Gi-Oh!,Toronto Event Tickets,,2026-02-17T17:04:27-05:00,2026-02-17T23:01:01-05:00,https://facetofacegames.com/products/yu-gi-oh-constructed-locals-saturday-april-4th-1200-pm-toronto-2026,https://cdn.shopify.com/s/files/1/0574/4692/4324/files/fd5348d087f34549100160b3f872100fcd3e69ce_Asset_500x_yugioh_en.jpg?v=1742931817,53932629983604,Default Title,EVE-RET-TORONTO-03150,Default Title,,,6.00,6.00,True,,
14952854847860,Dungeons & Dragons - Under 16 Years Old - Thursday March 26th - 5:30 PM - Toronto [2026],dungeons-dragons-under-16-years-old-thursday-march-26th-530-pm-toronto-2026,Other,Toronto Event Tickets,,2026-02-17T17:03:38-05:00,2026-02-17T23:01:01-05:00,https://facetofacegames.com/products/dungeons-dragons-under-16-years-old-thursday-march-26th-530-pm-toronto-2026,https://cdn.shopify.com/s/files/1/0574/4692/4324/files/4d3ef4b0a07f9294f589ae5fbe7a4d8dcd05998a_Asset_500x_dnd_en.jpg?v=1742931794,53932625461620,Default Title,EVE-RET-TORONTO-03107,Default Title,,,5.00,5.00,True,,
14952853209460,Star Wars: Unlimited - Draft Weekly - Wednesday March 4th - 6:00 PM - Toronto [2026],star-wars-unlimited-draft-weekly-wednesday-march-4th-600-pm-toronto-2026,Star Wars: Unlimited,Toronto Event Tickets,,2026-02-17T17:03:26-05:00,2026-02-17T23:01:01-05:00,https://facetofacegames.com/products/star-wars-unlimited-draft-weekly-wednesday-march-4th-600-pm-toronto-2026,https://cdn.shopify.com/s/files/1/0574/4692/4324/files/3e98215b0767dbe36dce232025c32b0869c39468_Asset_TorontoSwuDraft.jpg?v=1771369406,53932623823220,Default Title,EVE-RET-TORONTO-03087,Default Title,,,25.00,25.00,True,,
14952854978932,Dungeons & Dragons - Under 16 Years Old - Thursday April 23rd - 5:30 PM - Toronto [2026],dungeons-dragons-under-16-years-old-thursday-april-23rd-530-pm-toronto-2026,Other,Toronto Event Tickets,,2026-02-17T17:03:39-05:00,2026-02-17T23:01:00-05:00,https://facetofacegames.com/products/dungeons-dragons-under-16-years-old-thursday-april-23rd-530-pm-toronto-2026,https://cdn.shopify.com/s/files/1/0574/4692/4324/files/4d3ef4b0a07f9294f589ae5fbe7a4d8dcd05998a_Asset_500x_dnd_en.jpg?v=1742931794,53932625592692,Default Title,EVE-RET-TORONTO-03111,Default Title,,,5.00,5.00,True,,
14952856977780,Magic: the Gathering - Modern Weekly - Tuesday April 21st - 7:00 PM - Toronto [2026],magic-the-gathering-modern-weekly-tuesday-april-21st-700-pm-toronto-2026,Magic,Toronto Event Tickets,,2026-02-17T17:04:02-05:00,2026-02-17T23:00:59-05:00,https://facetofacegames.com/products/magic-the-gathering-modern-weekly-tuesday-april-21st-700-pm-toronto-2026,https://cdn.shopify.com/s/files/1/0574/4692/4324/files/1467057e10469e5f4cedf2e9143ea16df4d95cd9_Asset_500x_mtg_modern_en_1049771b-09fb-44f9-9968-9426a95755a3.jpg?v=1742931857,53932627886452,Default Title,EVE-RET-TORONTO-03067,Default Title,,,12.00,12.00,True,,
14952882602356,Riftbound - 1v1 Constructed Nexus Night - Tuesday April 14th - 7:00 PM - Toronto [2026],riftbound-1v1-constructed-nexus-night-tuesday-april-14th-700-pm-toronto-2026,Riftbound,Toronto Event Tickets,,2026-02-17T17:18:12-05:00,2026-02-17T23:00:58-05:00,https://facetofacegames.com/products/riftbound-1v1-constructed-nexus-night-tuesday-april-14th-700-pm-toronto-2026,https://cdn.shopify.com/s/files/1/0574/4692/4324/files/d5beb4eacec2af0119fa363b6f01d72d4ca38bed_Asset_TorontoRiftbound_82a61f17-44f9-42b7-b16e-fba7a0c7bcf2.jpg?v=1771366682,53932691292532,Default Title,EVE-RET-TORONTO-03039,Default Title,,,12.00,12.00,True,,
14952857928052,Magic: the Gathering - TMNT Draft Weekly - Saturday March 14th - 4:00 PM - Toronto [2026],magic-the-gathering-tmnt-draft-weekly-saturday-march-14th-400-pm-toronto-2026,Magic,Toronto Event Tickets,,2026-02-17T17:04:27-05:00,2026-02-17T23:00:58-05:00,https://facetofacegames.com/products/magic-the-gathering-tmnt-draft-weekly-saturday-march-14th-400-pm-toronto-2026,,53932629524852,Default Title,EVE-RET-TORONTO-03155,Default Title,,,25.00,25.00,True,,
14952857403764,Magic: the Gathering - Legacy Friday Night Magic - Friday March 13th - 7:00 PM - Toronto [2026],magic-the-gathering-legacy-friday-night-magic-friday-march-13th-700-pm-toronto-2026,Magic,Toronto Event Tickets,,2026-02-17T17:04:09-05:00,2026-02-17T23:00:58-05:00,https://facetofacegames.com/products/magic-the-gathering-legacy-friday-night-magic-friday-march-13th-700-pm-toronto-2026,https://cdn.shopify.com/s/files/1/0574/4692/4324/files/2e7034ab57d7b706b14be1092128419edf867a9d_Asset_500x_mtg_legacy_friday_en.jpg?v=1742931825,53932629000564,Default Title,EVE-RET-TORONTO-03139,Default Title,,,12.00,12.00,True,,
14952856846708,Magic: the Gathering - TMNT Draft Weekly - Sunday March 29th - 4:00 PM - Toronto [2026],magic-the-gathering-tmnt-draft-weekly-sunday-march-29th-400-pm-toronto-2026,Magic,Toronto Event Tickets,,2026-02-17T17:04:00-05:00,2026-02-17T23:00:58-05:00,https://facetofacegames.com/products/magic-the-gathering-tmnt-draft-weekly-sunday-march-29th-400-pm-toronto-2026,,53932627755380,Default Title,EVE-RET-TORONTO-03165,Default Title,,,25.00,25.00,True,,
14952856519028,One Piece - Constructed Weekly - Wednesday March 4th - 6:00 PM - Toronto [2026],one-piece-constructed-weekly-wednesday-march-4th-600-pm-toronto-2026,One Piece,Toronto Event Tickets,,2026-02-17T17:03:56-05:00,2026-02-17T23:00:58-05:00,https://facetofacegames.com/products/one-piece-constructed-weekly-wednesday-march-4th-600-pm-toronto-2026,https://cdn.shopify.com/s/files/1/0574/4692/4324/files/3c6306bf245b1c05a95a0e8210e073670081f046_Asset_500x_onepiece_constructed_en_fb740de0-ee9c-4fd4-81cb-ec2358391667.jpg?v=1750280691,53932627427700,Default Title,EVE-RET-TORONTO-03069,Default Title,,,12.00,12.00,True,,
14952855110004,Magic: the Gathering - Modern Weekly - Tuesday April 7th - 7:00 PM - Toronto [2026],magic-the-gathering-modern-weekly-tuesday-april-7th-700-pm-toronto-2026,Magic,Toronto Event Tickets,,2026-02-17T17:03:40-05:00,2026-02-17T23:00:58-05:00,https://facetofacegames.com/products/magic-the-gathering-modern-weekly-tuesday-april-7th-700-pm-toronto-2026,https://cdn.shopify.com/s/files/1/0574/4692/4324/files/1467057e10469e5f4cedf2e9143ea16df4d95cd9_Asset_500x_mtg_modern_en_1049771b-09fb-44f9-9968-9426a95755a3.jpg?v=1742931857,53932625723764,Default Title,EVE-RET-TORONTO-03065,Default Title,,,12.00,12.00,True,,
14952854651252,Yu-Gi-Oh! - Constructed Locals - Wednesday April 15th - 6:30 PM - Toronto [2026],yu-gi-oh-constructed-locals-wednesday-april-15th-630-pm-toronto-2026,Yu-Gi-Oh!,Toronto Event Tickets,,2026-02-17T17:03:36-05:00,2026-02-17T23:00:58-05:00,https://facetofacegames.com/products/yu-gi-oh-constructed-locals-wednesday-april-15th-630-pm-toronto-2026,https://cdn.shopify.com/s/files/1/0574/4692/4324/files/f5ace79658fb4f167dba6ca10892265d0aeea492_Asset_500x_yugioh_wednesday_en.jpg?v=1742931824,53932625265012,Default Title,EVE-RET-TORONTO-03102,Default Title,,,6.00,6.00,True,,
14952854356340,Magic: the Gathering - Modern Weekly - Tuesday March 10th - 7:00 PM - Toronto [2026],magic-the-gathering-modern-weekly-tuesday-march-10th-700-pm-toronto-2026,Magic,Toronto Event Tickets,,2026-02-17T17:03:34-05:00,2026-02-17T23:00:58-05:00,https://facetofacegames.com/products/magic-the-gathering-modern-weekly-tuesday-march-10th-700-pm-toronto-2026,https://cdn.shopify.com/s/files/1/0574/4692/4324/files/1467057e10469e5f4cedf2e9143ea16df4d95cd9_Asset_500x_mtg_modern_en_1049771b-09fb-44f9-9968-9426a95755a3.jpg?v=1742931857,53932624970100,Default Title,EVE-RET-TORONTO-03061,Default Title,,,12.00,12.00,True,,
14952854290804,Magic: the Gathering - Standard Showdown - Tuesday March 24th - 6:30 PM - Toronto [2026],magic-the-gathering-standard-showdown-tuesday-march-24th-630-pm-toronto-2026,Magic,Toronto Event Tickets,,2026-02-17T17:03:33-05:00,2026-02-17T23:00:58-05:00,https://facetofacegames.com/products/magic-the-gathering-standard-showdown-tuesday-march-24th-630-pm-toronto-2026,https://cdn.shopify.com/s/files/1/0574/4692/4324/files/0396ab238865907a21c4a54e52717c3ba34afed6_Asset_500x_mtg_standard_showdown_en.jpg?v=1742931823,53932624904564,Default Title,EVE-RET-TORONTO-03054,Default Title,,,6.00,6.00,True,,
14952852914548,Pokémon - Standard Pokemon League - Saturday March 21st - 11:00 AM - Montreal [2026],pokemon-standard-pokemon-league-saturday-march-21st-1100-am-montreal-2026,Pokémon,Montréal Event Tickets,,2026-02-17T17:03:24-05:00,2026-02-17T23:00:58-05:00,https://facetofacegames.com/products/pokemon-standard-pokemon-league-saturday-march-21st-1100-am-montreal-2026,https://cdn.shopify.com/s/files/1/0574/4692/4324/files/a89e7f8c2f2bda0d1ed7f93cf02be114701e6358_Asset_500x_pokemon_league_fr.jpg?v=1742931861,53932623561076,Default Title,EVE-RET-MONTREAL-03004,Default Title,,,6.00,6.00,True,,
14952852849012,Pokémon - Standard Pokemon League - Saturday April 4th - 11:00 AM - Montreal [2026],pokemon-standard-pokemon-league-saturday-april-4th-1100-am-montreal-2026,Pokémon,Montréal Event Tickets,,2026-02-17T17:03:24-05:00,2026-02-17T23:00:58-05:00,https://facetofacegames.com/products/pokemon-standard-pokemon-league-saturday-april-4th-1100-am-montreal-2026,https://cdn.shopify.com/s/files/1/0574/4692/4324/files/a89e7f8c2f2bda0d1ed7f93cf02be114701e6358_Asset_500x_pokemon_league_fr.jpg?v=1742931861,53932623462772,Default Title,EVE-RET-MONTREAL-03005,Default Title,,,6.00,6.00,True,,
14952852816244,Magic: the Gathering - Modern Friday Night Magic - Friday April 17th - 6:30 PM - Montreal [2026],magic-the-gathering-modern-friday-night-magic-friday-april-17th-630-pm-montreal-2026,Magic,Montréal Event Tickets,,2026-02-17T17:03:23-05:00,2026-02-17T23:00:58-05:00,https://facetofacegames.com/products/magic-the-gathering-modern-friday-night-magic-friday-april-17th-630-pm-montreal-2026,https://cdn.shopify.com/s/files/1/0574/4692/4324/files/33b82ec4199b1cd6a60fb7b7dc9fdd9d6566f053_Asset_500x_mtg_modern_fnm_fr.jpg?v=1753908490,53932623430004,Default Title,EVE-RET-MONTREAL-02995,Default Title,,,12.00,12.00,True,,
14952852750708,Magic: the Gathering - Modern Friday Night Magic - Friday April 10th - 6:30 PM - Montreal [2026],magic-the-gathering-modern-friday-night-magic-friday-april-10th-630-pm-montreal-2026,Magic,Montréal Event Tickets,,2026-02-17T17:03:23-05:00,2026-02-17T23:00:58-05:00,https://facetofacegames.com/products/magic-the-gathering-modern-friday-night-magic-friday-april-10th-630-pm-montreal-2026,https://cdn.shopify.com/s/files/1/0574/4692/4324/files/33b82ec4199b1cd6a60fb7b7dc9fdd9d6566f053_Asset_500x_mtg_modern_fnm_fr.jpg?v=1753908490,53932623364468,Default Title,EVE-RET-MONTREAL-02994,Default Title,,,12.00,12.00,True,,
14952858255732,Yu-Gi-Oh! - Constructed Locals - Saturday April 25th - 12:00 PM - Toronto [2026],yu-gi-oh-constructed-locals-saturday-april-25th-1200-pm-toronto-2026,Yu-Gi-Oh!,Toronto Event Tickets,,2026-02-17T17:04:27-05:00,2026-02-17T23:00:57-05:00,https://facetofacegames.com/products/yu-gi-oh-constructed-locals-saturday-april-25th-1200-pm-toronto-2026,https://cdn.shopify.com/s/files/1/0574/4692/4324/files/fd5348d087f34549100160b3f872100fcd3e69ce_Asset_500x_yugioh_en.jpg?v=1742931817,53932629885300,Default Title,EVE-RET-TORONTO-03153,Default Title,,,6.00,6.00,True,,
14952858059124,Magic: the Gathering - Standard Showdown - Tuesday March 17th - 6:30 PM - Toronto [2026],magic-the-gathering-standard-showdown-tuesday-march-17th-630-pm-toronto-2026,Magic,Toronto Event Tickets,,2026-02-17T17:04:27-05:00,2026-02-17T23:00:57-05:00,https://facetofacegames.com/products/magic-the-gathering-standard-showdown-tuesday-march-17th-630-pm-toronto-2026,https://cdn.shopify.com/s/files/1/0574/4692/4324/files/0396ab238865907a21c4a54e52717c3ba34afed6_Asset_500x_mtg_standard_showdown_en.jpg?v=1742931823,53932629655924,Default Title,EVE-RET-TORONTO-03053,Default Title,,,6.00,6.00,True,,
14952858026356,Magic: the Gathering - Legacy Friday Night Magic - Friday March 27th - 7:00 PM - Toronto [2026],magic-the-gathering-legacy-friday-night-magic-friday-march-27th-700-pm-toronto-2026,Magic,Toronto Event Tickets,,2026-02-17T17:04:27-05:00,2026-02-17T23:00:57-05:00,https://facetofacegames.com/products/magic-the-gathering-legacy-friday-night-magic-friday-march-27th-700-pm-toronto-2026,https://cdn.shopify.com/s/files/1/0574/4692/4324/files/2e7034ab57d7b706b14be1092128419edf867a9d_Asset_500x_mtg_legacy_friday_en.jpg?v=1742931825,53932629623156,Default Title,EVE-RET-TORONTO-03141,Default Title,,,12.00,12.00,True,,
14952857993588,Yu-Gi-Oh! - Constructed Locals - Wednesday March 4th - 6:30 PM - Toronto [2026],yu-gi-oh-constructed-locals-wednesday-march-4th-630-pm-toronto-2026,Yu-Gi-Oh!,Toronto Event Tickets,,2026-02-17T17:04:27-05:00,2026-02-17T23:00:57-05:00,https://facetofacegames.com/products/yu-gi-oh-constructed-locals-wednesday-march-4th-630-pm-toronto-2026,https://cdn.shopify.com/s/files/1/0574/4692/4324/files/f5ace79658fb4f167dba6ca10892265d0aeea492_Asset_500x_yugioh_wednesday_en.jpg?v=1742931824,53932629557620,Default Title,EVE-RET-TORONTO-03096,Default Title,,,6.00,6.00,True,,
14952857862516,Magic: the Gathering - TMNT Draft Weekly - Saturday March 28th - 4:00 PM - Toronto [2026],magic-the-gathering-tmnt-draft-weekly-saturday-march-28th-400-pm-toronto-2026,Magic,Toronto Event Tickets,,2026-02-17T17:04:27-05:00,2026-02-17T23:00:57-05:00,https://facetofacegames.com/products/magic-the-gathering-tmnt-draft-weekly-saturday-march-28th-400-pm-toronto-2026,,53932629459316,Default Title,EVE-RET-TORONTO-03157,Default Title,,,25.00,25.00,True,,
14952857534836,Magic: the Gathering - Legacy Friday Night Magic - Friday March 6th - 7:00 PM - Toronto [2026],magic-the-gathering-legacy-friday-night-magic-friday-march-6th-700-pm-toronto-2026,Magic,Toronto Event Tickets,,2026-02-17T17:04:11-05:00,2026-02-17T23:00:57-05:00,https://facetofacegames.com/products/magic-the-gathering-legacy-friday-night-magic-friday-march-6th-700-pm-toronto-2026,https://cdn.shopify.com/s/files/1/0574/4692/4324/files/2e7034ab57d7b706b14be1092128419edf867a9d_Asset_500x_mtg_legacy_friday_en.jpg?v=1742931825,53932629164404,Default Title,EVE-RET-TORONTO-03138,Default Title,,,12.00,12.00,True,,
14952856682868,Magic: the Gathering - Modern Weekly - Tuesday April 14th - 7:00 PM - Toronto [2026],magic-the-gathering-modern-weekly-tuesday-april-14th-700-pm-toronto-2026,Magic,Toronto Event Tickets,,2026-02-17T17:03:58-05:00,2026-02-17T23:00:57-05:00,https://facetofacegames.com/products/magic-the-gathering-modern-weekly-tuesday-april-14th-700-pm-toronto-2026,https://cdn.shopify.com/s/files/1/0574/4692/4324/files/1467057e10469e5f4cedf2e9143ea16df4d95cd9_Asset_500x_mtg_modern_en_1049771b-09fb-44f9-9968-9426a95755a3.jpg?v=1742931857,53932627591540,Default Title,EVE-RET-TORONTO-03066,Default Title,,,12.00,12.00,True,,
14952856650100,Pokémon - Standard Pokemon League - Thursday April 16th - 6:00 PM - Toronto [2026],pokemon-standard-pokemon-league-thursday-april-16th-600-pm-toronto-2026,Pokémon,Toronto Event Tickets,,2026-02-17T17:03:57-05:00,2026-02-17T23:00:57-05:00,https://facetofacegames.com/products/pokemon-standard-pokemon-league-thursday-april-16th-600-pm-toronto-2026,https://cdn.shopify.com/s/files/1/0574/4692/4324/files/5b3025774bde26f96ce76f6e90af8d23a02a87b1_Asset_500x_pokemon_league_thursday_en.jpg?v=1742931828,53932627558772,Default Title,EVE-RET-TORONTO-03119,Default Title,,,6.00,6.00,True,,
14952856551796,Magic: the Gathering - Modern Weekly - Thursday March 26th - 7:00 PM - Toronto [2026],magic-the-gathering-modern-weekly-thursday-march-26th-700-pm-toronto-2026,Magic,Toronto Event Tickets,,2026-02-17T17:03:57-05:00,2026-02-17T23:00:57-05:00,https://facetofacegames.com/products/magic-the-gathering-modern-weekly-thursday-march-26th-700-pm-toronto-2026,https://cdn.shopify.com/s/files/1/0574/4692/4324/files/d8c78f3a751992fbf7e7e4c51979b30370c6c9c4_Asset_500x_mtg_modern_thursday_en.jpg?v=1742931829,53932627526004,Default Title,EVE-RET-TORONTO-03125,Default Title,,,12.00,12.00,True,,
14952855568756,Magic: the Gathering - Modern Weekly - Thursday April 23rd - 7:00 PM - Toronto [2026],magic-the-gathering-modern-weekly-thursday-april-23rd-700-pm-toronto-2026,Magic,Toronto Event Tickets,,2026-02-17T17:03:44-05:00,2026-02-17T23:00:57-05:00,https://facetofacegames.com/products/magic-the-gathering-modern-weekly-thursday-april-23rd-700-pm-toronto-2026,https://cdn.shopify.com/s/files/1/0574/4692/4324/files/d8c78f3a751992fbf7e7e4c51979b30370c6c9c4_Asset_500x_mtg_modern_thursday_en.jpg?v=1742931829,53932626477428,Default Title,EVE-RET-TORONTO-03129,Default Title,,,12.00,12.00,True,,
14952855503220,Magic: the Gathering - Modern Weekly - Thursday April 2nd - 7:00 PM - Toronto [2026],magic-the-gathering-modern-weekly-thursday-april-2nd-700-pm-toronto-2026,Magic,Toronto Event Tickets,,2026-02-17T17:03:43-05:00,2026-02-17T23:00:57-05:00,https://facetofacegames.com/products/magic-the-gathering-modern-weekly-thursday-april-2nd-700-pm-toronto-2026,https://cdn.shopify.com/s/files/1/0574/4692/4324/files/d8c78f3a751992fbf7e7e4c51979b30370c6c9c4_Asset_500x_mtg_modern_thursday_en.jpg?v=1742931829,53932626411892,Default Title,EVE-RET-TORONTO-03126,Default Title,,,12.00,12.00,True,,
14952855044468,Pokémon - Standard Pokemon League - Thursday March 19th - 6:00 PM - Toronto [2026],pokemon-standard-pokemon-league-thursday-march-19th-600-pm-toronto-2026,Pokémon,Toronto Event Tickets,,2026-02-17T17:03:40-05:00,2026-02-17T23:00:57-05:00,https://facetofacegames.com/products/pokemon-standard-pokemon-league-thursday-march-19th-600-pm-toronto-2026,https://cdn.shopify.com/s/files/1/0574/4692/4324/files/5b3025774bde26f96ce76f6e90af8d23a02a87b1_Asset_500x_pokemon_league_thursday_en.jpg?v=1742931828,53932625658228,Default Title,EVE-RET-TORONTO-03115,Default Title,,,6.00,6.00,True,,
14952849965428,Magic: the Gathering - TMNT Draft Friday Night Magic - Friday March 27th - 7:00 PM - Montreal [2026],magic-the-gathering-tmnt-draft-friday-night-magic-friday-march-27th-700-pm-montreal-2026,Magic,Montréal Event Tickets,,2026-02-17T17:03:14-05:00,2026-02-17T23:00:57-05:00,https://facetofacegames.com/products/magic-the-gathering-tmnt-draft-friday-night-magic-friday-march-27th-700-pm-montreal-2026,,53932620611956,Default Title,EVE-RET-MONTREAL-03000,Default Title,,,25.00,25.00,True,,
14952855896436,One Piece - Constructed Weekly - Wednesday March 18th - 6:00 PM - Toronto [2026],one-piece-constructed-weekly-wednesday-march-18th-600-pm-toronto-2026,One Piece,Toronto Event Tickets,,2026-02-17T17:03:47-05:00,2026-02-17T23:00:56-05:00,https://facetofacegames.com/products/one-piece-constructed-weekly-wednesday-march-18th-600-pm-toronto-2026,https://cdn.shopify.com/s/files/1/0574/4692/4324/files/3c6306bf245b1c05a95a0e8210e073670081f046_Asset_500x_onepiece_constructed_en_fb740de0-ee9c-4fd4-81cb-ec2358391667.jpg?v=1750280691,53932626805108,Default Title,EVE-RET-TORONTO-03071,Default Title,,,12.00,12.00,True,,
14952855142772,Pokémon - Standard Pokemon League - Thursday April 2nd - 6:00 PM - Toronto [2026],pokemon-standard-pokemon-league-thursday-april-2nd-600-pm-toronto-2026,Pokémon,Toronto Event Tickets,,2026-02-17T17:03:41-05:00,2026-02-17T23:00:56-05:00,https://facetofacegames.com/products/pokemon-standard-pokemon-league-thursday-april-2nd-600-pm-toronto-2026,https://cdn.shopify.com/s/files/1/0574/4692/4324/files/5b3025774bde26f96ce76f6e90af8d23a02a87b1_Asset_500x_pokemon_league_thursday_en.jpg?v=1742931828,53932625756532,Default Title,EVE-RET-TORONTO-03117,Default Title,,,6.00,6.00,True,,
14952855011700,Pokémon - Standard Pokemon League - Thursday March 12th - 6:00 PM - Toronto [2026],pokemon-standard-pokemon-league-thursday-march-12th-600-pm-toronto-2026,Pokémon,Toronto Event Tickets,,2026-02-17T17:03:39-05:00,2026-02-17T23:00:56-05:00,https://facetofacegames.com/products/pokemon-standard-pokemon-league-thursday-march-12th-600-pm-toronto-2026,https://cdn.shopify.com/s/files/1/0574/4692/4324/files/5b3025774bde26f96ce76f6e90af8d23a02a87b1_Asset_500x_pokemon_league_thursday_en.jpg?v=1742931828,53932625625460,Default Title,EVE-RET-TORONTO-03114,Default Title,,,6.00,6.00,True,,
14952854552948,Yu-Gi-Oh! - Constructed Locals - Wednesday March 18th - 6:30 PM - Toronto [2026],yu-gi-oh-constructed-locals-wednesday-march-18th-630-pm-toronto-2026,Yu-Gi-Oh!,Toronto Event Tickets,,2026-02-17T17:03:35-05:00,2026-02-17T23:00:56-05:00,https://facetofacegames.com/products/yu-gi-oh-constructed-locals-wednesday-march-18th-630-pm-toronto-2026,https://cdn.shopify.com/s/files/1/0574/4692/4324/files/f5ace79658fb4f167dba6ca10892265d0aeea492_Asset_500x_yugioh_wednesday_en.jpg?v=1742931824,53932625166708,Default Title,EVE-RET-TORONTO-03098,Default Title,,,6.00,6.00,True,,
14952852881780,Pokémon - Standard Pokemon League - Saturday March 14th - 11:00 AM - Montreal [2026],pokemon-standard-pokemon-league-saturday-march-14th-1100-am-montreal-2026,Pokémon,Montréal Event Tickets,,2026-02-17T17:03:24-05:00,2026-02-17T23:00:56-05:00,https://facetofacegames.com/products/pokemon-standard-pokemon-league-saturday-march-14th-1100-am-montreal-2026,https://cdn.shopify.com/s/files/1/0574/4692/4324/files/a89e7f8c2f2bda0d1ed7f93cf02be114701e6358_Asset_500x_pokemon_league_fr.jpg?v=1742931861,53932623495540,Default Title,EVE-RET-MONTREAL-03003,Default Title,,,6.00,6.00,True,,
14952850260340,Magic: the Gathering - TMNT Draft Weekly - Saturday April 11th - 1:00 PM - Montreal [2026],magic-the-gathering-tmnt-draft-weekly-saturday-april-11th-100-pm-montreal-2026,Magic,Montréal Event Tickets,,2026-02-17T17:03:14-05:00,2026-02-17T23:00:56-05:00,https://facetofacegames.com/products/magic-the-gathering-tmnt-draft-weekly-saturday-april-11th-100-pm-montreal-2026,,53932620808564,Default Title,EVE-RET-MONTREAL-03013,Default Title,,,25.00,25.00,True,,
14952849932660,Magic: the Gathering - TMNT Draft Friday Night Magic - Friday March 6th - 7:00 PM - Montreal [2026],magic-the-gathering-tmnt-draft-friday-night-magic-friday-march-6th-700-pm-montreal-2026,Magic,Montréal Event Tickets,,2026-02-17T17:03:14-05:00,2026-02-17T23:00:56-05:00,https://facetofacegames.com/products/magic-the-gathering-tmnt-draft-friday-night-magic-friday-march-6th-700-pm-montreal-2026,,53932620513652,Default Title,EVE-RET-MONTREAL-02997,Default Title,,,25.00,25.00,True,,
14952857600372,Magic: the Gathering - Legacy Friday Night Magic - Friday April 3rd - 7:00 PM - Toronto [2026],magic-the-gathering-legacy-friday-night-magic-friday-april-3rd-700-pm-toronto-2026,Magic,Toronto Event Tickets,,2026-02-17T17:04:11-05:00,2026-02-17T23:00:55-05:00,https://facetofacegames.com/products/magic-the-gathering-legacy-friday-night-magic-friday-april-3rd-700-pm-toronto-2026,https://cdn.shopify.com/s/files/1/0574/4692/4324/files/2e7034ab57d7b706b14be1092128419edf867a9d_Asset_500x_mtg_legacy_friday_en.jpg?v=1742931825,53932629197172,Default Title,EVE-RET-TORONTO-03142,Default Title,,,12.00,12.00,True,,
14952856813940,Magic: the Gathering - TMNT Draft Weekly - Sunday March 15th - 4:00 PM - Toronto [2026],magic-the-gathering-tmnt-draft-weekly-sunday-march-15th-400-pm-toronto-2026,Magic,Toronto Event Tickets,,2026-02-17T17:04:00-05:00,2026-02-17T23:00:55-05:00,https://facetofacegames.com/products/magic-the-gathering-tmnt-draft-weekly-sunday-march-15th-400-pm-toronto-2026,,53932627722612,Default Title,EVE-RET-TORONTO-03163,Default Title,,,25.00,25.00,True,,
14952856060276,Magic: the Gathering - Standard Showdown - Tuesday March 10th - 6:30 PM - Toronto [2026],magic-the-gathering-standard-showdown-tuesday-march-10th-630-pm-toronto-2026,Magic,Toronto Event Tickets,,2026-02-17T17:03:49-05:00,2026-02-17T23:00:55-05:00,https://facetofacegames.com/products/magic-the-gathering-standard-showdown-tuesday-march-10th-630-pm-toronto-2026,https://cdn.shopify.com/s/files/1/0574/4692/4324/files/0396ab238865907a21c4a54e52717c3ba34afed6_Asset_500x_mtg_standard_showdown_en.jpg?v=1742931823,53932626936180,Default Title,EVE-RET-TORONTO-03052,Default Title,,,6.00,6.00,True,,
14952855732596,One Piece - Constructed Weekly - Wednesday April 29th - 6:00 PM - Toronto [2026],one-piece-constructed-weekly-wednesday-april-29th-600-pm-toronto-2026,One Piece,Toronto Event Tickets,,2026-02-17T17:03:45-05:00,2026-02-17T23:00:55-05:00,https://facetofacegames.com/products/one-piece-constructed-weekly-wednesday-april-29th-600-pm-toronto-2026,https://cdn.shopify.com/s/files/1/0574/4692/4324/files/3c6306bf245b1c05a95a0e8210e073670081f046_Asset_500x_onepiece_constructed_en_fb740de0-ee9c-4fd4-81cb-ec2358391667.jpg?v=1750280691,53932626641268,Default Title,EVE-RET-TORONTO-03077,Default Title,,,12.00,12.00,True,,
14952855601524,Magic: the Gathering - Modern Weekly - Thursday April 30th - 7:00 PM - Toronto [2026],magic-the-gathering-modern-weekly-thursday-april-30th-700-pm-toronto-2026,Magic,Toronto Event Tickets,,2026-02-17T17:03:44-05:00,2026-02-17T23:00:55-05:00,https://facetofacegames.com/products/magic-the-gathering-modern-weekly-thursday-april-30th-700-pm-toronto-2026,https://cdn.shopify.com/s/files/1/0574/4692/4324/files/d8c78f3a751992fbf7e7e4c51979b30370c6c9c4_Asset_500x_mtg_modern_thursday_en.jpg?v=1742931829,53932626510196,Default Title,EVE-RET-TORONTO-03130,Default Title,,,12.00,12.00,True,,
14952855372148,Magic: the Gathering - Modern Weekly - Thursday March 12th - 7:00 PM - Toronto [2026],magic-the-gathering-modern-weekly-thursday-march-12th-700-pm-toronto-2026,Magic,Toronto Event Tickets,,2026-02-17T17:03:42-05:00,2026-02-17T23:00:55-05:00,https://facetofacegames.com/products/magic-the-gathering-modern-weekly-thursday-march-12th-700-pm-toronto-2026,https://cdn.shopify.com/s/files/1/0574/4692/4324/files/d8c78f3a751992fbf7e7e4c51979b30370c6c9c4_Asset_500x_mtg_modern_thursday_en.jpg?v=1742931829,53932625985908,Default Title,EVE-RET-TORONTO-03123,Default Title,,,12.00,12.00,True,,
14952855339380,Magic: the Gathering - Modern Weekly - Thursday March 19th - 7:00 PM - Toronto [2026],magic-the-gathering-modern-weekly-thursday-march-19th-700-pm-toronto-2026,Magic,Toronto Event Tickets,,2026-02-17T17:03:42-05:00,2026-02-17T23:00:55-05:00,https://facetofacegames.com/products/magic-the-gathering-modern-weekly-thursday-march-19th-700-pm-toronto-2026,https://cdn.shopify.com/s/files/1/0574/4692/4324/files/d8c78f3a751992fbf7e7e4c51979b30370c6c9c4_Asset_500x_mtg_modern_thursday_en.jpg?v=1742931829,53932625953140,Default Title,EVE-RET-TORONTO-03124,Default Title,,,12.00,12.00,True,,
14952855273844,Magic: the Gathering - Modern Weekly - Thursday March 5th - 7:00 PM - Toronto [2026],magic-the-gathering-modern-weekly-thursday-march-5th-700-pm-toronto-2026,Magic,Toronto Event Tickets,,2026-02-17T17:03:42-05:00,2026-02-17T23:00:55-05:00,https://facetofacegames.com/products/magic-the-gathering-modern-weekly-thursday-march-5th-700-pm-toronto-2026,https://cdn.shopify.com/s/files/1/0574/4692/4324/files/d8c78f3a751992fbf7e7e4c51979b30370c6c9c4_Asset_500x_mtg_modern_thursday_en.jpg?v=1742931829,53932625887604,Default Title,EVE-RET-TORONTO-03122,Default Title,,,12.00,12.00,True,,
14952855241076,Pokémon - Standard Pokemon League - Thursday April 30th - 6:00 PM - Toronto [2026],pokemon-standard-pokemon-league-thursday-april-30th-600-pm-toronto-2026,Pokémon,Toronto Event Tickets,,2026-02-17T17:03:41-05:00,2026-02-17T23:00:55-05:00,https://facetofacegames.com/products/pokemon-standard-pokemon-league-thursday-april-30th-600-pm-toronto-2026,https://cdn.shopify.com/s/files/1/0574/4692/4324/files/5b3025774bde26f96ce76f6e90af8d23a02a87b1_Asset_500x_pokemon_league_thursday_en.jpg?v=1742931828,53932625854836,Default Title,EVE-RET-TORONTO-03121,Default Title,,,6.00,6.00,True,,
14952852717940,Magic: the Gathering - Modern Friday Night Magic - Friday March 27th - 6:30 PM - Montreal [2026],magic-the-gathering-modern-friday-night-magic-friday-march-27th-630-pm-montreal-2026,Magic,Montréal Event Tickets,,2026-02-17T17:03:23-05:00,2026-02-17T23:00:55-05:00,https://facetofacegames.com/products/magic-the-gathering-modern-friday-night-magic-friday-march-27th-630-pm-montreal-2026,https://cdn.shopify.com/s/files/1/0574/4692/4324/files/33b82ec4199b1cd6a60fb7b7dc9fdd9d6566f053_Asset_500x_mtg_modern_fnm_fr.jpg?v=1753908490,53932623331700,Default Title,EVE-RET-MONTREAL-02993,Default Title,,,12.00,12.00,True,,
14952849899892,Magic: the Gathering - TMNT Draft Friday Night Magic - Friday March 13th - 7:00 PM - Montreal [2026],magic-the-gathering-tmnt-draft-friday-night-magic-friday-march-13th-700-pm-montreal-2026,Magic,Montréal Event Tickets,,2026-02-17T17:03:14-05:00,2026-02-17T23:00:55-05:00,https://facetofacegames.com/products/magic-the-gathering-tmnt-draft-friday-night-magic-friday-march-13th-700-pm-montreal-2026,,53932620546420,Default Title,EVE-RET-MONTREAL-02998,Default Title,,,25.00,25.00,True,,
14952849867124,Magic: the Gathering - TMNT Draft Friday Night Magic - Friday March 20th - 7:00 PM - Montreal [2026],magic-the-gathering-tmnt-draft-friday-night-magic-friday-march-20th-700-pm-montreal-2026,Magic,Montréal Event Tickets,,2026-02-17T17:03:14-05:00,2026-02-17T23:00:55-05:00,https://facetofacegames.com/products/magic-the-gathering-tmnt-draft-friday-night-magic-friday-march-20th-700-pm-montreal-2026,,53932620480884,Default Title,EVE-RET-MONTREAL-02999,Default Title,,,25.00,25.00,True,,
14952882864500,Riftbound - 1v1 Constructed Nexus Night - Tuesday March 10th - 7:00 PM - Toronto [2026],riftbound-1v1-constructed-nexus-night-tuesday-march-10th-700-pm-toronto-2026,Riftbound,Toronto Event Tickets,,2026-02-17T17:18:12-05:00,2026-02-17T23:00:54-05:00,https://facetofacegames.com/products/riftbound-1v1-constructed-nexus-night-tuesday-march-10th-700-pm-toronto-2026,https://cdn.shopify.com/s/files/1/0574/4692/4324/files/d5beb4eacec2af0119fa363b6f01d72d4ca38bed_Asset_TorontoRiftbound_82a61f17-44f9-42b7-b16e-fba7a0c7bcf2.jpg?v=1771366682,53932691554676,Default Title,EVE-RET-TORONTO-03034,Default Title,,,12.00,12.00,True,,
14952858321268,Yu-Gi-Oh! - Constructed Locals - Saturday April 18th - 12:00 PM - Toronto [2026],yu-gi-oh-constructed-locals-saturday-april-18th-1200-pm-toronto-2026,Yu-Gi-Oh!,Toronto Event Tickets,,2026-02-17T17:04:27-05:00,2026-02-17T23:00:54-05:00,https://facetofacegames.com/products/yu-gi-oh-constructed-locals-saturday-april-18th-1200-pm-toronto-2026,https://cdn.shopify.com/s/files/1/0574/4692/4324/files/fd5348d087f34549100160b3f872100fcd3e69ce_Asset_500x_yugioh_en.jpg?v=1742931817,53932629852532,Default Title,EVE-RET-TORONTO-03152,Default Title,,,6.00,6.00,True,,
14952857567604,Magic: the Gathering - TMNT Draft Weekly - Saturday April 4th - 4:00 PM - Toronto [2026],magic-the-gathering-tmnt-draft-weekly-saturday-april-4th-400-pm-toronto-2026,Magic,Toronto Event Tickets,,2026-02-17T17:04:11-05:00,2026-02-17T23:00:54-05:00,https://facetofacegames.com/products/magic-the-gathering-tmnt-draft-weekly-saturday-april-4th-400-pm-toronto-2026,,53932629131636,Default Title,EVE-RET-TORONTO-03158,Default Title,,,25.00,25.00,True,,
14952856912244,Magic: the Gathering - Modern Weekly - Thursday April 9th - 7:00 PM - Toronto [2026],magic-the-gathering-modern-weekly-thursday-april-9th-700-pm-toronto-2026,Magic,Toronto Event Tickets,,2026-02-17T17:04:01-05:00,2026-02-17T23:00:54-05:00,https://facetofacegames.com/products/magic-the-gathering-modern-weekly-thursday-april-9th-700-pm-toronto-2026,https://cdn.shopify.com/s/files/1/0574/4692/4324/files/d8c78f3a751992fbf7e7e4c51979b30370c6c9c4_Asset_500x_mtg_modern_thursday_en.jpg?v=1742931829,53932627820916,Default Title,EVE-RET-TORONTO-03127,Default Title,,,12.00,12.00,True,,
14952856191348,One Piece - Constructed Weekly - Wednesday March 25th - 6:00 PM - Toronto [2026],one-piece-constructed-weekly-wednesday-march-25th-600-pm-toronto-2026,One Piece,Toronto Event Tickets,,2026-02-17T17:03:52-05:00,2026-02-17T23:00:54-05:00,https://facetofacegames.com/products/one-piece-constructed-weekly-wednesday-march-25th-600-pm-toronto-2026,https://cdn.shopify.com/s/files/1/0574/4692/4324/files/3c6306bf245b1c05a95a0e8210e073670081f046_Asset_500x_onepiece_constructed_en_fb740de0-ee9c-4fd4-81cb-ec2358391667.jpg?v=1750280691,53932627132788,Default Title,EVE-RET-TORONTO-03072,Default Title,,,12.00,12.00,True,,
14952856158580,One Piece - Constructed Weekly - Wednesday March 11th - 6:00 PM - Toronto [2026],one-piece-constructed-weekly-wednesday-march-11th-600-pm-toronto-2026,One Piece,Toronto Event Tickets,,2026-02-17T17:03:51-05:00,2026-02-17T23:00:54-05:00,https://facetofacegames.com/products/one-piece-constructed-weekly-wednesday-march-11th-600-pm-toronto-2026,https://cdn.shopify.com/s/files/1/0574/4692/4324/files/3c6306bf245b1c05a95a0e8210e073670081f046_Asset_500x_onepiece_constructed_en_fb740de0-ee9c-4fd4-81cb-ec2358391667.jpg?v=1750280691,53932627067252,Default Title,EVE-RET-TORONTO-03070,Default Title,,,12.00,12.00,True,,
14952855961972,Pokémon - Standard Pokemon League - Thursday March 26th - 6:00 PM - Toronto [2026],pokemon-standard-pokemon-league-thursday-march-26th-600-pm-toronto-2026,Pokémon,Toronto Event Tickets,,2026-02-17T17:03:47-05:00,2026-02-17T23:00:54-05:00,https://facetofacegames.com/products/pokemon-standard-pokemon-league-thursday-march-26th-600-pm-toronto-2026,https://cdn.shopify.com/s/files/1/0574/4692/4324/files/5b3025774bde26f96ce76f6e90af8d23a02a87b1_Asset_500x_pokemon_league_thursday_en.jpg?v=1742931828,53932626870644,Default Title,EVE-RET-TORONTO-03116,Default Title,,,6.00,6.00,True,,
14952855929204,Magic: the Gathering - Standard Showdown - Tuesday March 3rd - 6:30 PM - Toronto [2026],magic-the-gathering-standard-showdown-tuesday-march-3rd-630-pm-toronto-2026,Magic,Toronto Event Tickets,,2026-02-17T17:03:47-05:00,2026-02-17T23:00:54-05:00,https://facetofacegames.com/products/magic-the-gathering-standard-showdown-tuesday-march-3rd-630-pm-toronto-2026,https://cdn.shopify.com/s/files/1/0574/4692/4324/files/0396ab238865907a21c4a54e52717c3ba34afed6_Asset_500x_mtg_standard_showdown_en.jpg?v=1742931823,53932626837876,Default Title,EVE-RET-TORONTO-03051,Default Title,,,6.00,6.00,True,,
14952855863668,One Piece - Constructed Weekly - Wednesday April 22nd - 6:00 PM - Toronto [2026],one-piece-constructed-weekly-wednesday-april-22nd-600-pm-toronto-2026,One Piece,Toronto Event Tickets,,2026-02-17T17:03:47-05:00,2026-02-17T23:00:54-05:00,https://facetofacegames.com/products/one-piece-constructed-weekly-wednesday-april-22nd-600-pm-toronto-2026,https://cdn.shopify.com/s/files/1/0574/4692/4324/files/3c6306bf245b1c05a95a0e8210e073670081f046_Asset_500x_onepiece_constructed_en_fb740de0-ee9c-4fd4-81cb-ec2358391667.jpg?v=1750280691,53932626772340,Default Title,EVE-RET-TORONTO-03076,Default Title,,,12.00,12.00,True,,
14952855404916,Pokémon - Standard Pokemon League - Thursday March 5th - 6:00 PM - Toronto [2026],pokemon-standard-pokemon-league-thursday-march-5th-600-pm-toronto-2026,Pokémon,Toronto Event Tickets,,2026-02-17T17:03:42-05:00,2026-02-17T23:00:54-05:00,https://facetofacegames.com/products/pokemon-standard-pokemon-league-thursday-march-5th-600-pm-toronto-2026,https://cdn.shopify.com/s/files/1/0574/4692/4324/files/5b3025774bde26f96ce76f6e90af8d23a02a87b1_Asset_500x_pokemon_league_thursday_en.jpg?v=1742931828,53932626018676,Default Title,EVE-RET-TORONTO-03113,Default Title,,,6.00,6.00,True,,
14952854094196,Lorcana - Core Constructed Weekly - Tuesday April 7th - 6:30 PM - Toronto [2026],lorcana-core-constructed-weekly-tuesday-april-7th-630-pm-toronto-2026,Lorcana,Toronto Event Tickets,,2026-02-17T17:03:32-05:00,2026-02-17T23:00:54-05:00,https://facetofacegames.com/products/lorcana-core-constructed-weekly-tuesday-april-7th-630-pm-toronto-2026,https://cdn.shopify.com/s/files/1/0574/4692/4324/files/a2df31c2deefc16a59c1d3c9191d34ea53054846_Asset_500x_lorcana_en.jpg?v=1742931861,53932624740724,Default Title,EVE-RET-TORONTO-03047,Default Title,,,6.00,6.00,True,,
14952852685172,Magic: the Gathering - Modern Friday Night Magic - Friday March 20th - 6:30 PM - Montreal [2026],magic-the-gathering-modern-friday-night-magic-friday-march-20th-630-pm-montreal-2026,Magic,Montréal Event Tickets,,2026-02-17T17:03:23-05:00,2026-02-17T23:00:54-05:00,https://facetofacegames.com/products/magic-the-gathering-modern-friday-night-magic-friday-march-20th-630-pm-montreal-2026,https://cdn.shopify.com/s/files/1/0574/4692/4324/files/33b82ec4199b1cd6a60fb7b7dc9fdd9d6566f053_Asset_500x_mtg_modern_fnm_fr.jpg?v=1753908490,53932623298932,Default Title,EVE-RET-MONTREAL-02992,Default Title,,,12.00,12.00,True,,
14952850096500,Magic: the Gathering - TMNT Draft Weekly - Saturday March 14th - 1:00 PM - Montreal [2026],magic-the-gathering-tmnt-draft-weekly-saturday-march-14th-100-pm-montreal-2026,Magic,Montréal Event Tickets,,2026-02-17T17:03:14-05:00,2026-02-17T23:00:54-05:00,https://facetofacegames.com/products/magic-the-gathering-tmnt-draft-weekly-saturday-march-14th-100-pm-montreal-2026,,53932620710260,Default Title,EVE-RET-MONTREAL-03009,Default Title,,,25.00,25.00,True,,
14952883454324,Magic: the Gathering - Pauper Weekly - Wednesday April 1st - 7:00 PM - Toronto [2026],magic-the-gathering-pauper-weekly-wednesday-april-1st-700-pm-toronto-2026,Magic,Toronto Event Tickets,,2026-02-17T17:18:22-05:00,2026-02-17T23:00:53-05:00,https://facetofacegames.com/products/magic-the-gathering-pauper-weekly-wednesday-april-1st-700-pm-toronto-2026,https://cdn.shopify.com/s/files/1/0574/4692/4324/files/aa0b4c7b8ccb727f78fb5b2d994b9b860c46301e_Asset_TorontoPauper_53b1a03d-79fa-4cf3-b0cc-fa84a8a4a9e7.jpg?v=1771366690,53932692963700,Default Title,EVE-RET-TORONTO-03082,Default Title,,,12.00,12.00,True,,
14952857436532,Magic: the Gathering - Legacy Friday Night Magic - Friday March 20th - 7:00 PM - Toronto [2026],magic-the-gathering-legacy-friday-night-magic-friday-march-20th-700-pm-toronto-2026,Magic,Toronto Event Tickets,,2026-02-17T17:04:09-05:00,2026-02-17T23:00:53-05:00,https://facetofacegames.com/products/magic-the-gathering-legacy-friday-night-magic-friday-march-20th-700-pm-toronto-2026,https://cdn.shopify.com/s/files/1/0574/4692/4324/files/2e7034ab57d7b706b14be1092128419edf867a9d_Asset_500x_mtg_legacy_friday_en.jpg?v=1742931825,53932629033332,Default Title,EVE-RET-TORONTO-03140,Default Title,,,12.00,12.00,True,,
14952856125812,Pokémon - Standard Pokemon League - Thursday April 23rd - 6:00 PM - Toronto [2026],pokemon-standard-pokemon-league-thursday-april-23rd-600-pm-toronto-2026,Pokémon,Toronto Event Tickets,,2026-02-17T17:03:50-05:00,2026-02-17T23:00:53-05:00,https://facetofacegames.com/products/pokemon-standard-pokemon-league-thursday-april-23rd-600-pm-toronto-2026,https://cdn.shopify.com/s/files/1/0574/4692/4324/files/5b3025774bde26f96ce76f6e90af8d23a02a87b1_Asset_500x_pokemon_league_thursday_en.jpg?v=1742931828,53932627034484,Default Title,EVE-RET-TORONTO-03120,Default Title,,,6.00,6.00,True,,
14952855535988,Yu-Gi-Oh! - Constructed Locals - Wednesday April 1st - 6:30 PM - Toronto [2026],yu-gi-oh-constructed-locals-wednesday-april-1st-630-pm-toronto-2026,Yu-Gi-Oh!,Toronto Event Tickets,,2026-02-17T17:03:43-05:00,2026-02-17T23:00:53-05:00,https://facetofacegames.com/products/yu-gi-oh-constructed-locals-wednesday-april-1st-630-pm-toronto-2026,https://cdn.shopify.com/s/files/1/0574/4692/4324/files/f5ace79658fb4f167dba6ca10892265d0aeea492_Asset_500x_yugioh_wednesday_en.jpg?v=1742931824,53932626444660,Default Title,EVE-RET-TORONTO-03100,Default Title,,,6.00,6.00,True,,
14952854585716,Yu-Gi-Oh! - Constructed Locals - Wednesday March 11th - 6:30 PM - Toronto [2026],yu-gi-oh-constructed-locals-wednesday-march-11th-630-pm-toronto-2026,Yu-Gi-Oh!,Toronto Event Tickets,,2026-02-17T17:03:35-05:00,2026-02-17T23:00:53-05:00,https://facetofacegames.com/products/yu-gi-oh-constructed-locals-wednesday-march-11th-630-pm-toronto-2026,https://cdn.shopify.com/s/files/1/0574/4692/4324/files/f5ace79658fb4f167dba6ca10892265d0aeea492_Asset_500x_yugioh_wednesday_en.jpg?v=1742931824,53932625199476,Default Title,EVE-RET-TORONTO-03097,Default Title,,,6.00,6.00,True,,
14952854258036,Lorcana - Core Constructed Weekly - Tuesday April 21st - 6:30 PM - Toronto [2026],lorcana-core-constructed-weekly-tuesday-april-21st-630-pm-toronto-2026,Lorcana,Toronto Event Tickets,,2026-02-17T17:03:33-05:00,2026-02-17T23:00:53-05:00,https://facetofacegames.com/products/lorcana-core-constructed-weekly-tuesday-april-21st-630-pm-toronto-2026,https://cdn.shopify.com/s/files/1/0574/4692/4324/files/a2df31c2deefc16a59c1d3c9191d34ea53054846_Asset_500x_lorcana_en.jpg?v=1742931861,53932624871796,Default Title,EVE-RET-TORONTO-03049,Default Title,,,6.00,6.00,True,,
14952853012852,Pokémon - Standard Pokemon League - Saturday April 25th - 11:00 AM - Montreal [2026],pokemon-standard-pokemon-league-saturday-april-25th-1100-am-montreal-2026,Pokémon,Montréal Event Tickets,,2026-02-17T17:03:24-05:00,2026-02-17T23:00:53-05:00,https://facetofacegames.com/products/pokemon-standard-pokemon-league-saturday-april-25th-1100-am-montreal-2026,https://cdn.shopify.com/s/files/1/0574/4692/4324/files/a89e7f8c2f2bda0d1ed7f93cf02be114701e6358_Asset_500x_pokemon_league_fr.jpg?v=1742931861,53932623626612,Default Title,EVE-RET-MONTREAL-03007,Default Title,,,6.00,6.00,True,,
14952852783476,Magic: the Gathering - Modern Friday Night Magic - Friday April 24th - 6:30 PM - Montreal [2026],magic-the-gathering-modern-friday-night-magic-friday-april-24th-630-pm-montreal-2026,Magic,Montréal Event Tickets,,2026-02-17T17:03:23-05:00,2026-02-17T23:00:53-05:00,https://facetofacegames.com/products/magic-the-gathering-modern-friday-night-magic-friday-april-24th-630-pm-montreal-2026,https://cdn.shopify.com/s/files/1/0574/4692/4324/files/33b82ec4199b1cd6a60fb7b7dc9fdd9d6566f053_Asset_500x_mtg_modern_fnm_fr.jpg?v=1753908490,53932623397236,Default Title,EVE-RET-MONTREAL-02996,Default Title,,,12.00,12.00,True,,
