product_id,handle,title,variant_id,variant_title,price,compare_at_price
14952881914228,heavy-play-etb-playmat-art-masters-lightning-bolt-by-phil-stone,Heavy Play ETB Playmat Art Masters - Lightning Bolt by Phil Stone,53932690571636,Default Title,89.99,89.99
14952881881460,sleeve-kings-premium-board-game-sleeves-standard-american-size-57mm-x-89mm-55ct,Sleeve Kings Premium Board Game Sleeves - Standard American Size - 57mm X 89mm - 55ct,53932690538868,Default Title,3.99,3.99
14952881848692,heavy-play-etb-playmat-art-masters-silence-by-phil-stone,Heavy Play ETB Playmat Art Masters - Silence by Phil Stone,53932690473332,Default Title,89.99,89.99
14952881815924,heavy-play-etb-playmat-art-masters-lotus-by-chris-seaman,Heavy Play ETB Playmat Art Masters - Lotus by Chris Seaman,53932690506100,Default Title,89.99,89.99
14952881783156,heavy-play-etb-playmat-art-masters-animate-dead-by-phil-stone,Heavy Play ETB Playmat Art Masters - Animate Dead by Phil Stone,53932690440564,Default Title,89.99,89.99
14953000206708,the-last-ronins-technique-12-teenage-mutant-ninja-turtles-non-foil,The Last Ronin's Technique [12] [Teenage Mutant Ninja Turtles] [Non-Foil],53932872204660,NM,0.49,0.49
14953000206708,the-last-ronins-technique-12-teenage-mutant-ninja-turtles-non-foil,The Last Ronin's Technique [12] [Teenage Mutant Ninja Turtles] [Non-Foil],53932872237428,PL,0.00,
14953000173940,the-last-ronins-technique-12-teenage-mutant-ninja-turtles-foil,The Last Ronin's Technique [12] [Teenage Mutant Ninja Turtles] [Foil],53932872139124,NM,0.49,0.49
14953000173940,the-last-ronins-technique-12-teenage-mutant-ninja-turtles-foil,The Last Ronin's Technique [12] [Teenage Mutant Ninja Turtles] [Foil],53932872171892,PL,0.00,
14928460120436,the-cloning-of-shredder-60-teenage-mutant-ninja-turtles-foil,The Cloning of Shredder [60] [Teenage Mutant Ninja Turtles] [Foil],53880821186932,NM,12.99,12.99
14928460120436,the-cloning-of-shredder-60-teenage-mutant-ninja-turtles-foil,The Cloning of Shredder [60] [Teenage Mutant Ninja Turtles] [Foil],53880821219700,PL,0.00,
14928458842484,triceraton-commander-25-teenage-mutant-ninja-turtles-non-foil,Triceraton Commander [25] [Teenage Mutant Ninja Turtles] [Non-Foil],53880818696564,NM,9.99,9.99
14928458842484,triceraton-commander-25-teenage-mutant-ninja-turtles-non-foil,Triceraton Commander [25] [Teenage Mutant Ninja Turtles] [Non-Foil],53880818729332,PL,0.00,
14928458809716,triceraton-commander-25-teenage-mutant-ninja-turtles-foil,Triceraton Commander [25] [Teenage Mutant Ninja Turtles] [Foil],53880818631028,NM,12.99,12.99
14928458809716,triceraton-commander-25-teenage-mutant-ninja-turtles-foil,Triceraton Commander [25] [Teenage Mutant Ninja Turtles] [Foil],53880818663796,PL,0.00,
14928457761140,tokka-rahzar-terrible-twos-171-teenage-mutant-ninja-turtles-foil,"Tokka & Rahzar, Terrible Twos [171] [Teenage Mutant Ninja Turtles] [Foil]",53880816533876,NM,4.99,4.99
14928457761140,tokka-rahzar-terrible-twos-171-teenage-mutant-ninja-turtles-foil,"Tokka & Rahzar, Terrible Twos [171] [Teenage Mutant Ninja Turtles] [Foil]",53880816566644,PL,0.00,
14928457728372,tokka-rahzar-terrible-twos-171-teenage-mutant-ninja-turtles-non-foil,"Tokka & Rahzar, Terrible Twos [171] [Teenage Mutant Ninja Turtles] [Non-Foil]",53880816468340,NM,3.99,3.99
14928457728372,tokka-rahzar-terrible-twos-171-teenage-mutant-ninja-turtles-non-foil,"Tokka & Rahzar, Terrible Twos [171] [Teenage Mutant Ninja Turtles] [Non-Foil]",53880816501108,PL,0.00,
14928459956596,the-cloning-of-shredder-60-teenage-mutant-ninja-turtles-non-foil,The Cloning of Shredder [60] [Teenage Mutant Ninja Turtles] [Non-Foil],53880820793716,NM,9.99,9.99
14928459956596,the-cloning-of-shredder-60-teenage-mutant-ninja-turtles-non-foil,The Cloning of Shredder [60] [Teenage Mutant Ninja Turtles] [Non-Foil],53880820826484,PL,0.00,
14928458023284,technodrome-179-teenage-mutant-ninja-turtles-foil,Technodrome [179] [Teenage Mutant Ninja Turtles] [Foil],53880817058164,NM,24.99,24.99
14928458023284,technodrome-179-teenage-mutant-ninja-turtles-foil,Technodrome [179] [Teenage Mutant Ninja Turtles] [Foil],53880817090932,PL,0.00,
14928457990516,the-ooze-177-teenage-mutant-ninja-turtles-non-foil,The Ooze [177] [Teenage Mutant Ninja Turtles] [Non-Foil],53880816992628,NM,5.99,5.99
14928457990516,the-ooze-177-teenage-mutant-ninja-turtles-non-foil,The Ooze [177] [Teenage Mutant Ninja Turtles] [Non-Foil],53880817025396,PL,0.00,
14928457957748,technodrome-179-teenage-mutant-ninja-turtles-non-foil,Technodrome [179] [Teenage Mutant Ninja Turtles] [Non-Foil],53880816927092,NM,19.99,19.99
14928457957748,technodrome-179-teenage-mutant-ninja-turtles-non-foil,Technodrome [179] [Teenage Mutant Ninja Turtles] [Non-Foil],53880816959860,PL,0.00,
14928457924980,the-ooze-177-teenage-mutant-ninja-turtles-foil,The Ooze [177] [Teenage Mutant Ninja Turtles] [Foil],53880816861556,NM,7.99,7.99
14928457924980,the-ooze-177-teenage-mutant-ninja-turtles-foil,The Ooze [177] [Teenage Mutant Ninja Turtles] [Foil],53880816894324,PL,0.00,
14928457204084,the-last-ronin-154-teenage-mutant-ninja-turtles-non-foil,The Last Ronin [154] [Teenage Mutant Ninja Turtles] [Non-Foil],53880815354228,NM,5.99,5.99
14928457204084,the-last-ronin-154-teenage-mutant-ninja-turtles-non-foil,The Last Ronin [154] [Teenage Mutant Ninja Turtles] [Non-Foil],53880815386996,PL,0.00,
14928457171316,the-last-ronin-154-teenage-mutant-ninja-turtles-foil,The Last Ronin [154] [Teenage Mutant Ninja Turtles] [Foil],53880815419764,NM,7.99,7.99
14928457171316,the-last-ronin-154-teenage-mutant-ninja-turtles-foil,The Last Ronin [154] [Teenage Mutant Ninja Turtles] [Foil],53880815452532,PL,0.00,
14928456712564,transdimensional-bovine-134-teenage-mutant-ninja-turtles-non-foil,Transdimensional Bovine [134] [Teenage Mutant Ninja Turtles] [Non-Foil],53880814436724,NM,3.99,3.99
14928456712564,transdimensional-bovine-134-teenage-mutant-ninja-turtles-non-foil,Transdimensional Bovine [134] [Teenage Mutant Ninja Turtles] [Non-Foil],53880814469492,PL,0.00,
14928456679796,transdimensional-bovine-134-teenage-mutant-ninja-turtles-foil,Transdimensional Bovine [134] [Teenage Mutant Ninja Turtles] [Foil],53880814371188,NM,4.99,4.99
14928456679796,transdimensional-bovine-134-teenage-mutant-ninja-turtles-foil,Transdimensional Bovine [134] [Teenage Mutant Ninja Turtles] [Foil],53880814403956,PL,0.00,
14953005810036,shredders-technique-77-teenage-mutant-ninja-turtles-non-foil,Shredder's Technique [77] [Teenage Mutant Ninja Turtles] [Non-Foil],53932883902836,NM,0.99,0.99
14953005810036,shredders-technique-77-teenage-mutant-ninja-turtles-non-foil,Shredder's Technique [77] [Teenage Mutant Ninja Turtles] [Non-Foil],53932883935604,PL,0.00,
14953005449588,shredders-technique-77-teenage-mutant-ninja-turtles-foil,Shredder's Technique [77] [Teenage Mutant Ninja Turtles] [Foil],53932882788724,NM,0.99,0.99
14953005449588,shredders-technique-77-teenage-mutant-ninja-turtles-foil,Shredder's Technique [77] [Teenage Mutant Ninja Turtles] [Foil],53932882821492,PL,0.00,
14953000534388,swamp-193-full-art-rooftop-basic-land-teenage-mutant-ninja-turtles-non-foil,Swamp [193] [Full Art] [Rooftop Basic Land] [Teenage Mutant Ninja Turtles] [Non-Foil],53932872860020,NM,0.99,0.99
14953000534388,swamp-193-full-art-rooftop-basic-land-teenage-mutant-ninja-turtles-non-foil,Swamp [193] [Full Art] [Rooftop Basic Land] [Teenage Mutant Ninja Turtles] [Non-Foil],53932872892788,PL,0.00,
14953000042868,spicy-oatmeal-pizza-109-teenage-mutant-ninja-turtles-non-foil,Spicy Oatmeal Pizza [109] [Teenage Mutant Ninja Turtles] [Non-Foil],53932872008052,NM,0.49,0.49
14953000042868,spicy-oatmeal-pizza-109-teenage-mutant-ninja-turtles-non-foil,Spicy Oatmeal Pizza [109] [Teenage Mutant Ninja Turtles] [Non-Foil],53932872040820,PL,0.00,
14928462020980,savanti-romero-times-exile-72-teenage-mutant-ninja-turtles-foil,"Savanti Romero, Time's Exile [72] [Teenage Mutant Ninja Turtles] [Foil]",53880823906676,NM,4.99,4.99
14928462020980,savanti-romero-times-exile-72-teenage-mutant-ninja-turtles-foil,"Savanti Romero, Time's Exile [72] [Teenage Mutant Ninja Turtles] [Foil]",53880823939444,PL,0.00,
14928461758836,savanti-romero-times-exile-72-teenage-mutant-ninja-turtles-non-foil,"Savanti Romero, Time's Exile [72] [Teenage Mutant Ninja Turtles] [Non-Foil]",53880823611764,NM,3.99,3.99
14928461758836,savanti-romero-times-exile-72-teenage-mutant-ninja-turtles-non-foil,"Savanti Romero, Time's Exile [72] [Teenage Mutant Ninja Turtles] [Non-Foil]",53880823644532,PL,0.00,
14928461169012,super-shredder-83-teenage-mutant-ninja-turtles-non-foil,Super Shredder [83] [Teenage Mutant Ninja Turtles] [Non-Foil],53880822923636,NM,44.99,44.99
14928461169012,super-shredder-83-teenage-mutant-ninja-turtles-non-foil,Super Shredder [83] [Teenage Mutant Ninja Turtles] [Non-Foil],53880822956404,PL,0.00,
14928460644724,super-shredder-83-teenage-mutant-ninja-turtles-foil,Super Shredder [83] [Teenage Mutant Ninja Turtles] [Foil],53880822006132,NM,54.99,54.99
14928460644724,super-shredder-83-teenage-mutant-ninja-turtles-foil,Super Shredder [83] [Teenage Mutant Ninja Turtles] [Foil],53880822038900,PL,0.00,
14928460579188,south-wind-avatar-78-teenage-mutant-ninja-turtles-non-foil,South Wind Avatar [78] [Teenage Mutant Ninja Turtles] [Non-Foil],53880821776756,NM,4.99,4.99
14928460579188,south-wind-avatar-78-teenage-mutant-ninja-turtles-non-foil,South Wind Avatar [78] [Teenage Mutant Ninja Turtles] [Non-Foil],53880821809524,PL,0.00,
14928458711412,swamp-255-full-art-pizza-basic-land-teenage-mutant-ninja-turtles-non-foil,Swamp [255] [Full Art] [Pizza Basic Land ] [Teenage Mutant Ninja Turtles] [Non-Foil],53880818499956,NM,0.99,0.99
14928458711412,swamp-255-full-art-pizza-basic-land-teenage-mutant-ninja-turtles-non-foil,Swamp [255] [Full Art] [Pizza Basic Land ] [Teenage Mutant Ninja Turtles] [Non-Foil],53880818532724,PL,0.00,
14928457859444,splinter-radical-rat-169-teenage-mutant-ninja-turtles-non-foil,"Splinter, Radical Rat [169] [Teenage Mutant Ninja Turtles] [Non-Foil]",53880816664948,NM,5.99,5.99
14928457859444,splinter-radical-rat-169-teenage-mutant-ninja-turtles-non-foil,"Splinter, Radical Rat [169] [Teenage Mutant Ninja Turtles] [Non-Foil]",53880816697716,PL,0.00,
14953004761460,shredders-revenge-76-teenage-mutant-ninja-turtles-non-foil,Shredder's Revenge [76] [Teenage Mutant Ninja Turtles] [Non-Foil],53932881248628,NM,0.49,0.49
14953004761460,shredders-revenge-76-teenage-mutant-ninja-turtles-non-foil,Shredder's Revenge [76] [Teenage Mutant Ninja Turtles] [Non-Foil],53932881281396,PL,0.00,
14953000501620,swamp-193-full-art-rooftop-basic-land-teenage-mutant-ninja-turtles-foil,Swamp [193] [Full Art] [Rooftop Basic Land] [Teenage Mutant Ninja Turtles] [Foil],53932872597876,NM,1.49,1.49
14953000501620,swamp-193-full-art-rooftop-basic-land-teenage-mutant-ninja-turtles-foil,Swamp [193] [Full Art] [Rooftop Basic Land] [Teenage Mutant Ninja Turtles] [Foil],53932872630644,PL,0.00,
14952999879028,raphael-tough-turtle-104-teenage-mutant-ninja-turtles-foil,"Raphael, Tough Turtle [104] [Teenage Mutant Ninja Turtles] [Foil]",53932871549300,NM,0.99,0.99
14952999879028,raphael-tough-turtle-104-teenage-mutant-ninja-turtles-foil,"Raphael, Tough Turtle [104] [Teenage Mutant Ninja Turtles] [Foil]",53932871582068,PL,0.00,
14952999846260,spicy-oatmeal-pizza-109-teenage-mutant-ninja-turtles-foil,Spicy Oatmeal Pizza [109] [Teenage Mutant Ninja Turtles] [Foil],53932871483764,NM,0.49,0.49
14952999846260,spicy-oatmeal-pizza-109-teenage-mutant-ninja-turtles-foil,Spicy Oatmeal Pizza [109] [Teenage Mutant Ninja Turtles] [Foil],53932871516532,PL,0.00,
14928460775796,splinters-technique-80-teenage-mutant-ninja-turtles-non-foil,Splinter's Technique [80] [Teenage Mutant Ninja Turtles] [Non-Foil],53880822202740,NM,12.99,12.99
14928460775796,splinters-technique-80-teenage-mutant-ninja-turtles-non-foil,Splinter's Technique [80] [Teenage Mutant Ninja Turtles] [Non-Foil],53880822235508,PL,0.00,
14928460546420,splinters-technique-80-teenage-mutant-ninja-turtles-foil,Splinter's Technique [80] [Teenage Mutant Ninja Turtles] [Foil],53880821907828,NM,14.99,14.99
14928460546420,splinters-technique-80-teenage-mutant-ninja-turtles-foil,Splinter's Technique [80] [Teenage Mutant Ninja Turtles] [Foil],53880821940596,PL,0.00,
14928460513652,south-wind-avatar-78-teenage-mutant-ninja-turtles-foil,South Wind Avatar [78] [Teenage Mutant Ninja Turtles] [Foil],53880821842292,NM,6.99,6.99
14928460513652,south-wind-avatar-78-teenage-mutant-ninja-turtles-foil,South Wind Avatar [78] [Teenage Mutant Ninja Turtles] [Foil],53880821875060,PL,0.00,
14928460349812,rat-king-verminister-71-teenage-mutant-ninja-turtles-foil,"Rat King, Verminister [71] [Teenage Mutant Ninja Turtles] [Foil]",53880821580148,NM,4.99,4.99
14928460349812,rat-king-verminister-71-teenage-mutant-ninja-turtles-foil,"Rat King, Verminister [71] [Teenage Mutant Ninja Turtles] [Foil]",53880821612916,PL,0.00,
14928460317044,rat-king-verminister-71-teenage-mutant-ninja-turtles-non-foil,"Rat King, Verminister [71] [Teenage Mutant Ninja Turtles] [Non-Foil]",53880821514612,NM,3.99,3.99
14928460317044,rat-king-verminister-71-teenage-mutant-ninja-turtles-non-foil,"Rat King, Verminister [71] [Teenage Mutant Ninja Turtles] [Non-Foil]",53880821547380,PL,0.00,
14928459989364,renet-temporal-apprentice-50-teenage-mutant-ninja-turtles-non-foil,"Renet, Temporal Apprentice [50] [Teenage Mutant Ninja Turtles] [Non-Foil]",53880820859252,NM,1.99,1.99
14928459989364,renet-temporal-apprentice-50-teenage-mutant-ninja-turtles-non-foil,"Renet, Temporal Apprentice [50] [Teenage Mutant Ninja Turtles] [Non-Foil]",53880820892020,PL,0.00,
14928458645876,swamp-255-full-art-pizza-basic-land-teenage-mutant-ninja-turtles-foil,Swamp [255] [Full Art] [Pizza Basic Land ] [Teenage Mutant Ninja Turtles] [Foil],53880818303348,NM,1.49,1.49
14928458645876,swamp-255-full-art-pizza-basic-land-teenage-mutant-ninja-turtles-foil,Swamp [255] [Full Art] [Pizza Basic Land ] [Teenage Mutant Ninja Turtles] [Foil],53880818336116,PL,0.00,
14928457597300,splinter-radical-rat-169-teenage-mutant-ninja-turtles-foil,"Splinter, Radical Rat [169] [Teenage Mutant Ninja Turtles] [Foil]",53880816206196,NM,7.99,7.99
14928457597300,splinter-radical-rat-169-teenage-mutant-ninja-turtles-foil,"Splinter, Radical Rat [169] [Teenage Mutant Ninja Turtles] [Foil]",53880816238964,PL,0.00,
14928455991668,ravenous-robots-106-teenage-mutant-ninja-turtles-foil,Ravenous Robots [106] [Teenage Mutant Ninja Turtles] [Foil],53880813027700,NM,6.99,6.99
14928455991668,ravenous-robots-106-teenage-mutant-ninja-turtles-foil,Ravenous Robots [106] [Teenage Mutant Ninja Turtles] [Foil],53880813060468,PL,0.00,
14928455958900,raphael-the-nightwatcher-103-teenage-mutant-ninja-turtles-non-foil,"Raphael, the Nightwatcher [103] [Teenage Mutant Ninja Turtles] [Non-Foil]",53880812962164,NM,7.99,7.99
14928455958900,raphael-the-nightwatcher-103-teenage-mutant-ninja-turtles-non-foil,"Raphael, the Nightwatcher [103] [Teenage Mutant Ninja Turtles] [Non-Foil]",53880812994932,PL,0.00,
14928455893364,raphael-the-nightwatcher-103-teenage-mutant-ninja-turtles-foil,"Raphael, the Nightwatcher [103] [Teenage Mutant Ninja Turtles] [Foil]",53880812896628,NM,9.99,9.99
14928455893364,raphael-the-nightwatcher-103-teenage-mutant-ninja-turtles-foil,"Raphael, the Nightwatcher [103] [Teenage Mutant Ninja Turtles] [Foil]",53880812929396,PL,0.00,
14928456122740,slash-reptile-rampager-108-teenage-mutant-ninja-turtles-foil,"Slash, Reptile Rampager [108] [Teenage Mutant Ninja Turtles] [Foil]",53880813289844,NM,12.99,12.99
14928456122740,slash-reptile-rampager-108-teenage-mutant-ninja-turtles-foil,"Slash, Reptile Rampager [108] [Teenage Mutant Ninja Turtles] [Foil]",53880813322612,PL,0.00,
14928456188276,slash-reptile-rampager-108-teenage-mutant-ninja-turtles-non-foil,"Slash, Reptile Rampager [108] [Teenage Mutant Ninja Turtles] [Non-Foil]",53880813420916,NM,9.99,9.99
14928456188276,slash-reptile-rampager-108-teenage-mutant-ninja-turtles-non-foil,"Slash, Reptile Rampager [108] [Teenage Mutant Ninja Turtles] [Non-Foil]",53880813453684,PL,0.00,
14928461103476,shark-shredder-killer-clone-73-teenage-mutant-ninja-turtles-non-foil,"Shark Shredder, Killer Clone [73] [Teenage Mutant Ninja Turtles] [Non-Foil]",53880822825332,NM,7.99,7.99
14928461103476,shark-shredder-killer-clone-73-teenage-mutant-ninja-turtles-non-foil,"Shark Shredder, Killer Clone [73] [Teenage Mutant Ninja Turtles] [Non-Foil]",53880822858100,PL,0.00,
14952999911796,raphael-tough-turtle-104-teenage-mutant-ninja-turtles-non-foil,"Raphael, Tough Turtle [104] [Teenage Mutant Ninja Turtles] [Non-Foil]",53932871614836,NM,0.75,0.75
14952999911796,raphael-tough-turtle-104-teenage-mutant-ninja-turtles-non-foil,"Raphael, Tough Turtle [104] [Teenage Mutant Ninja Turtles] [Non-Foil]",53932871647604,PL,0.00,
14732035785076,one-piece-extra-booster-one-piece-heroines-edition-booster-box,One Piece Extra Booster: One Piece Heroines Edition - Booster Box,52313686573428,Default Title,599.99,599.99
14928461070708,shark-shredder-killer-clone-73-teenage-mutant-ninja-turtles-foil,"Shark Shredder, Killer Clone [73] [Teenage Mutant Ninja Turtles] [Foil]",53880822759796,NM,9.99,9.99
14928461070708,shark-shredder-killer-clone-73-teenage-mutant-ninja-turtles-foil,"Shark Shredder, Killer Clone [73] [Teenage Mutant Ninja Turtles] [Foil]",53880822792564,PL,0.00,
14953005744500,shredders-revenge-76-teenage-mutant-ninja-turtles-foil,Shredder's Revenge [76] [Teenage Mutant Ninja Turtles] [Foil],53932883640692,NM,0.49,0.49
14953005744500,shredders-revenge-76-teenage-mutant-ninja-turtles-foil,Shredder's Revenge [76] [Teenage Mutant Ninja Turtles] [Foil],53932883673460,PL,0.00,
14928458482036,sally-pride-lioness-leader-24-teenage-mutant-ninja-turtles-non-foil,"Sally Pride, Lioness Leader [24] [Teenage Mutant Ninja Turtles] [Non-Foil]",53880817975668,NM,2.99,2.99
14928458482036,sally-pride-lioness-leader-24-teenage-mutant-ninja-turtles-non-foil,"Sally Pride, Lioness Leader [24] [Teenage Mutant Ninja Turtles] [Non-Foil]",53880818008436,PL,0.00,
14928458416500,sally-pride-lioness-leader-24-teenage-mutant-ninja-turtles-foil,"Sally Pride, Lioness Leader [24] [Teenage Mutant Ninja Turtles] [Foil]",53880817779060,NM,3.99,3.99
14928458416500,sally-pride-lioness-leader-24-teenage-mutant-ninja-turtles-foil,"Sally Pride, Lioness Leader [24] [Teenage Mutant Ninja Turtles] [Foil]",53880817811828,PL,0.00,
14928460153204,renet-temporal-apprentice-50-teenage-mutant-ninja-turtles-foil,"Renet, Temporal Apprentice [50] [Teenage Mutant Ninja Turtles] [Foil]",53880821121396,NM,2.99,2.99
14928460153204,renet-temporal-apprentice-50-teenage-mutant-ninja-turtles-foil,"Renet, Temporal Apprentice [50] [Teenage Mutant Ninja Turtles] [Foil]",53880821154164,PL,0.00,
14928456089972,ravenous-robots-106-teenage-mutant-ninja-turtles-non-foil,Ravenous Robots [106] [Teenage Mutant Ninja Turtles] [Non-Foil],53880813224308,NM,4.99,4.99
14928456089972,ravenous-robots-106-teenage-mutant-ninja-turtles-non-foil,Ravenous Robots [106] [Teenage Mutant Ninja Turtles] [Non-Foil],53880813257076,PL,0.00,
14928457630068,north-wind-avatar-162-teenage-mutant-ninja-turtles-non-foil,North Wind Avatar [162] [Teenage Mutant Ninja Turtles] [Non-Foil],53880816271732,NM,19.99,19.99
14928457630068,north-wind-avatar-162-teenage-mutant-ninja-turtles-non-foil,North Wind Avatar [162] [Teenage Mutant Ninja Turtles] [Non-Foil],53880816304500,PL,0.00,
14953000370548,plains-191-full-art-rooftop-basic-land-teenage-mutant-ninja-turtles-foil,Plains [191] [Full Art] [Rooftop Basic Land] [Teenage Mutant Ninja Turtles] [Foil],53932872466804,NM,1.49,1.49
14953000370548,plains-191-full-art-rooftop-basic-land-teenage-mutant-ninja-turtles-foil,Plains [191] [Full Art] [Rooftop Basic Land] [Teenage Mutant Ninja Turtles] [Foil],53932872499572,PL,0.00,
14928459858292,mondo-gecko-46-teenage-mutant-ninja-turtles-foil,Mondo Gecko [46] [Teenage Mutant Ninja Turtles] [Foil],53880820662644,NM,9.99,9.99
14928459858292,mondo-gecko-46-teenage-mutant-ninja-turtles-foil,Mondo Gecko [46] [Teenage Mutant Ninja Turtles] [Foil],53880820695412,PL,0.00,
14928456647028,party-dude-128-teenage-mutant-ninja-turtles-foil,Party Dude [128] [Teenage Mutant Ninja Turtles] [Foil],53880814174580,NM,8.99,8.99
14928456647028,party-dude-128-teenage-mutant-ninja-turtles-foil,Party Dude [128] [Teenage Mutant Ninja Turtles] [Foil],53880814207348,PL,0.00,
14928456614260,party-dude-128-teenage-mutant-ninja-turtles-non-foil,Party Dude [128] [Teenage Mutant Ninja Turtles] [Non-Foil],53880814305652,NM,6.99,6.99
14928456614260,party-dude-128-teenage-mutant-ninja-turtles-non-foil,Party Dude [128] [Teenage Mutant Ninja Turtles] [Non-Foil],53880814338420,PL,0.00,
14953000108404,mutant-chain-reaction-125-teenage-mutant-ninja-turtles-foil,Mutant Chain Reaction [125] [Teenage Mutant Ninja Turtles] [Foil],53932871876980,NM,0.49,0.49
14953000108404,mutant-chain-reaction-125-teenage-mutant-ninja-turtles-foil,Mutant Chain Reaction [125] [Teenage Mutant Ninja Turtles] [Foil],53932871909748,PL,0.00,
14928458252660,northampton-farm-188-teenage-mutant-ninja-turtles-non-foil,Northampton Farm [188] [Teenage Mutant Ninja Turtles] [Non-Foil],53880817516916,NM,2.99,2.99
14928458252660,northampton-farm-188-teenage-mutant-ninja-turtles-non-foil,Northampton Farm [188] [Teenage Mutant Ninja Turtles] [Non-Foil],53880817549684,PL,0.00,
14928458187124,northampton-farm-188-teenage-mutant-ninja-turtles-foil,Northampton Farm [188] [Teenage Mutant Ninja Turtles] [Foil],53880817451380,NM,3.99,3.99
14928458187124,northampton-farm-188-teenage-mutant-ninja-turtles-foil,Northampton Farm [188] [Teenage Mutant Ninja Turtles] [Foil],53880817484148,PL,0.00,
14928457367924,mikey-leo-chaos-order-158-teenage-mutant-ninja-turtles-non-foil,"Mikey & Leo, Chaos & Order [158] [Teenage Mutant Ninja Turtles] [Non-Foil]",53880815812980,NM,4.99,4.99
14928457367924,mikey-leo-chaos-order-158-teenage-mutant-ninja-turtles-non-foil,"Mikey & Leo, Chaos & Order [158] [Teenage Mutant Ninja Turtles] [Non-Foil]",53880815845748,PL,0.00,
14928456548724,mutagen-man-living-ooze-124-teenage-mutant-ninja-turtles-non-foil,"Mutagen Man, Living Ooze [124] [Teenage Mutant Ninja Turtles] [Non-Foil]",53880814109044,NM,7.99,7.99
14928456548724,mutagen-man-living-ooze-124-teenage-mutant-ninja-turtles-non-foil,"Mutagen Man, Living Ooze [124] [Teenage Mutant Ninja Turtles] [Non-Foil]",53880814141812,PL,0.00,
14928455926132,raphael-ninja-destroyer-102-teenage-mutant-ninja-turtles-foil,"Raphael, Ninja Destroyer [102] [Teenage Mutant Ninja Turtles] [Foil]",53880812765556,NM,8.99,8.99
14928455926132,raphael-ninja-destroyer-102-teenage-mutant-ninja-turtles-foil,"Raphael, Ninja Destroyer [102] [Teenage Mutant Ninja Turtles] [Foil]",53880812798324,PL,0.00,
14928455860596,raphael-ninja-destroyer-102-teenage-mutant-ninja-turtles-non-foil,"Raphael, Ninja Destroyer [102] [Teenage Mutant Ninja Turtles] [Non-Foil]",53880812831092,NM,6.99,6.99
14928455860596,raphael-ninja-destroyer-102-teenage-mutant-ninja-turtles-non-foil,"Raphael, Ninja Destroyer [102] [Teenage Mutant Ninja Turtles] [Non-Foil]",53880812863860,PL,0.00,
14953006236020,negate-47-teenage-mutant-ninja-turtles-non-foil,Negate [47] [Teenage Mutant Ninja Turtles] [Non-Foil],53932885541236,NM,0.49,0.49
14953006236020,negate-47-teenage-mutant-ninja-turtles-non-foil,Negate [47] [Teenage Mutant Ninja Turtles] [Non-Foil],53932885574004,PL,0.00,
14953006039412,hard-won-jitte-91-teenage-mutant-ninja-turtles-foil,Hard-Won Jitte [91] [Teenage Mutant Ninja Turtles] [Foil],53932884427124,NM,0.49,0.49
14953006039412,hard-won-jitte-91-teenage-mutant-ninja-turtles-foil,Hard-Won Jitte [91] [Teenage Mutant Ninja Turtles] [Foil],53932884459892,PL,0.00,
14928457269620,mikey-don-party-planners-157-teenage-mutant-ninja-turtles-non-foil,"Mikey & Don, Party Planners [157] [Teenage Mutant Ninja Turtles] [Non-Foil]",53880815550836,NM,7.99,7.99
14928457269620,mikey-don-party-planners-157-teenage-mutant-ninja-turtles-non-foil,"Mikey & Don, Party Planners [157] [Teenage Mutant Ninja Turtles] [Non-Foil]",53880815583604,PL,0.00,
14928456581492,mutagen-man-living-ooze-124-teenage-mutant-ninja-turtles-foil,"Mutagen Man, Living Ooze [124] [Teenage Mutant Ninja Turtles] [Foil]",53880814240116,NM,9.99,9.99
14928456581492,mutagen-man-living-ooze-124-teenage-mutant-ninja-turtles-foil,"Mutagen Man, Living Ooze [124] [Teenage Mutant Ninja Turtles] [Foil]",53880814272884,PL,0.00,
14953000141172,mutant-chain-reaction-125-teenage-mutant-ninja-turtles-non-foil,Mutant Chain Reaction [125] [Teenage Mutant Ninja Turtles] [Non-Foil],53932872073588,NM,0.49,0.49
14953000141172,mutant-chain-reaction-125-teenage-mutant-ninja-turtles-non-foil,Mutant Chain Reaction [125] [Teenage Mutant Ninja Turtles] [Non-Foil],53932872106356,PL,0.00,
14928459923828,mondo-gecko-46-teenage-mutant-ninja-turtles-non-foil,Mondo Gecko [46] [Teenage Mutant Ninja Turtles] [Non-Foil],53880820728180,NM,7.99,7.99
14928459923828,mondo-gecko-46-teenage-mutant-ninja-turtles-non-foil,Mondo Gecko [46] [Teenage Mutant Ninja Turtles] [Non-Foil],53880820760948,PL,0.00,
14928457302388,mikey-leo-chaos-order-158-teenage-mutant-ninja-turtles-foil,"Mikey & Leo, Chaos & Order [158] [Teenage Mutant Ninja Turtles] [Foil]",53880815616372,NM,5.99,5.99
14928457302388,mikey-leo-chaos-order-158-teenage-mutant-ninja-turtles-foil,"Mikey & Leo, Chaos & Order [158] [Teenage Mutant Ninja Turtles] [Foil]",53880815649140,PL,0.00,
14928456057204,raphaels-technique-105-teenage-mutant-ninja-turtles-non-foil,Raphael's Technique [105] [Teenage Mutant Ninja Turtles] [Non-Foil],53880813158772,NM,2.99,2.99
14928456057204,raphaels-technique-105-teenage-mutant-ninja-turtles-non-foil,Raphael's Technique [105] [Teenage Mutant Ninja Turtles] [Non-Foil],53880813191540,PL,0.00,
14928456024436,raphaels-technique-105-teenage-mutant-ninja-turtles-foil,Raphael's Technique [105] [Teenage Mutant Ninja Turtles] [Foil],53880813093236,NM,3.99,3.99
14928456024436,raphaels-technique-105-teenage-mutant-ninja-turtles-foil,Raphael's Technique [105] [Teenage Mutant Ninja Turtles] [Foil],53880813126004,PL,0.00,
14953005023604,negate-47-teenage-mutant-ninja-turtles-foil,Negate [47] [Teenage Mutant Ninja Turtles] [Foil],53932881805684,NM,0.49,0.49
14953005023604,negate-47-teenage-mutant-ninja-turtles-foil,Negate [47] [Teenage Mutant Ninja Turtles] [Foil],53932881838452,PL,0.00,
14953000665460,mountain-194-full-art-rooftop-basic-land-teenage-mutant-ninja-turtles-non-foil,Mountain [194] [Full Art] [Rooftop Basic Land] [Teenage Mutant Ninja Turtles] [Non-Foil],53932873122164,NM,0.99,0.99
14953000665460,mountain-194-full-art-rooftop-basic-land-teenage-mutant-ninja-turtles-non-foil,Mountain [194] [Full Art] [Rooftop Basic Land] [Teenage Mutant Ninja Turtles] [Non-Foil],53932873154932,PL,0.00,
14953000468852,plains-191-full-art-rooftop-basic-land-teenage-mutant-ninja-turtles-non-foil,Plains [191] [Full Art] [Rooftop Basic Land] [Teenage Mutant Ninja Turtles] [Non-Foil],53932872663412,NM,0.99,0.99
14953000468852,plains-191-full-art-rooftop-basic-land-teenage-mutant-ninja-turtles-non-foil,Plains [191] [Full Art] [Rooftop Basic Land] [Teenage Mutant Ninja Turtles] [Non-Foil],53932872696180,PL,0.00,
14928460251508,ninja-teen-67-teenage-mutant-ninja-turtles-foil,Ninja Teen [67] [Teenage Mutant Ninja Turtles] [Foil],53880821383540,NM,9.99,9.99
14928460251508,ninja-teen-67-teenage-mutant-ninja-turtles-foil,Ninja Teen [67] [Teenage Mutant Ninja Turtles] [Foil],53880821416308,PL,0.00,
14928458678644,mountain-256-full-art-pizza-basic-land-teenage-mutant-ninja-turtles-non-foil,Mountain [256] [Full Art] [Pizza Basic Land ] [Teenage Mutant Ninja Turtles] [Non-Foil],53880818368884,NM,0.99,0.99
14928458678644,mountain-256-full-art-pizza-basic-land-teenage-mutant-ninja-turtles-non-foil,Mountain [256] [Full Art] [Pizza Basic Land ] [Teenage Mutant Ninja Turtles] [Non-Foil],53880818401652,PL,0.00,
14928458580340,mountain-256-full-art-pizza-basic-land-teenage-mutant-ninja-turtles-foil,Mountain [256] [Full Art] [Pizza Basic Land ] [Teenage Mutant Ninja Turtles] [Foil],53880818237812,NM,1.49,1.49
14928458580340,mountain-256-full-art-pizza-basic-land-teenage-mutant-ninja-turtles-foil,Mountain [256] [Full Art] [Pizza Basic Land ] [Teenage Mutant Ninja Turtles] [Foil],53880818270580,PL,0.00,
14928457466228,north-wind-avatar-162-teenage-mutant-ninja-turtles-foil,North Wind Avatar [162] [Teenage Mutant Ninja Turtles] [Foil],53880816075124,NM,24.99,24.99
14928457466228,north-wind-avatar-162-teenage-mutant-ninja-turtles-foil,North Wind Avatar [162] [Teenage Mutant Ninja Turtles] [Foil],53880816107892,PL,0.00,
14928457335156,mikey-don-party-planners-157-teenage-mutant-ninja-turtles-foil,"Mikey & Don, Party Planners [157] [Teenage Mutant Ninja Turtles] [Foil]",53880815681908,NM,9.99,9.99
14928457335156,mikey-don-party-planners-157-teenage-mutant-ninja-turtles-foil,"Mikey & Don, Party Planners [157] [Teenage Mutant Ninja Turtles] [Foil]",53880815714676,PL,0.00,
14928456384884,michelangelo-weirdness-to-11-121-teenage-mutant-ninja-turtles-non-foil,"Michelangelo, Weirdness to 11 [121] [Teenage Mutant Ninja Turtles] [Non-Foil]",53880813814132,NM,8.99,8.99
14928456384884,michelangelo-weirdness-to-11-121-teenage-mutant-ninja-turtles-non-foil,"Michelangelo, Weirdness to 11 [121] [Teenage Mutant Ninja Turtles] [Non-Foil]",53880813846900,PL,0.00,
14928456319348,michelangelo-weirdness-to-11-121-teenage-mutant-ninja-turtles-foil,"Michelangelo, Weirdness to 11 [121] [Teenage Mutant Ninja Turtles] [Foil]",53880813748596,NM,11.99,11.99
14928456319348,michelangelo-weirdness-to-11-121-teenage-mutant-ninja-turtles-foil,"Michelangelo, Weirdness to 11 [121] [Teenage Mutant Ninja Turtles] [Foil]",53880813781364,PL,0.00,
14953000567156,mountain-194-full-art-rooftop-basic-land-teenage-mutant-ninja-turtles-foil,Mountain [194] [Full Art] [Rooftop Basic Land] [Teenage Mutant Ninja Turtles] [Foil],53932872925556,NM,1.49,1.49
14953000567156,mountain-194-full-art-rooftop-basic-land-teenage-mutant-ninja-turtles-foil,Mountain [194] [Full Art] [Rooftop Basic Land] [Teenage Mutant Ninja Turtles] [Foil],53932872958324,PL,0.00,
14928458547572,plains-253-full-art-pizza-basic-land-teenage-mutant-ninja-turtles-foil,Plains [253] [Full Art] [Pizza Basic Land ] [Teenage Mutant Ninja Turtles] [Foil],53880818106740,NM,1.49,1.49
14928458547572,plains-253-full-art-pizza-basic-land-teenage-mutant-ninja-turtles-foil,Plains [253] [Full Art] [Pizza Basic Land ] [Teenage Mutant Ninja Turtles] [Foil],53880818139508,PL,0.00,
14928458449268,prehistoric-pet-22-teenage-mutant-ninja-turtles-non-foil,Prehistoric Pet [22] [Teenage Mutant Ninja Turtles] [Non-Foil],53880817910132,NM,2.99,2.99
14928458449268,prehistoric-pet-22-teenage-mutant-ninja-turtles-non-foil,Prehistoric Pet [22] [Teenage Mutant Ninja Turtles] [Non-Foil],53880817942900,PL,0.00,
14928458383732,prehistoric-pet-22-teenage-mutant-ninja-turtles-foil,Prehistoric Pet [22] [Teenage Mutant Ninja Turtles] [Foil],53880817844596,NM,3.99,3.99
14928458383732,prehistoric-pet-22-teenage-mutant-ninja-turtles-foil,Prehistoric Pet [22] [Teenage Mutant Ninja Turtles] [Foil],53880817877364,PL,0.00,
14928457662836,raph-mikey-troublemakers-167-teenage-mutant-ninja-turtles-non-foil,"Raph & Mikey, Troublemakers [167] [Teenage Mutant Ninja Turtles] [Non-Foil]",53880816337268,NM,9.99,9.99
14928457662836,raph-mikey-troublemakers-167-teenage-mutant-ninja-turtles-non-foil,"Raph & Mikey, Troublemakers [167] [Teenage Mutant Ninja Turtles] [Non-Foil]",53880816370036,PL,0.00,
14928457564532,raph-mikey-troublemakers-167-teenage-mutant-ninja-turtles-foil,"Raph & Mikey, Troublemakers [167] [Teenage Mutant Ninja Turtles] [Foil]",53880816009588,NM,12.99,12.99
14928457564532,raph-mikey-troublemakers-167-teenage-mutant-ninja-turtles-foil,"Raph & Mikey, Troublemakers [167] [Teenage Mutant Ninja Turtles] [Foil]",53880816042356,PL,0.00,
14928457531764,raph-leo-sibling-rivals-166-teenage-mutant-ninja-turtles-foil,"Raph & Leo, Sibling Rivals [166] [Teenage Mutant Ninja Turtles] [Foil]",53880816140660,NM,4.99,4.99
14928457531764,raph-leo-sibling-rivals-166-teenage-mutant-ninja-turtles-foil,"Raph & Leo, Sibling Rivals [166] [Teenage Mutant Ninja Turtles] [Foil]",53880816173428,PL,0.00,
14928457498996,raph-leo-sibling-rivals-166-teenage-mutant-ninja-turtles-non-foil,"Raph & Leo, Sibling Rivals [166] [Teenage Mutant Ninja Turtles] [Non-Foil]",53880815944052,NM,3.99,3.99
14928457498996,raph-leo-sibling-rivals-166-teenage-mutant-ninja-turtles-non-foil,"Raph & Leo, Sibling Rivals [166] [Teenage Mutant Ninja Turtles] [Non-Foil]",53880815976820,PL,0.00,
14928456417652,michelangelo-improviser-119-teenage-mutant-ninja-turtles-foil,"Michelangelo, Improviser [119] [Teenage Mutant Ninja Turtles] [Foil]",53880813879668,NM,14.99,14.99
14928456417652,michelangelo-improviser-119-teenage-mutant-ninja-turtles-foil,"Michelangelo, Improviser [119] [Teenage Mutant Ninja Turtles] [Foil]",53880813912436,PL,0.00,
14928456286580,michelangelo-improviser-119-teenage-mutant-ninja-turtles-non-foil,"Michelangelo, Improviser [119] [Teenage Mutant Ninja Turtles] [Non-Foil]",53880813683060,NM,12.99,12.99
14928456286580,michelangelo-improviser-119-teenage-mutant-ninja-turtles-non-foil,"Michelangelo, Improviser [119] [Teenage Mutant Ninja Turtles] [Non-Foil]",53880813715828,PL,0.00,
14928460218740,madame-null-power-broker-66-teenage-mutant-ninja-turtles-non-foil,"Madame Null, Power Broker [66] [Teenage Mutant Ninja Turtles] [Non-Foil]",53880821318004,NM,2.99,2.99
14928460218740,madame-null-power-broker-66-teenage-mutant-ninja-turtles-non-foil,"Madame Null, Power Broker [66] [Teenage Mutant Ninja Turtles] [Non-Foil]",53880821350772,PL,0.00,
14928460185972,madame-null-power-broker-66-teenage-mutant-ninja-turtles-foil,"Madame Null, Power Broker [66] [Teenage Mutant Ninja Turtles] [Foil]",53880821252468,NM,3.99,3.99
14928460185972,madame-null-power-broker-66-teenage-mutant-ninja-turtles-foil,"Madame Null, Power Broker [66] [Teenage Mutant Ninja Turtles] [Foil]",53880821285236,PL,0.00,
14928458514804,plains-253-full-art-pizza-basic-land-teenage-mutant-ninja-turtles-non-foil,Plains [253] [Full Art] [Pizza Basic Land ] [Teenage Mutant Ninja Turtles] [Non-Foil],53880818041204,NM,0.99,0.99
14928458514804,plains-253-full-art-pizza-basic-land-teenage-mutant-ninja-turtles-non-foil,Plains [253] [Full Art] [Pizza Basic Land ] [Teenage Mutant Ninja Turtles] [Non-Foil],53880818073972,PL,0.00,
14928456483188,michelangelos-technique-122-teenage-mutant-ninja-turtles-non-foil,Michelangelo's Technique [122] [Teenage Mutant Ninja Turtles] [Non-Foil],53880814010740,NM,4.99,4.99
14928456483188,michelangelos-technique-122-teenage-mutant-ninja-turtles-non-foil,Michelangelo's Technique [122] [Teenage Mutant Ninja Turtles] [Non-Foil],53880814043508,PL,0.00,
14928456450420,michelangelos-technique-122-teenage-mutant-ninja-turtles-foil,Michelangelo's Technique [122] [Teenage Mutant Ninja Turtles] [Foil],53880813945204,NM,5.99,5.99
14928456450420,michelangelos-technique-122-teenage-mutant-ninja-turtles-foil,Michelangelo's Technique [122] [Teenage Mutant Ninja Turtles] [Foil],53880813977972,PL,0.00,
14953005089140,dimensional-exile-4-teenage-mutant-ninja-turtles-non-foil,Dimensional Exile [4] [Teenage Mutant Ninja Turtles] [Non-Foil],53932881871220,NM,0.49,0.49
14953005089140,dimensional-exile-4-teenage-mutant-ninja-turtles-non-foil,Dimensional Exile [4] [Teenage Mutant Ninja Turtles] [Non-Foil],53932881903988,PL,0.00,
14953000075636,courier-of-comestibles-112-teenage-mutant-ninja-turtles-foil,Courier of Comestibles [112] [Teenage Mutant Ninja Turtles] [Foil],53932871942516,NM,0.49,0.49
14953000075636,courier-of-comestibles-112-teenage-mutant-ninja-turtles-foil,Courier of Comestibles [112] [Teenage Mutant Ninja Turtles] [Foil],53932871975284,PL,0.00,
14953005416820,dimensional-exile-4-teenage-mutant-ninja-turtles-foil,Dimensional Exile [4] [Teenage Mutant Ninja Turtles] [Foil],53932882657652,NM,0.49,0.49
14953005416820,dimensional-exile-4-teenage-mutant-ninja-turtles-foil,Dimensional Exile [4] [Teenage Mutant Ninja Turtles] [Foil],53932882690420,PL,0.00,
14953000239476,foot-elite-146-teenage-mutant-ninja-turtles-foil,Foot Elite [146] [Teenage Mutant Ninja Turtles] [Foil],53932872728948,NM,0.29,0.29
14953000239476,foot-elite-146-teenage-mutant-ninja-turtles-foil,Foot Elite [146] [Teenage Mutant Ninja Turtles] [Foil],53932872761716,PL,0.00,
14928458350964,leonardos-technique-18-teenage-mutant-ninja-turtles-foil,Leonardo's Technique [18] [Teenage Mutant Ninja Turtles] [Foil],53880817713524,NM,7.99,7.99
14928458350964,leonardos-technique-18-teenage-mutant-ninja-turtles-foil,Leonardo's Technique [18] [Teenage Mutant Ninja Turtles] [Foil],53880817746292,PL,0.00,
14928456876404,leaders-talent-13-teenage-mutant-ninja-turtles-non-foil,Leader's Talent [13] [Teenage Mutant Ninja Turtles] [Non-Foil],53880814764404,NM,2.99,2.99
14928456876404,leaders-talent-13-teenage-mutant-ninja-turtles-non-foil,Leader's Talent [13] [Teenage Mutant Ninja Turtles] [Non-Foil],53880814797172,PL,0.00,
14928458056052,leonardo-sewer-samurai-17-teenage-mutant-ninja-turtles-foil,"Leonardo, Sewer Samurai [17] [Teenage Mutant Ninja Turtles] [Foil]",53880817189236,NM,14.99,14.99
14928458056052,leonardo-sewer-samurai-17-teenage-mutant-ninja-turtles-foil,"Leonardo, Sewer Samurai [17] [Teenage Mutant Ninja Turtles] [Foil]",53880817222004,PL,0.00,
14928457892212,krang-utrom-warlord-175-teenage-mutant-ninja-turtles-non-foil,"Krang, Utrom Warlord [175] [Teenage Mutant Ninja Turtles] [Non-Foil]",53880816796020,NM,49.99,49.99
14928457892212,krang-utrom-warlord-175-teenage-mutant-ninja-turtles-non-foil,"Krang, Utrom Warlord [175] [Teenage Mutant Ninja Turtles] [Non-Foil]",53880816828788,PL,0.00,
14928457400692,leonardo-cutting-edge-15-teenage-mutant-ninja-turtles-non-foil,"Leonardo, Cutting Edge [15] [Teenage Mutant Ninja Turtles] [Non-Foil]",53880815747444,NM,7.99,7.99
14928457400692,leonardo-cutting-edge-15-teenage-mutant-ninja-turtles-non-foil,"Leonardo, Cutting Edge [15] [Teenage Mutant Ninja Turtles] [Non-Foil]",53880815780212,PL,0.00,
14953000403316,karai-future-of-the-foot-151-teenage-mutant-ninja-turtles-non-foil,"Karai, Future of the Foot [151] [Teenage Mutant Ninja Turtles] [Non-Foil]",53932872532340,NM,0.49,0.49
14953000403316,karai-future-of-the-foot-151-teenage-mutant-ninja-turtles-non-foil,"Karai, Future of the Foot [151] [Teenage Mutant Ninja Turtles] [Non-Foil]",53932872565108,PL,0.00,
14928459825524,krang-master-mind-43-teenage-mutant-ninja-turtles-non-foil,"Krang, Master Mind [43] [Teenage Mutant Ninja Turtles] [Non-Foil]",53880820531572,NM,7.99,7.99
14928459825524,krang-master-mind-43-teenage-mutant-ninja-turtles-non-foil,"Krang, Master Mind [43] [Teenage Mutant Ninja Turtles] [Non-Foil]",53880820564340,PL,0.00,
14928458088820,leonardo-sewer-samurai-17-teenage-mutant-ninja-turtles-non-foil,"Leonardo, Sewer Samurai [17] [Teenage Mutant Ninja Turtles] [Non-Foil]",53880817123700,NM,12.99,12.99
14928458088820,leonardo-sewer-samurai-17-teenage-mutant-ninja-turtles-non-foil,"Leonardo, Sewer Samurai [17] [Teenage Mutant Ninja Turtles] [Non-Foil]",53880817156468,PL,0.00,
14928457433460,leonardo-cutting-edge-15-teenage-mutant-ninja-turtles-foil,"Leonardo, Cutting Edge [15] [Teenage Mutant Ninja Turtles] [Foil]",53880815878516,NM,9.99,9.99
14928457433460,leonardo-cutting-edge-15-teenage-mutant-ninja-turtles-foil,"Leonardo, Cutting Edge [15] [Teenage Mutant Ninja Turtles] [Foil]",53880815911284,PL,0.00,
14928456352116,leatherhead-swamp-stalker-117-teenage-mutant-ninja-turtles-non-foil,"Leatherhead, Swamp Stalker [117] [Teenage Mutant Ninja Turtles] [Non-Foil]",53880813617524,NM,4.99,4.99
14928456352116,leatherhead-swamp-stalker-117-teenage-mutant-ninja-turtles-non-foil,"Leatherhead, Swamp Stalker [117] [Teenage Mutant Ninja Turtles] [Non-Foil]",53880813650292,PL,0.00,
14928456253812,leatherhead-swamp-stalker-117-teenage-mutant-ninja-turtles-foil,"Leatherhead, Swamp Stalker [117] [Teenage Mutant Ninja Turtles] [Foil]",53880813551988,NM,5.99,5.99
14928456253812,leatherhead-swamp-stalker-117-teenage-mutant-ninja-turtles-foil,"Leatherhead, Swamp Stalker [117] [Teenage Mutant Ninja Turtles] [Foil]",53880813584756,PL,0.00,
14928459661684,krang-master-mind-43-teenage-mutant-ninja-turtles-foil,"Krang, Master Mind [43] [Teenage Mutant Ninja Turtles] [Foil]",53880820302196,NM,9.99,9.99
14928459661684,krang-master-mind-43-teenage-mutant-ninja-turtles-foil,"Krang, Master Mind [43] [Teenage Mutant Ninja Turtles] [Foil]",53880820334964,PL,0.00,
14928458285428,leonardos-technique-18-teenage-mutant-ninja-turtles-non-foil,Leonardo's Technique [18] [Teenage Mutant Ninja Turtles] [Non-Foil],53880817582452,NM,6.99,6.99
14928458285428,leonardos-technique-18-teenage-mutant-ninja-turtles-non-foil,Leonardo's Technique [18] [Teenage Mutant Ninja Turtles] [Non-Foil],53880817615220,PL,0.00,
14928457793908,krang-utrom-warlord-175-teenage-mutant-ninja-turtles-foil,"Krang, Utrom Warlord [175] [Teenage Mutant Ninja Turtles] [Foil]",53880816599412,NM,59.99,59.99
14928457793908,krang-utrom-warlord-175-teenage-mutant-ninja-turtles-foil,"Krang, Utrom Warlord [175] [Teenage Mutant Ninja Turtles] [Foil]",53880816632180,PL,0.00,
14928456810868,leaders-talent-13-teenage-mutant-ninja-turtles-foil,Leader's Talent [13] [Teenage Mutant Ninja Turtles] [Foil],53880814633332,NM,3.99,3.99
14928456810868,leaders-talent-13-teenage-mutant-ninja-turtles-foil,Leader's Talent [13] [Teenage Mutant Ninja Turtles] [Foil],53880814666100,PL,0.00,
14953000010100,cowabunga-113-teenage-mutant-ninja-turtles-foil,Cowabunga! [113] [Teenage Mutant Ninja Turtles] [Foil],53932871811444,NM,0.49,0.49
14953000010100,cowabunga-113-teenage-mutant-ninja-turtles-foil,Cowabunga! [113] [Teenage Mutant Ninja Turtles] [Foil],53932871844212,PL,0.00,
14928457138548,krang-shredder-153-teenage-mutant-ninja-turtles-non-foil,Krang & Shredder [153] [Teenage Mutant Ninja Turtles] [Non-Foil],53880815288692,NM,4.99,4.99
14928457138548,krang-shredder-153-teenage-mutant-ninja-turtles-non-foil,Krang & Shredder [153] [Teenage Mutant Ninja Turtles] [Non-Foil],53880815321460,PL,0.00,
14928460972404,casey-jones-vigilante-88-teenage-mutant-ninja-turtles-non-foil,"Casey Jones, Vigilante [88] [Teenage Mutant Ninja Turtles] [Non-Foil]",53880822595956,NM,3.99,3.99
14928460972404,casey-jones-vigilante-88-teenage-mutant-ninja-turtles-non-foil,"Casey Jones, Vigilante [88] [Teenage Mutant Ninja Turtles] [Non-Foil]",53880822628724,PL,0.00,
14928459694452,kitsune-dragons-daughter-41-teenage-mutant-ninja-turtles-non-foil,"Kitsune, Dragon's Daughter [41] [Teenage Mutant Ninja Turtles] [Non-Foil]",53880820236660,NM,1.99,1.99
14928459694452,kitsune-dragons-daughter-41-teenage-mutant-ninja-turtles-non-foil,"Kitsune, Dragon's Daughter [41] [Teenage Mutant Ninja Turtles] [Non-Foil]",53880820269428,PL,0.00,
14928459301236,does-machines-34-teenage-mutant-ninja-turtles-foil,Does Machines [34] [Teenage Mutant Ninja Turtles] [Foil],53880819581300,NM,5.99,5.99
14928459301236,does-machines-34-teenage-mutant-ninja-turtles-foil,Does Machines [34] [Teenage Mutant Ninja Turtles] [Foil],53880819614068,PL,0.00,
14928458744180,island-254-full-art-pizza-basic-land-teenage-mutant-ninja-turtles-non-foil,Island [254] [Full Art] [Pizza Basic Land ] [Teenage Mutant Ninja Turtles] [Non-Foil],53880818434420,NM,0.99,0.99
14928458744180,island-254-full-art-pizza-basic-land-teenage-mutant-ninja-turtles-non-foil,Island [254] [Full Art] [Pizza Basic Land ] [Teenage Mutant Ninja Turtles] [Non-Foil],53880818467188,PL,0.00,
14928456941940,dark-leo-shredder-142-teenage-mutant-ninja-turtles-non-foil,Dark Leo & Shredder [142] [Teenage Mutant Ninja Turtles] [Non-Foil],53880815026548,NM,11.99,11.99
14928456941940,dark-leo-shredder-142-teenage-mutant-ninja-turtles-non-foil,Dark Leo & Shredder [142] [Teenage Mutant Ninja Turtles] [Non-Foil],53880815059316,PL,0.00,
14953000599924,island-192-full-art-rooftop-basic-land-teenage-mutant-ninja-turtles-non-foil,Island [192] [Full Art] [Rooftop Basic Land] [Teenage Mutant Ninja Turtles] [Non-Foil],53932872991092,NM,0.99,0.99
14953000599924,island-192-full-art-rooftop-basic-land-teenage-mutant-ninja-turtles-non-foil,Island [192] [Full Art] [Rooftop Basic Land] [Teenage Mutant Ninja Turtles] [Non-Foil],53932873023860,PL,0.00,
14928460874100,cool-but-rude-89-teenage-mutant-ninja-turtles-non-foil,Cool but Rude [89] [Teenage Mutant Ninja Turtles] [Non-Foil],53880822399348,NM,9.99,9.99
14928460874100,cool-but-rude-89-teenage-mutant-ninja-turtles-non-foil,Cool but Rude [89] [Teenage Mutant Ninja Turtles] [Non-Foil],53880822432116,PL,0.00,
14953000436084,island-192-full-art-rooftop-basic-land-teenage-mutant-ninja-turtles-foil,Island [192] [Full Art] [Rooftop Basic Land] [Teenage Mutant Ninja Turtles] [Foil],53932872794484,NM,1.49,1.49
14953000436084,island-192-full-art-rooftop-basic-land-teenage-mutant-ninja-turtles-foil,Island [192] [Full Art] [Rooftop Basic Land] [Teenage Mutant Ninja Turtles] [Foil],53932872827252,PL,0.00,
14952999944564,courier-of-comestibles-112-teenage-mutant-ninja-turtles-non-foil,Courier of Comestibles [112] [Teenage Mutant Ninja Turtles] [Non-Foil],53932871680372,NM,0.49,0.49
14952999944564,courier-of-comestibles-112-teenage-mutant-ninja-turtles-non-foil,Courier of Comestibles [112] [Teenage Mutant Ninja Turtles] [Non-Foil],53932871713140,PL,0.00,
14928460808564,casey-jones-vigilante-88-teenage-mutant-ninja-turtles-foil,"Casey Jones, Vigilante [88] [Teenage Mutant Ninja Turtles] [Foil]",53880822268276,NM,4.99,4.99
14928460808564,casey-jones-vigilante-88-teenage-mutant-ninja-turtles-foil,"Casey Jones, Vigilante [88] [Teenage Mutant Ninja Turtles] [Foil]",53880822301044,PL,0.00,
14928459334004,donatello-gadget-master-35-teenage-mutant-ninja-turtles-foil,"Donatello, Gadget Master [35] [Teenage Mutant Ninja Turtles] [Foil]",53880819712372,NM,5.99,5.99
14928459334004,donatello-gadget-master-35-teenage-mutant-ninja-turtles-foil,"Donatello, Gadget Master [35] [Teenage Mutant Ninja Turtles] [Foil]",53880819745140,PL,0.00,
14928456221044,groundchuck-dirtbag-115-teenage-mutant-ninja-turtles-foil,Groundchuck & Dirtbag [115] [Teenage Mutant Ninja Turtles] [Foil],53880813486452,NM,8.99,8.99
14928456221044,groundchuck-dirtbag-115-teenage-mutant-ninja-turtles-foil,Groundchuck & Dirtbag [115] [Teenage Mutant Ninja Turtles] [Foil],53880813519220,PL,0.00,
14953000763764,action-news-crew-1-teenage-mutant-ninja-turtles-non-foil,Action News Crew [1] [Teenage Mutant Ninja Turtles] [Non-Foil],53932873253236,NM,0.49,0.49
14953000763764,action-news-crew-1-teenage-mutant-ninja-turtles-non-foil,Action News Crew [1] [Teenage Mutant Ninja Turtles] [Non-Foil],53932873286004,PL,0.00,
14953000730996,forest-195-full-art-rooftop-basic-land-teenage-mutant-ninja-turtles-non-foil,Forest [195] [Full Art] [Rooftop Basic Land] [Teenage Mutant Ninja Turtles] [Non-Foil],53932873318772,NM,0.99,0.99
14953000730996,forest-195-full-art-rooftop-basic-land-teenage-mutant-ninja-turtles-non-foil,Forest [195] [Full Art] [Rooftop Basic Land] [Teenage Mutant Ninja Turtles] [Non-Foil],53932873351540,PL,0.00,
14953000698228,forest-195-full-art-rooftop-basic-land-teenage-mutant-ninja-turtles-foil,Forest [195] [Full Art] [Rooftop Basic Land] [Teenage Mutant Ninja Turtles] [Foil],53932873187700,NM,1.49,1.49
14953000698228,forest-195-full-art-rooftop-basic-land-teenage-mutant-ninja-turtles-foil,Forest [195] [Full Art] [Rooftop Basic Land] [Teenage Mutant Ninja Turtles] [Foil],53932873220468,PL,0.00,
14953000632692,genghis-frog-148-teenage-mutant-ninja-turtles-non-foil,Genghis Frog [148] [Teenage Mutant Ninja Turtles] [Non-Foil],53932873056628,NM,0.49,0.49
14953000632692,genghis-frog-148-teenage-mutant-ninja-turtles-non-foil,Genghis Frog [148] [Teenage Mutant Ninja Turtles] [Non-Foil],53932873089396,PL,0.00,
14953000272244,genghis-frog-148-teenage-mutant-ninja-turtles-foil,Genghis Frog [148] [Teenage Mutant Ninja Turtles] [Foil],53932872270196,NM,0.49,0.49
14953000272244,genghis-frog-148-teenage-mutant-ninja-turtles-foil,Genghis Frog [148] [Teenage Mutant Ninja Turtles] [Foil],53932872302964,PL,0.00,
14928460841332,improvised-arsenal-92-teenage-mutant-ninja-turtles-foil,Improvised Arsenal [92] [Teenage Mutant Ninja Turtles] [Foil],53880822333812,NM,5.99,5.99
14928460841332,improvised-arsenal-92-teenage-mutant-ninja-turtles-foil,Improvised Arsenal [92] [Teenage Mutant Ninja Turtles] [Foil],53880822366580,PL,0.00,
14928460022132,armaggon-future-shark-58-teenage-mutant-ninja-turtles-foil,"Armaggon, Future Shark [58] [Teenage Mutant Ninja Turtles] [Foil]",53880820924788,NM,2.49,2.49
14928460022132,armaggon-future-shark-58-teenage-mutant-ninja-turtles-foil,"Armaggon, Future Shark [58] [Teenage Mutant Ninja Turtles] [Foil]",53880820957556,PL,0.00,
14928459530612,donatello-gadget-master-35-teenage-mutant-ninja-turtles-non-foil,"Donatello, Gadget Master [35] [Teenage Mutant Ninja Turtles] [Non-Foil]",53880819908980,NM,4.99,4.99
14928459530612,donatello-gadget-master-35-teenage-mutant-ninja-turtles-non-foil,"Donatello, Gadget Master [35] [Teenage Mutant Ninja Turtles] [Non-Foil]",53880819941748,PL,0.00,
14928458875252,forest-257-full-art-pizza-basic-land-teenage-mutant-ninja-turtles-non-foil,Forest [257] [Full Art] [Pizza Basic Land ] [Teenage Mutant Ninja Turtles] [Non-Foil],53880818565492,NM,0.99,0.99
14928458875252,forest-257-full-art-pizza-basic-land-teenage-mutant-ninja-turtles-non-foil,Forest [257] [Full Art] [Pizza Basic Land ] [Teenage Mutant Ninja Turtles] [Non-Foil],53880818598260,PL,0.00,
14928457695604,chrome-dome-172-teenage-mutant-ninja-turtles-foil,Chrome Dome [172] [Teenage Mutant Ninja Turtles] [Foil],53880816402804,NM,4.99,4.99
14928457695604,chrome-dome-172-teenage-mutant-ninja-turtles-foil,Chrome Dome [172] [Teenage Mutant Ninja Turtles] [Foil],53880816435572,PL,0.00,
14928457073012,don-raph-hard-science-144-teenage-mutant-ninja-turtles-non-foil,"Don & Raph, Hard Science [144] [Teenage Mutant Ninja Turtles] [Non-Foil]",53880815157620,NM,1.99,1.99
14928457073012,don-raph-hard-science-144-teenage-mutant-ninja-turtles-non-foil,"Don & Raph, Hard Science [144] [Teenage Mutant Ninja Turtles] [Non-Foil]",53880815190388,PL,0.00,
14928456974708,bebop-rocksteady-140-teenage-mutant-ninja-turtles-foil,Bebop & Rocksteady [140] [Teenage Mutant Ninja Turtles] [Foil],53880814961012,NM,3.99,3.99
14928456974708,bebop-rocksteady-140-teenage-mutant-ninja-turtles-foil,Bebop & Rocksteady [140] [Teenage Mutant Ninja Turtles] [Foil],53880814993780,PL,0.00,
14952999977332,cowabunga-113-teenage-mutant-ninja-turtles-non-foil,Cowabunga! [113] [Teenage Mutant Ninja Turtles] [Non-Foil],53932871745908,NM,0.49,0.49
14952999977332,cowabunga-113-teenage-mutant-ninja-turtles-non-foil,Cowabunga! [113] [Teenage Mutant Ninja Turtles] [Non-Foil],53932871778676,PL,0.00,
14928461332852,broadcast-takeover-86-teenage-mutant-ninja-turtles-foil,Broadcast Takeover [86] [Teenage Mutant Ninja Turtles] [Foil],53880823120244,NM,13.99,13.99
14928461332852,broadcast-takeover-86-teenage-mutant-ninja-turtles-foil,Broadcast Takeover [86] [Teenage Mutant Ninja Turtles] [Foil],53880823153012,PL,0.00,
14928460087668,armaggon-future-shark-58-teenage-mutant-ninja-turtles-non-foil,"Armaggon, Future Shark [58] [Teenage Mutant Ninja Turtles] [Non-Foil]",53880821055860,NM,1.99,1.99
14928460087668,armaggon-future-shark-58-teenage-mutant-ninja-turtles-non-foil,"Armaggon, Future Shark [58] [Teenage Mutant Ninja Turtles] [Non-Foil]",53880821088628,PL,0.00,
14928461037940,cool-but-rude-89-teenage-mutant-ninja-turtles-foil,Cool but Rude [89] [Teenage Mutant Ninja Turtles] [Foil],53880822694260,NM,11.99,11.99
14928461037940,cool-but-rude-89-teenage-mutant-ninja-turtles-foil,Cool but Rude [89] [Teenage Mutant Ninja Turtles] [Foil],53880822727028,PL,0.00,
14928460939636,improvised-arsenal-92-teenage-mutant-ninja-turtles-non-foil,Improvised Arsenal [92] [Teenage Mutant Ninja Turtles] [Non-Foil],53880822530420,NM,4.99,4.99
14928460939636,improvised-arsenal-92-teenage-mutant-ninja-turtles-non-foil,Improvised Arsenal [92] [Teenage Mutant Ninja Turtles] [Non-Foil],53880822563188,PL,0.00,
14928459628916,donatello-mutant-mechanic-36-teenage-mutant-ninja-turtles-non-foil,"Donatello, Mutant Mechanic [36] [Teenage Mutant Ninja Turtles] [Non-Foil]",53880820171124,NM,12.99,12.99
14928459628916,donatello-mutant-mechanic-36-teenage-mutant-ninja-turtles-non-foil,"Donatello, Mutant Mechanic [36] [Teenage Mutant Ninja Turtles] [Non-Foil]",53880820203892,PL,0.00,
14928458973556,april-oneil-hacktivist-29-teenage-mutant-ninja-turtles-foil,"April O'Neil, Hacktivist [29] [Teenage Mutant Ninja Turtles] [Foil]",53880818860404,NM,1.99,1.99
14928458973556,april-oneil-hacktivist-29-teenage-mutant-ninja-turtles-foil,"April O'Neil, Hacktivist [29] [Teenage Mutant Ninja Turtles] [Foil]",53880818893172,PL,0.00,
14928456909172,dark-leo-shredder-142-teenage-mutant-ninja-turtles-foil,Dark Leo & Shredder [142] [Teenage Mutant Ninja Turtles] [Foil],53880814829940,NM,14.99,14.99
14928456909172,dark-leo-shredder-142-teenage-mutant-ninja-turtles-foil,Dark Leo & Shredder [142] [Teenage Mutant Ninja Turtles] [Foil],53880814862708,PL,0.00,
14953006072180,hard-won-jitte-91-teenage-mutant-ninja-turtles-non-foil,Hard-Won Jitte [91] [Teenage Mutant Ninja Turtles] [Non-Foil],53932884656500,NM,0.49,0.49
14953006072180,hard-won-jitte-91-teenage-mutant-ninja-turtles-non-foil,Hard-Won Jitte [91] [Teenage Mutant Ninja Turtles] [Non-Foil],53932884689268,PL,0.00,
14953000862068,action-news-crew-1-teenage-mutant-ninja-turtles-foil,Action News Crew [1] [Teenage Mutant Ninja Turtles] [Foil],53932873711988,NM,0.49,0.49
14953000862068,action-news-crew-1-teenage-mutant-ninja-turtles-foil,Action News Crew [1] [Teenage Mutant Ninja Turtles] [Foil],53932873744756,PL,0.00,
14953000337780,karai-future-of-the-foot-151-teenage-mutant-ninja-turtles-foil,"Karai, Future of the Foot [151] [Teenage Mutant Ninja Turtles] [Foil]",53932872401268,NM,0.49,0.49
14953000337780,karai-future-of-the-foot-151-teenage-mutant-ninja-turtles-foil,"Karai, Future of the Foot [151] [Teenage Mutant Ninja Turtles] [Foil]",53932872434036,PL,0.00,
14953000305012,foot-elite-146-teenage-mutant-ninja-turtles-non-foil,Foot Elite [146] [Teenage Mutant Ninja Turtles] [Non-Foil],53932872335732,NM,0.29,0.29
14953000305012,foot-elite-146-teenage-mutant-ninja-turtles-non-foil,Foot Elite [146] [Teenage Mutant Ninja Turtles] [Non-Foil],53932872368500,PL,0.00,
14928461398388,broadcast-takeover-86-teenage-mutant-ninja-turtles-non-foil,Broadcast Takeover [86] [Teenage Mutant Ninja Turtles] [Non-Foil],53880823218548,NM,9.99,9.99
14928461398388,broadcast-takeover-86-teenage-mutant-ninja-turtles-non-foil,Broadcast Takeover [86] [Teenage Mutant Ninja Turtles] [Non-Foil],53880823251316,PL,0.00,
14928460906868,casey-jones-jury-rig-justiciar-87-teenage-mutant-ninja-turtles-foil,"Casey Jones, Jury-Rig Justiciar [87] [Teenage Mutant Ninja Turtles] [Foil]",53880822464884,NM,1.49,1.49
14928460906868,casey-jones-jury-rig-justiciar-87-teenage-mutant-ninja-turtles-foil,"Casey Jones, Jury-Rig Justiciar [87] [Teenage Mutant Ninja Turtles] [Foil]",53880822497652,PL,0.00,
14928460743028,casey-jones-jury-rig-justiciar-87-teenage-mutant-ninja-turtles-non-foil,"Casey Jones, Jury-Rig Justiciar [87] [Teenage Mutant Ninja Turtles] [Non-Foil]",53880822137204,NM,0.99,0.99
14928460743028,casey-jones-jury-rig-justiciar-87-teenage-mutant-ninja-turtles-non-foil,"Casey Jones, Jury-Rig Justiciar [87] [Teenage Mutant Ninja Turtles] [Non-Foil]",53880822169972,PL,0.00,
14928459759988,kitsunes-technique-42-teenage-mutant-ninja-turtles-non-foil,Kitsune's Technique [42] [Teenage Mutant Ninja Turtles] [Non-Foil],53880820433268,NM,7.99,7.99
14928459759988,kitsunes-technique-42-teenage-mutant-ninja-turtles-non-foil,Kitsune's Technique [42] [Teenage Mutant Ninja Turtles] [Non-Foil],53880820466036,PL,0.00,
14928459727220,kitsune-dragons-daughter-41-teenage-mutant-ninja-turtles-foil,"Kitsune, Dragon's Daughter [41] [Teenage Mutant Ninja Turtles] [Foil]",53880820367732,NM,2.99,2.99
14928459727220,kitsune-dragons-daughter-41-teenage-mutant-ninja-turtles-foil,"Kitsune, Dragon's Daughter [41] [Teenage Mutant Ninja Turtles] [Foil]",53880820400500,PL,0.00,
14928459596148,kitsunes-technique-42-teenage-mutant-ninja-turtles-foil,Kitsune's Technique [42] [Teenage Mutant Ninja Turtles] [Foil],53880820105588,NM,9.99,9.99
14928459596148,kitsunes-technique-42-teenage-mutant-ninja-turtles-foil,Kitsune's Technique [42] [Teenage Mutant Ninja Turtles] [Foil],53880820138356,PL,0.00,
14928459563380,donatello-mutant-mechanic-36-teenage-mutant-ninja-turtles-foil,"Donatello, Mutant Mechanic [36] [Teenage Mutant Ninja Turtles] [Foil]",53880819974516,NM,14.99,14.99
14928459563380,donatello-mutant-mechanic-36-teenage-mutant-ninja-turtles-foil,"Donatello, Mutant Mechanic [36] [Teenage Mutant Ninja Turtles] [Foil]",53880820007284,PL,0.00,
14928459465076,does-machines-34-teenage-mutant-ninja-turtles-non-foil,Does Machines [34] [Teenage Mutant Ninja Turtles] [Non-Foil],53880819843444,NM,4.99,4.99
14928459465076,does-machines-34-teenage-mutant-ninja-turtles-non-foil,Does Machines [34] [Teenage Mutant Ninja Turtles] [Non-Foil],53880819876212,PL,0.00,
14928458776948,forest-257-full-art-pizza-basic-land-teenage-mutant-ninja-turtles-foil,Forest [257] [Full Art] [Pizza Basic Land ] [Teenage Mutant Ninja Turtles] [Foil],53880818762100,NM,1.49,1.49
14928458776948,forest-257-full-art-pizza-basic-land-teenage-mutant-ninja-turtles-foil,Forest [257] [Full Art] [Pizza Basic Land ] [Teenage Mutant Ninja Turtles] [Foil],53880818794868,PL,0.00,
14928458613108,island-254-full-art-pizza-basic-land-teenage-mutant-ninja-turtles-foil,Island [254] [Full Art] [Pizza Basic Land ] [Teenage Mutant Ninja Turtles] [Foil],53880818172276,NM,1.49,1.49
14928458613108,island-254-full-art-pizza-basic-land-teenage-mutant-ninja-turtles-foil,Island [254] [Full Art] [Pizza Basic Land ] [Teenage Mutant Ninja Turtles] [Foil],53880818205044,PL,0.00,
14928457826676,chrome-dome-172-teenage-mutant-ninja-turtles-non-foil,Chrome Dome [172] [Teenage Mutant Ninja Turtles] [Non-Foil],53880816730484,NM,3.99,3.99
14928457826676,chrome-dome-172-teenage-mutant-ninja-turtles-non-foil,Chrome Dome [172] [Teenage Mutant Ninja Turtles] [Non-Foil],53880816763252,PL,0.00,
14928457105780,krang-shredder-153-teenage-mutant-ninja-turtles-foil,Krang & Shredder [153] [Teenage Mutant Ninja Turtles] [Foil],53880815223156,NM,5.99,5.99
14928457105780,krang-shredder-153-teenage-mutant-ninja-turtles-foil,Krang & Shredder [153] [Teenage Mutant Ninja Turtles] [Foil],53880815255924,PL,0.00,
14928457040244,don-raph-hard-science-144-teenage-mutant-ninja-turtles-foil,"Don & Raph, Hard Science [144] [Teenage Mutant Ninja Turtles] [Foil]",53880815092084,NM,2.49,2.49
14928457040244,don-raph-hard-science-144-teenage-mutant-ninja-turtles-foil,"Don & Raph, Hard Science [144] [Teenage Mutant Ninja Turtles] [Foil]",53880815124852,PL,0.00,
14928457007476,don-leo-problem-solvers-143-teenage-mutant-ninja-turtles-non-foil,"Don & Leo, Problem Solvers [143] [Teenage Mutant Ninja Turtles] [Non-Foil]",53880814895476,NM,2.99,2.99
14928457007476,don-leo-problem-solvers-143-teenage-mutant-ninja-turtles-non-foil,"Don & Leo, Problem Solvers [143] [Teenage Mutant Ninja Turtles] [Non-Foil]",53880814928244,PL,0.00,
14928456843636,don-leo-problem-solvers-143-teenage-mutant-ninja-turtles-foil,"Don & Leo, Problem Solvers [143] [Teenage Mutant Ninja Turtles] [Foil]",53880814698868,NM,3.99,3.99
14928456843636,don-leo-problem-solvers-143-teenage-mutant-ninja-turtles-foil,"Don & Leo, Problem Solvers [143] [Teenage Mutant Ninja Turtles] [Foil]",53880814731636,PL,0.00,
14928456155508,groundchuck-dirtbag-115-teenage-mutant-ninja-turtles-non-foil,Groundchuck & Dirtbag [115] [Teenage Mutant Ninja Turtles] [Non-Foil],53880813355380,NM,6.99,6.99
14928456155508,groundchuck-dirtbag-115-teenage-mutant-ninja-turtles-non-foil,Groundchuck & Dirtbag [115] [Teenage Mutant Ninja Turtles] [Non-Foil],53880813388148,PL,0.00,
14952854389108,magic-the-gathering-modern-weekly-tuesday-april-28th-700-pm-toronto-2026,Magic: the Gathering - Modern Weekly - Tuesday April 28th - 7:00 PM - Toronto [2026],53932625002868,Default Title,12.00,12.00
14952855830900,magic-the-gathering-modern-weekly-thursday-april-16th-700-pm-toronto-2026,Magic: the Gathering - Modern Weekly - Thursday April 16th - 7:00 PM - Toronto [2026],53932626739572,Default Title,12.00,12.00
14952858354036,yu-gi-oh-constructed-locals-saturday-april-4th-1200-pm-toronto-2026,Yu-Gi-Oh! - Constructed Locals - Saturday April 4th - 12:00 PM - Toronto [2026],53932629983604,Default Title,6.00,6.00
14952854847860,dungeons-dragons-under-16-years-old-thursday-march-26th-530-pm-toronto-2026,Dungeons & Dragons - Under 16 Years Old - Thursday March 26th - 5:30 PM - Toronto [2026],53932625461620,Default Title,5.00,5.00
14952853209460,star-wars-unlimited-draft-weekly-wednesday-march-4th-600-pm-toronto-2026,Star Wars: Unlimited - Draft Weekly - Wednesday March 4th - 6:00 PM - Toronto [2026],53932623823220,Default Title,25.00,25.00
14952854978932,dungeons-dragons-under-16-years-old-thursday-april-23rd-530-pm-toronto-2026,Dungeons & Dragons - Under 16 Years Old - Thursday April 23rd - 5:30 PM - Toronto [2026],53932625592692,Default Title,5.00,5.00
14952856977780,magic-the-gathering-modern-weekly-tuesday-april-21st-700-pm-toronto-2026,Magic: the Gathering - Modern Weekly - Tuesday April 21st - 7:00 PM - Toronto [2026],53932627886452,Default Title,12.00,12.00
14952882602356,riftbound-1v1-constructed-nexus-night-tuesday-april-14th-700-pm-toronto-2026,Riftbound - 1v1 Constructed Nexus Night - Tuesday April 14th - 7:00 PM - Toronto [2026],53932691292532,Default Title,12.00,12.00
14952857928052,magic-the-gathering-tmnt-draft-weekly-saturday-march-14th-400-pm-toronto-2026,Magic: the Gathering - TMNT Draft Weekly - Saturday March 14th - 4:00 PM - Toronto [2026],53932629524852,Default Title,25.00,25.00
14952857403764,magic-the-gathering-legacy-friday-night-magic-friday-march-13th-700-pm-toronto-2026,Magic: the Gathering - Legacy Friday Night Magic - Friday March 13th - 7:00 PM - Toronto [2026],53932629000564,Default Title,12.00,12.00
14952856846708,magic-the-gathering-tmnt-draft-weekly-sunday-march-29th-400-pm-toronto-2026,Magic: the Gathering - TMNT Draft Weekly - Sunday March 29th - 4:00 PM - Toronto [2026],53932627755380,Default Title,25.00,25.00
14952856519028,one-piece-constructed-weekly-wednesday-march-4th-600-pm-toronto-2026,One Piece - Constructed Weekly - Wednesday March 4th - 6:00 PM - Toronto [2026],53932627427700,Default Title,12.00,12.00
14952855110004,magic-the-gathering-modern-weekly-tuesday-april-7th-700-pm-toronto-2026,Magic: the Gathering - Modern Weekly - Tuesday April 7th - 7:00 PM - Toronto [2026],53932625723764,Default Title,12.00,12.00
14952854651252,yu-gi-oh-constructed-locals-wednesday-april-15th-630-pm-toronto-2026,Yu-Gi-Oh! - Constructed Locals - Wednesday April 15th - 6:30 PM - Toronto [2026],53932625265012,Default Title,6.00,6.00
14952854356340,magic-the-gathering-modern-weekly-tuesday-march-10th-700-pm-toronto-2026,Magic: the Gathering - Modern Weekly - Tuesday March 10th - 7:00 PM - Toronto [2026],53932624970100,Default Title,12.00,12.00
14952854290804,magic-the-gathering-standard-showdown-tuesday-march-24th-630-pm-toronto-2026,Magic: the Gathering - Standard Showdown - Tuesday March 24th - 6:30 PM - Toronto [2026],53932624904564,Default Title,6.00,6.00
14952852914548,pokemon-standard-pokemon-league-saturday-march-21st-1100-am-montreal-2026,Pokémon - Standard Pokemon League - Saturday March 21st - 11:00 AM - Montreal [2026],53932623561076,Default Title,6.00,6.00
14952852849012,pokemon-standard-pokemon-league-saturday-april-4th-1100-am-montreal-2026,Pokémon - Standard Pokemon League - Saturday April 4th - 11:00 AM - Montreal [2026],53932623462772,Default Title,6.00,6.00
14952852816244,magic-the-gathering-modern-friday-night-magic-friday-april-17th-630-pm-montreal-2026,Magic: the Gathering - Modern Friday Night Magic - Friday April 17th - 6:30 PM - Montreal [2026],53932623430004,Default Title,12.00,12.00
14952852750708,magic-the-gathering-modern-friday-night-magic-friday-april-10th-630-pm-montreal-2026,Magic: the Gathering - Modern Friday Night Magic - Friday April 10th - 6:30 PM - Montreal [2026],53932623364468,Default Title,12.00,12.00
14952858255732,yu-gi-oh-constructed-locals-saturday-april-25th-1200-pm-toronto-2026,Yu-Gi-Oh! - Constructed Locals - Saturday April 25th - 12:00 PM - Toronto [2026],53932629885300,Default Title,6.00,6.00
14952858059124,magic-the-gathering-standard-showdown-tuesday-march-17th-630-pm-toronto-2026,Magic: the Gathering - Standard Showdown - Tuesday March 17th - 6:30 PM - Toronto [2026],53932629655924,Default Title,6.00,6.00
14952858026356,magic-the-gathering-legacy-friday-night-magic-friday-march-27th-700-pm-toronto-2026,Magic: the Gathering - Legacy Friday Night Magic - Friday March 27th - 7:00 PM - Toronto [2026],53932629623156,Default Title,12.00,12.00
14952857993588,yu-gi-oh-constructed-locals-wednesday-march-4th-630-pm-toronto-2026,Yu-Gi-Oh! - Constructed Locals - Wednesday March 4th - 6:30 PM - Toronto [2026],53932629557620,Default Title,6.00,6.00
14952857862516,magic-the-gathering-tmnt-draft-weekly-saturday-march-28th-400-pm-toronto-2026,Magic: the Gathering - TMNT Draft Weekly - Saturday March 28th - 4:00 PM - Toronto [2026],53932629459316,Default Title,25.00,25.00
14952857534836,magic-the-gathering-legacy-friday-night-magic-friday-march-6th-700-pm-toronto-2026,Magic: the Gathering - Legacy Friday Night Magic - Friday March 6th - 7:00 PM - Toronto [2026],53932629164404,Default Title,12.00,12.00
14952856682868,magic-the-gathering-modern-weekly-tuesday-april-14th-700-pm-toronto-2026,Magic: the Gathering - Modern Weekly - Tuesday April 14th - 7:00 PM - Toronto [2026],53932627591540,Default Title,12.00,12.00
14952856650100,pokemon-standard-pokemon-league-thursday-april-16th-600-pm-toronto-2026,Pokémon - Standard Pokemon League - Thursday April 16th - 6:00 PM - Toronto [2026],53932627558772,Default Title,6.00,6.00
14952856551796,magic-the-gathering-modern-weekly-thursday-march-26th-700-pm-toronto-2026,Magic: the Gathering - Modern Weekly - Thursday March 26th - 7:00 PM - Toronto [2026],53932627526004,Default Title,12.00,12.00
14952855568756,magic-the-gathering-modern-weekly-thursday-april-23rd-700-pm-toronto-2026,Magic: the Gathering - Modern Weekly - Thursday April 23rd - 7:00 PM - Toronto [2026],53932626477428,Default Title,12.00,12.00
14952855503220,magic-the-gathering-modern-weekly-thursday-april-2nd-700-pm-toronto-2026,Magic: the Gathering - Modern Weekly - Thursday April 2nd - 7:00 PM - Toronto [2026],53932626411892,Default Title,12.00,12.00
14952855044468,pokemon-standard-pokemon-league-thursday-march-19th-600-pm-toronto-2026,Pokémon - Standard Pokemon League - Thursday March 19th - 6:00 PM - Toronto [2026],53932625658228,Default Title,6.00,6.00
14952849965428,magic-the-gathering-tmnt-draft-friday-night-magic-friday-march-27th-700-pm-montreal-2026,Magic: the Gathering - TMNT Draft Friday Night Magic - Friday March 27th - 7:00 PM - Montreal [2026],53932620611956,Default Title,25.00,25.00
14952855896436,one-piece-constructed-weekly-wednesday-march-18th-600-pm-toronto-2026,One Piece - Constructed Weekly - Wednesday March 18th - 6:00 PM - Toronto [2026],53932626805108,Default Title,12.00,12.00
14952855142772,pokemon-standard-pokemon-league-thursday-april-2nd-600-pm-toronto-2026,Pokémon - Standard Pokemon League - Thursday April 2nd - 6:00 PM - Toronto [2026],53932625756532,Default Title,6.00,6.00
14952855011700,pokemon-standard-pokemon-league-thursday-march-12th-600-pm-toronto-2026,Pokémon - Standard Pokemon League - Thursday March 12th - 6:00 PM - Toronto [2026],53932625625460,Default Title,6.00,6.00
14952854552948,yu-gi-oh-constructed-locals-wednesday-march-18th-630-pm-toronto-2026,Yu-Gi-Oh! - Constructed Locals - Wednesday March 18th - 6:30 PM - Toronto [2026],53932625166708,Default Title,6.00,6.00
14952852881780,pokemon-standard-pokemon-league-saturday-march-14th-1100-am-montreal-2026,Pokémon - Standard Pokemon League - Saturday March 14th - 11:00 AM - Montreal [2026],53932623495540,Default Title,6.00,6.00
14952850260340,magic-the-gathering-tmnt-draft-weekly-saturday-april-11th-100-pm-montreal-2026,Magic: the Gathering - TMNT Draft Weekly - Saturday April 11th - 1:00 PM - Montreal [2026],53932620808564,Default Title,25.00,25.00
14952849932660,magic-the-gathering-tmnt-draft-friday-night-magic-friday-march-6th-700-pm-montreal-2026,Magic: the Gathering - TMNT Draft Friday Night Magic - Friday March 6th - 7:00 PM - Montreal [2026],53932620513652,Default Title,25.00,25.00
14952857600372,magic-the-gathering-legacy-friday-night-magic-friday-april-3rd-700-pm-toronto-2026,Magic: the Gathering - Legacy Friday Night Magic - Friday April 3rd - 7:00 PM - Toronto [2026],53932629197172,Default Title,12.00,12.00
14952856813940,magic-the-gathering-tmnt-draft-weekly-sunday-march-15th-400-pm-toronto-2026,Magic: the Gathering - TMNT Draft Weekly - Sunday March 15th - 4:00 PM - Toronto [2026],53932627722612,Default Title,25.00,25.00
14952856060276,magic-the-gathering-standard-showdown-tuesday-march-10th-630-pm-toronto-2026,Magic: the Gathering - Standard Showdown - Tuesday March 10th - 6:30 PM - Toronto [2026],53932626936180,Default Title,6.00,6.00
14952855732596,one-piece-constructed-weekly-wednesday-april-29th-600-pm-toronto-2026,One Piece - Constructed Weekly - Wednesday April 29th - 6:00 PM - Toronto [2026],53932626641268,Default Title,12.00,12.00
14952855601524,magic-the-gathering-modern-weekly-thursday-april-30th-700-pm-toronto-2026,Magic: the Gathering - Modern Weekly - Thursday April 30th - 7:00 PM - Toronto [2026],53932626510196,Default Title,12.00,12.00
14952855372148,magic-the-gathering-modern-weekly-thursday-march-12th-700-pm-toronto-2026,Magic: the Gathering - Modern Weekly - Thursday March 12th - 7:00 PM - Toronto [2026],53932625985908,Default Title,12.00,12.00
14952855339380,magic-the-gathering-modern-weekly-thursday-march-19th-700-pm-toronto-2026,Magic: the Gathering - Modern Weekly - Thursday March 19th - 7:00 PM - Toronto [2026],53932625953140,Default Title,12.00,12.00
14952855273844,magic-the-gathering-modern-weekly-thursday-march-5th-700-pm-toronto-2026,Magic: the Gathering - Modern Weekly - Thursday March 5th - 7:00 PM - Toronto [2026],53932625887604,Default Title,12.00,12.00
14952855241076,pokemon-standard-pokemon-league-thursday-april-30th-600-pm-toronto-2026,Pokémon - Standard Pokemon League - Thursday April 30th - 6:00 PM - Toronto [2026],53932625854836,Default Title,6.00,6.00
14952852717940,magic-the-gathering-modern-friday-night-magic-friday-march-27th-630-pm-montreal-2026,Magic: the Gathering - Modern Friday Night Magic - Friday March 27th - 6:30 PM - Montreal [2026],53932623331700,Default Title,12.00,12.00
14952849899892,magic-the-gathering-tmnt-draft-friday-night-magic-friday-march-13th-700-pm-montreal-2026,Magic: the Gathering - TMNT Draft Friday Night Magic - Friday March 13th - 7:00 PM - Montreal [2026],53932620546420,Default Title,25.00,25.00
14952849867124,magic-the-gathering-tmnt-draft-friday-night-magic-friday-march-20th-700-pm-montreal-2026,Magic: the Gathering - TMNT Draft Friday Night Magic - Friday March 20th - 7:00 PM - Montreal [2026],53932620480884,Default Title,25.00,25.00
14952882864500,riftbound-1v1-constructed-nexus-night-tuesday-march-10th-700-pm-toronto-2026,Riftbound - 1v1 Constructed Nexus Night - Tuesday March 10th - 7:00 PM - Toronto [2026],53932691554676,Default Title,12.00,12.00
14952858321268,yu-gi-oh-constructed-locals-saturday-april-18th-1200-pm-toronto-2026,Yu-Gi-Oh! - Constructed Locals - Saturday April 18th - 12:00 PM - Toronto [2026],53932629852532,Default Title,6.00,6.00
14952857567604,magic-the-gathering-tmnt-draft-weekly-saturday-april-4th-400-pm-toronto-2026,Magic: the Gathering - TMNT Draft Weekly - Saturday April 4th - 4:00 PM - Toronto [2026],53932629131636,Default Title,25.00,25.00
14952856912244,magic-the-gathering-modern-weekly-thursday-april-9th-700-pm-toronto-2026,Magic: the Gathering - Modern Weekly - Thursday April 9th - 7:00 PM - Toronto [2026],53932627820916,Default Title,12.00,12.00
14952856191348,one-piece-constructed-weekly-wednesday-march-25th-600-pm-toronto-2026,One Piece - Constructed Weekly - Wednesday March 25th - 6:00 PM - Toronto [2026],53932627132788,Default Title,12.00,12.00
14952856158580,one-piece-constructed-weekly-wednesday-march-11th-600-pm-toronto-2026,One Piece - Constructed Weekly - Wednesday March 11th - 6:00 PM - Toronto [2026],53932627067252,Default Title,12.00,12.00
14952855961972,pokemon-standard-pokemon-league-thursday-march-26th-600-pm-toronto-2026,Pokémon - Standard Pokemon League - Thursday March 26th - 6:00 PM - Toronto [2026],53932626870644,Default Title,6.00,6.00
14952855929204,magic-the-gathering-standard-showdown-tuesday-march-3rd-630-pm-toronto-2026,Magic: the Gathering - Standard Showdown - Tuesday March 3rd - 6:30 PM - Toronto [2026],53932626837876,Default Title,6.00,6.00
14952855863668,one-piece-constructed-weekly-wednesday-april-22nd-600-pm-toronto-2026,One Piece - Constructed Weekly - Wednesday April 22nd - 6:00 PM - Toronto [2026],53932626772340,Default Title,12.00,12.00
14952855404916,pokemon-standard-pokemon-league-thursday-march-5th-600-pm-toronto-2026,Pokémon - Standard Pokemon League - Thursday March 5th - 6:00 PM - Toronto [2026],53932626018676,Default Title,6.00,6.00
14952854094196,lorcana-core-constructed-weekly-tuesday-april-7th-630-pm-toronto-2026,Lorcana - Core Constructed Weekly - Tuesday April 7th - 6:30 PM - Toronto [2026],53932624740724,Default Title,6.00,6.00
14952852685172,magic-the-gathering-modern-friday-night-magic-friday-march-20th-630-pm-montreal-2026,Magic: the Gathering - Modern Friday Night Magic - Friday March 20th - 6:30 PM - Montreal [2026],53932623298932,Default Title,12.00,12.00
14952850096500,magic-the-gathering-tmnt-draft-weekly-saturday-march-14th-100-pm-montreal-2026,Magic: the Gathering - TMNT Draft Weekly - Saturday March 14th - 1:00 PM - Montreal [2026],53932620710260,Default Title,25.00,25.00
14952883454324,magic-the-gathering-pauper-weekly-wednesday-april-1st-700-pm-toronto-2026,Magic: the Gathering - Pauper Weekly - Wednesday April 1st - 7:00 PM - Toronto [2026],53932692963700,Default Title,12.00,12.00
14952857436532,magic-the-gathering-legacy-friday-night-magic-friday-march-20th-700-pm-toronto-2026,Magic: the Gathering - Legacy Friday Night Magic - Friday March 20th - 7:00 PM - Toronto [2026],53932629033332,Default Title,12.00,12.00
14952856125812,pokemon-standard-pokemon-league-thursday-april-23rd-600-pm-toronto-2026,Pokémon - Standard Pokemon League - Thursday April 23rd - 6:00 PM - Toronto [2026],53932627034484,Default Title,6.00,6.00
14952855535988,yu-gi-oh-constructed-locals-wednesday-april-1st-630-pm-toronto-2026,Yu-Gi-Oh! - Constructed Locals - Wednesday April 1st - 6:30 PM - Toronto [2026],53932626444660,Default Title,6.00,6.00
14952854585716,yu-gi-oh-constructed-locals-wednesday-march-11th-630-pm-toronto-2026,Yu-Gi-Oh! - Constructed Locals - Wednesday March 11th - 6:30 PM - Toronto [2026],53932625199476,Default Title,6.00,6.00
14952854258036,lorcana-core-constructed-weekly-tuesday-april-21st-630-pm-toronto-2026,Lorcana - Core Constructed Weekly - Tuesday April 21st - 6:30 PM - Toronto [2026],53932624871796,Default Title,6.00,6.00
14952853012852,pokemon-standard-pokemon-league-saturday-april-25th-1100-am-montreal-2026,Pokémon - Standard Pokemon League - Saturday April 25th - 11:00 AM - Montreal [2026],53932623626612,Default Title,6.00,6.00
14952852783476,magic-the-gathering-modern-friday-night-magic-friday-april-24th-630-pm-montreal-2026,Magic: the Gathering - Modern Friday Night Magic - Friday April 24th - 6:30 PM - Montreal [2026],53932623397236,Default Title,12.00,12.00
14952881914228,heavy-play-etb-playmat-art-masters-lightning-bolt-by-phil-stone,Heavy Play ETB Playmat Art Masters - Lightning Bolt by Phil Stone,53932690571636,Default Title,89.99,89.99
14952881881460,sleeve-kings-premium-board-game-sleeves-standard-american-size-57mm-x-89mm-55ct,Sleeve Kings Premium Board Game Sleeves - Standard American Size - 57mm X 89mm - 55ct,53932690538868,Default Title,3.99,3.99
14952881848692,heavy-play-etb-playmat-art-masters-silence-by-phil-stone,Heavy Play ETB Playmat Art Masters - Silence by Phil Stone,53932690473332,Default Title,89.99,89.99
14952881815924,heavy-play-etb-playmat-art-masters-lotus-by-chris-seaman,Heavy Play ETB Playmat Art Masters - Lotus by Chris Seaman,53932690506100,Default Title,89.99,89.99
14952881783156,heavy-play-etb-playmat-art-masters-animate-dead-by-phil-stone,Heavy Play ETB Playmat Art Masters - Animate Dead by Phil Stone,53932690440564,Default Title,89.99,89.99
14953000206708,the-last-ronins-technique-12-teenage-mutant-ninja-turtles-non-foil,The Last Ronin's Technique [12] [Teenage Mutant Ninja Turtles] [Non-Foil],53932872204660,NM,0.49,0.49
14953000206708,the-last-ronins-technique-12-teenage-mutant-ninja-turtles-non-foil,The Last Ronin's Technique [12] [Teenage Mutant Ninja Turtles] [Non-Foil],53932872237428,PL,0.00,
14953000173940,the-last-ronins-technique-12-teenage-mutant-ninja-turtles-foil,The Last Ronin's Technique [12] [Teenage Mutant Ninja Turtles] [Foil],53932872139124,NM,0.49,0.49
14953000173940,the-last-ronins-technique-12-teenage-mutant-ninja-turtles-foil,The Last Ronin's Technique [12] [Teenage Mutant Ninja Turtles] [Foil],53932872171892,PL,0.00,
14928460120436,the-cloning-of-shredder-60-teenage-mutant-ninja-turtles-foil,The Cloning of Shredder [60] [Teenage Mutant Ninja Turtles] [Foil],53880821186932,NM,12.99,12.99
14928460120436,the-cloning-of-shredder-60-teenage-mutant-ninja-turtles-foil,The Cloning of Shredder [60] [Teenage Mutant Ninja Turtles] [Foil],53880821219700,PL,0.00,
14928458842484,triceraton-commander-25-teenage-mutant-ninja-turtles-non-foil,Triceraton Commander [25] [Teenage Mutant Ninja Turtles] [Non-Foil],53880818696564,NM,9.99,9.99
14928458842484,triceraton-commander-25-teenage-mutant-ninja-turtles-non-foil,Triceraton Commander [25] [Teenage Mutant Ninja Turtles] [Non-Foil],53880818729332,PL,0.00,
14928458809716,triceraton-commander-25-teenage-mutant-ninja-turtles-foil,Triceraton Commander [25] [Teenage Mutant Ninja Turtles] [Foil],53880818631028,NM,12.99,12.99
14928458809716,triceraton-commander-25-teenage-mutant-ninja-turtles-foil,Triceraton Commander [25] [Teenage Mutant Ninja Turtles] [Foil],53880818663796,PL,0.00,
14928457761140,tokka-rahzar-terrible-twos-171-teenage-mutant-ninja-turtles-foil,"Tokka & Rahzar, Terrible Twos [171] [Teenage Mutant Ninja Turtles] [Foil]",53880816533876,NM,4.99,4.99
14928457761140,tokka-rahzar-terrible-twos-171-teenage-mutant-ninja-turtles-foil,"Tokka & Rahzar, Terrible Twos [171] [Teenage Mutant Ninja Turtles] [Foil]",53880816566644,PL,0.00,
14928457728372,tokka-rahzar-terrible-twos-171-teenage-mutant-ninja-turtles-non-foil,"Tokka & Rahzar, Terrible Twos [171] [Teenage Mutant Ninja Turtles] [Non-Foil]",53880816468340,NM,3.99,3.99
14928457728372,tokka-rahzar-terrible-twos-171-teenage-mutant-ninja-turtles-non-foil,"Tokka & Rahzar, Terrible Twos [171] [Teenage Mutant Ninja Turtles] [Non-Foil]",53880816501108,PL,0.00,
14928459956596,the-cloning-of-shredder-60-teenage-mutant-ninja-turtles-non-foil,The Cloning of Shredder [60] [Teenage Mutant Ninja Turtles] [Non-Foil],53880820793716,NM,9.99,9.99
14928459956596,the-cloning-of-shredder-60-teenage-mutant-ninja-turtles-non-foil,The Cloning of Shredder [60] [Teenage Mutant Ninja Turtles] [Non-Foil],53880820826484,PL,0.00,
14928458023284,technodrome-179-teenage-mutant-ninja-turtles-foil,Technodrome [179] [Teenage Mutant Ninja Turtles] [Foil],53880817058164,NM,24.99,24.99
14928458023284,technodrome-179-teenage-mutant-ninja-turtles-foil,Technodrome [179] [Teenage Mutant Ninja Turtles] [Foil],53880817090932,PL,0.00,
14928457990516,the-ooze-177-teenage-mutant-ninja-turtles-non-foil,The Ooze [177] [Teenage Mutant Ninja Turtles] [Non-Foil],53880816992628,NM,5.99,5.99
14928457990516,the-ooze-177-teenage-mutant-ninja-turtles-non-foil,The Ooze [177] [Teenage Mutant Ninja Turtles] [Non-Foil],53880817025396,PL,0.00,
14928457957748,technodrome-179-teenage-mutant-ninja-turtles-non-foil,Technodrome [179] [Teenage Mutant Ninja Turtles] [Non-Foil],53880816927092,NM,19.99,19.99
14928457957748,technodrome-179-teenage-mutant-ninja-turtles-non-foil,Technodrome [179] [Teenage Mutant Ninja Turtles] [Non-Foil],53880816959860,PL,0.00,
14928457924980,the-ooze-177-teenage-mutant-ninja-turtles-foil,The Ooze [177] [Teenage Mutant Ninja Turtles] [Foil],53880816861556,NM,7.99,7.99
14928457924980,the-ooze-177-teenage-mutant-ninja-turtles-foil,The Ooze [177] [Teenage Mutant Ninja Turtles] [Foil],53880816894324,PL,0.00,
14928457204084,the-last-ronin-154-teenage-mutant-ninja-turtles-non-foil,The Last Ronin [154] [Teenage Mutant Ninja Turtles] [Non-Foil],53880815354228,NM,5.99,5.99
14928457204084,the-last-ronin-154-teenage-mutant-ninja-turtles-non-foil,The Last Ronin [154] [Teenage Mutant Ninja Turtles] [Non-Foil],53880815386996,PL,0.00,
14928457171316,the-last-ronin-154-teenage-mutant-ninja-turtles-foil,The Last Ronin [154] [Teenage Mutant Ninja Turtles] [Foil],53880815419764,NM,7.99,7.99
14928457171316,the-last-ronin-154-teenage-mutant-ninja-turtles-foil,The Last Ronin [154] [Teenage Mutant Ninja Turtles] [Foil],53880815452532,PL,0.00,
14928456712564,transdimensional-bovine-134-teenage-mutant-ninja-turtles-non-foil,Transdimensional Bovine [134] [Teenage Mutant Ninja Turtles] [Non-Foil],53880814436724,NM,3.99,3.99
14928456712564,transdimensional-bovine-134-teenage-mutant-ninja-turtles-non-foil,Transdimensional Bovine [134] [Teenage Mutant Ninja Turtles] [Non-Foil],53880814469492,PL,0.00,
14928456679796,transdimensional-bovine-134-teenage-mutant-ninja-turtles-foil,Transdimensional Bovine [134] [Teenage Mutant Ninja Turtles] [Foil],53880814371188,NM,4.99,4.99
14928456679796,transdimensional-bovine-134-teenage-mutant-ninja-turtles-foil,Transdimensional Bovine [134] [Teenage Mutant Ninja Turtles] [Foil],53880814403956,PL,0.00,
14953005810036,shredders-technique-77-teenage-mutant-ninja-turtles-non-foil,Shredder's Technique [77] [Teenage Mutant Ninja Turtles] [Non-Foil],53932883902836,NM,0.99,0.99
14953005810036,shredders-technique-77-teenage-mutant-ninja-turtles-non-foil,Shredder's Technique [77] [Teenage Mutant Ninja Turtles] [Non-Foil],53932883935604,PL,0.00,
14953005449588,shredders-technique-77-teenage-mutant-ninja-turtles-foil,Shredder's Technique [77] [Teenage Mutant Ninja Turtles] [Foil],53932882788724,NM,0.99,0.99
14953005449588,shredders-technique-77-teenage-mutant-ninja-turtles-foil,Shredder's Technique [77] [Teenage Mutant Ninja Turtles] [Foil],53932882821492,PL,0.00,
14953000534388,swamp-193-full-art-rooftop-basic-land-teenage-mutant-ninja-turtles-non-foil,Swamp [193] [Full Art] [Rooftop Basic Land] [Teenage Mutant Ninja Turtles] [Non-Foil],53932872860020,NM,0.99,0.99
14953000534388,swamp-193-full-art-rooftop-basic-land-teenage-mutant-ninja-turtles-non-foil,Swamp [193] [Full Art] [Rooftop Basic Land] [Teenage Mutant Ninja Turtles] [Non-Foil],53932872892788,PL,0.00,
14953000042868,spicy-oatmeal-pizza-109-teenage-mutant-ninja-turtles-non-foil,Spicy Oatmeal Pizza [109] [Teenage Mutant Ninja Turtles] [Non-Foil],53932872008052,NM,0.49,0.49
14953000042868,spicy-oatmeal-pizza-109-teenage-mutant-ninja-turtles-non-foil,Spicy Oatmeal Pizza [109] [Teenage Mutant Ninja Turtles] [Non-Foil],53932872040820,PL,0.00,
14928462020980,savanti-romero-times-exile-72-teenage-mutant-ninja-turtles-foil,"Savanti Romero, Time's Exile [72] [Teenage Mutant Ninja Turtles] [Foil]",53880823906676,NM,4.99,4.99
14928462020980,savanti-romero-times-exile-72-teenage-mutant-ninja-turtles-foil,"Savanti Romero, Time's Exile [72] [Teenage Mutant Ninja Turtles] [Foil]",53880823939444,PL,0.00,
14928461758836,savanti-romero-times-exile-72-teenage-mutant-ninja-turtles-non-foil,"Savanti Romero, Time's Exile [72] [Teenage Mutant Ninja Turtles] [Non-Foil]",53880823611764,NM,3.99,3.99
14928461758836,savanti-romero-times-exile-72-teenage-mutant-ninja-turtles-non-foil,"Savanti Romero, Time's Exile [72] [Teenage Mutant Ninja Turtles] [Non-Foil]",53880823644532,PL,0.00,
14928461169012,super-shredder-83-teenage-mutant-ninja-turtles-non-foil,Super Shredder [83] [Teenage Mutant Ninja Turtles] [Non-Foil],53880822923636,NM,44.99,44.99
14928461169012,super-shredder-83-teenage-mutant-ninja-turtles-non-foil,Super Shredder [83] [Teenage Mutant Ninja Turtles] [Non-Foil],53880822956404,PL,0.00,
14928460644724,super-shredder-83-teenage-mutant-ninja-turtles-foil,Super Shredder [83] [Teenage Mutant Ninja Turtles] [Foil],53880822006132,NM,54.99,54.99
14928460644724,super-shredder-83-teenage-mutant-ninja-turtles-foil,Super Shredder [83] [Teenage Mutant Ninja Turtles] [Foil],53880822038900,PL,0.00,
14928460579188,south-wind-avatar-78-teenage-mutant-ninja-turtles-non-foil,South Wind Avatar [78] [Teenage Mutant Ninja Turtles] [Non-Foil],53880821776756,NM,4.99,4.99
14928460579188,south-wind-avatar-78-teenage-mutant-ninja-turtles-non-foil,South Wind Avatar [78] [Teenage Mutant Ninja Turtles] [Non-Foil],53880821809524,PL,0.00,
14928458711412,swamp-255-full-art-pizza-basic-land-teenage-mutant-ninja-turtles-non-foil,Swamp [255] [Full Art] [Pizza Basic Land ] [Teenage Mutant Ninja Turtles] [Non-Foil],53880818499956,NM,0.99,0.99
14928458711412,swamp-255-full-art-pizza-basic-land-teenage-mutant-ninja-turtles-non-foil,Swamp [255] [Full Art] [Pizza Basic Land ] [Teenage Mutant Ninja Turtles] [Non-Foil],53880818532724,PL,0.00,
14928457859444,splinter-radical-rat-169-teenage-mutant-ninja-turtles-non-foil,"Splinter, Radical Rat [169] [Teenage Mutant Ninja Turtles] [Non-Foil]",53880816664948,NM,5.99,5.99
14928457859444,splinter-radical-rat-169-teenage-mutant-ninja-turtles-non-foil,"Splinter, Radical Rat [169] [Teenage Mutant Ninja Turtles] [Non-Foil]",53880816697716,PL,0.00,
14953004761460,shredders-revenge-76-teenage-mutant-ninja-turtles-non-foil,Shredder's Revenge [76] [Teenage Mutant Ninja Turtles] [Non-Foil],53932881248628,NM,0.49,0.49
14953004761460,shredders-revenge-76-teenage-mutant-ninja-turtles-non-foil,Shredder's Revenge [76] [Teenage Mutant Ninja Turtles] [Non-Foil],53932881281396,PL,0.00,
14953000501620,swamp-193-full-art-rooftop-basic-land-teenage-mutant-ninja-turtles-foil,Swamp [193] [Full Art] [Rooftop Basic Land] [Teenage Mutant Ninja Turtles] [Foil],53932872597876,NM,1.49,1.49
14953000501620,swamp-193-full-art-rooftop-basic-land-teenage-mutant-ninja-turtles-foil,Swamp [193] [Full Art] [Rooftop Basic Land] [Teenage Mutant Ninja Turtles] [Foil],53932872630644,PL,0.00,
14952999879028,raphael-tough-turtle-104-teenage-mutant-ninja-turtles-foil,"Raphael, Tough Turtle [104] [Teenage Mutant Ninja Turtles] [Foil]",53932871549300,NM,0.99,0.99
14952999879028,raphael-tough-turtle-104-teenage-mutant-ninja-turtles-foil,"Raphael, Tough Turtle [104] [Teenage Mutant Ninja Turtles] [Foil]",53932871582068,PL,0.00,
14952999846260,spicy-oatmeal-pizza-109-teenage-mutant-ninja-turtles-foil,Spicy Oatmeal Pizza [109] [Teenage Mutant Ninja Turtles] [Foil],53932871483764,NM,0.49,0.49
14952999846260,spicy-oatmeal-pizza-109-teenage-mutant-ninja-turtles-foil,Spicy Oatmeal Pizza [109] [Teenage Mutant Ninja Turtles] [Foil],53932871516532,PL,0.00,
14928460775796,splinters-technique-80-teenage-mutant-ninja-turtles-non-foil,Splinter's Technique [80] [Teenage Mutant Ninja Turtles] [Non-Foil],53880822202740,NM,12.99,12.99
14928460775796,splinters-technique-80-teenage-mutant-ninja-turtles-non-foil,Splinter's Technique [80] [Teenage Mutant Ninja Turtles] [Non-Foil],53880822235508,PL,0.00,
14928460546420,splinters-technique-80-teenage-mutant-ninja-turtles-foil,Splinter's Technique [80] [Teenage Mutant Ninja Turtles] [Foil],53880821907828,NM,14.99,14.99
14928460546420,splinters-technique-80-teenage-mutant-ninja-turtles-foil,Splinter's Technique [80] [Teenage Mutant Ninja Turtles] [Foil],53880821940596,PL,0.00,
14928460513652,south-wind-avatar-78-teenage-mutant-ninja-turtles-foil,South Wind Avatar [78] [Teenage Mutant Ninja Turtles] [Foil],53880821842292,NM,6.99,6.99
14928460513652,south-wind-avatar-78-teenage-mutant-ninja-turtles-foil,South Wind Avatar [78] [Teenage Mutant Ninja Turtles] [Foil],53880821875060,PL,0.00,
14928460349812,rat-king-verminister-71-teenage-mutant-ninja-turtles-foil,"Rat King, Verminister [71] [Teenage Mutant Ninja Turtles] [Foil]",53880821580148,NM,4.99,4.99
14928460349812,rat-king-verminister-71-teenage-mutant-ninja-turtles-foil,"Rat King, Verminister [71] [Teenage Mutant Ninja Turtles] [Foil]",53880821612916,PL,0.00,
14928460317044,rat-king-verminister-71-teenage-mutant-ninja-turtles-non-foil,"Rat King, Verminister [71] [Teenage Mutant Ninja Turtles] [Non-Foil]",53880821514612,NM,3.99,3.99
14928460317044,rat-king-verminister-71-teenage-mutant-ninja-turtles-non-foil,"Rat King, Verminister [71] [Teenage Mutant Ninja Turtles] [Non-Foil]",53880821547380,PL,0.00,
14928459989364,renet-temporal-apprentice-50-teenage-mutant-ninja-turtles-non-foil,"Renet, Temporal Apprentice [50] [Teenage Mutant Ninja Turtles] [Non-Foil]",53880820859252,NM,1.99,1.99
14928459989364,renet-temporal-apprentice-50-teenage-mutant-ninja-turtles-non-foil,"Renet, Temporal Apprentice [50] [Teenage Mutant Ninja Turtles] [Non-Foil]",53880820892020,PL,0.00,
14928458645876,swamp-255-full-art-pizza-basic-land-teenage-mutant-ninja-turtles-foil,Swamp [255] [Full Art] [Pizza Basic Land ] [Teenage Mutant Ninja Turtles] [Foil],53880818303348,NM,1.49,1.49
14928458645876,swamp-255-full-art-pizza-basic-land-teenage-mutant-ninja-turtles-foil,Swamp [255] [Full Art] [Pizza Basic Land ] [Teenage Mutant Ninja Turtles] [Foil],53880818336116,PL,0.00,
14928457597300,splinter-radical-rat-169-teenage-mutant-ninja-turtles-foil,"Splinter, Radical Rat [169] [Teenage Mutant Ninja Turtles] [Foil]",53880816206196,NM,7.99,7.99
14928457597300,splinter-radical-rat-169-teenage-mutant-ninja-turtles-foil,"Splinter, Radical Rat [169] [Teenage Mutant Ninja Turtles] [Foil]",53880816238964,PL,0.00,
14928455991668,ravenous-robots-106-teenage-mutant-ninja-turtles-foil,Ravenous Robots [106] [Teenage Mutant Ninja Turtles] [Foil],53880813027700,NM,6.99,6.99
14928455991668,ravenous-robots-106-teenage-mutant-ninja-turtles-foil,Ravenous Robots [106] [Teenage Mutant Ninja Turtles] [Foil],53880813060468,PL,0.00,
14928455958900,raphael-the-nightwatcher-103-teenage-mutant-ninja-turtles-non-foil,"Raphael, the Nightwatcher [103] [Teenage Mutant Ninja Turtles] [Non-Foil]",53880812962164,NM,7.99,7.99
14928455958900,raphael-the-nightwatcher-103-teenage-mutant-ninja-turtles-non-foil,"Raphael, the Nightwatcher [103] [Teenage Mutant Ninja Turtles] [Non-Foil]",53880812994932,PL,0.00,
14928455893364,raphael-the-nightwatcher-103-teenage-mutant-ninja-turtles-foil,"Raphael, the Nightwatcher [103] [Teenage Mutant Ninja Turtles] [Foil]",53880812896628,NM,9.99,9.99
14928455893364,raphael-the-nightwatcher-103-teenage-mutant-ninja-turtles-foil,"Raphael, the Nightwatcher [103] [Teenage Mutant Ninja Turtles] [Foil]",53880812929396,PL,0.00,
14928456122740,slash-reptile-rampager-108-teenage-mutant-ninja-turtles-foil,"Slash, Reptile Rampager [108] [Teenage Mutant Ninja Turtles] [Foil]",53880813289844,NM,12.99,12.99
14928456122740,slash-reptile-rampager-108-teenage-mutant-ninja-turtles-foil,"Slash, Reptile Rampager [108] [Teenage Mutant Ninja Turtles] [Foil]",53880813322612,PL,0.00,
14928456188276,slash-reptile-rampager-108-teenage-mutant-ninja-turtles-non-foil,"Slash, Reptile Rampager [108] [Teenage Mutant Ninja Turtles] [Non-Foil]",53880813420916,NM,9.99,9.99
14928456188276,slash-reptile-rampager-108-teenage-mutant-ninja-turtles-non-foil,"Slash, Reptile Rampager [108] [Teenage Mutant Ninja Turtles] [Non-Foil]",53880813453684,PL,0.00,
14928461103476,shark-shredder-killer-clone-73-teenage-mutant-ninja-turtles-non-foil,"Shark Shredder, Killer Clone [73] [Teenage Mutant Ninja Turtles] [Non-Foil]",53880822825332,NM,7.99,7.99
14928461103476,shark-shredder-killer-clone-73-teenage-mutant-ninja-turtles-non-foil,"Shark Shredder, Killer Clone [73] [Teenage Mutant Ninja Turtles] [Non-Foil]",53880822858100,PL,0.00,
14952999911796,raphael-tough-turtle-104-teenage-mutant-ninja-turtles-non-foil,"Raphael, Tough Turtle [104] [Teenage Mutant Ninja Turtles] [Non-Foil]",53932871614836,NM,0.75,0.75
14952999911796,raphael-tough-turtle-104-teenage-mutant-ninja-turtles-non-foil,"Raphael, Tough Turtle [104] [Teenage Mutant Ninja Turtles] [Non-Foil]",53932871647604,PL,0.00,
14732035785076,one-piece-extra-booster-one-piece-heroines-edition-booster-box,One Piece Extra Booster: One Piece Heroines Edition - Booster Box,52313686573428,Default Title,599.99,599.99
14928461070708,shark-shredder-killer-clone-73-teenage-mutant-ninja-turtles-foil,"Shark Shredder, Killer Clone [73] [Teenage Mutant Ninja Turtles] [Foil]",53880822759796,NM,9.99,9.99
14928461070708,shark-shredder-killer-clone-73-teenage-mutant-ninja-turtles-foil,"Shark Shredder, Killer Clone [73] [Teenage Mutant Ninja Turtles] [Foil]",53880822792564,PL,0.00,
14953005744500,shredders-revenge-76-teenage-mutant-ninja-turtles-foil,Shredder's Revenge [76] [Teenage Mutant Ninja Turtles] [Foil],53932883640692,NM,0.49,0.49
14953005744500,shredders-revenge-76-teenage-mutant-ninja-turtles-foil,Shredder's Revenge [76] [Teenage Mutant Ninja Turtles] [Foil],53932883673460,PL,0.00,
14928458482036,sally-pride-lioness-leader-24-teenage-mutant-ninja-turtles-non-foil,"Sally Pride, Lioness Leader [24] [Teenage Mutant Ninja Turtles] [Non-Foil]",53880817975668,NM,2.99,2.99
14928458482036,sally-pride-lioness-leader-24-teenage-mutant-ninja-turtles-non-foil,"Sally Pride, Lioness Leader [24] [Teenage Mutant Ninja Turtles] [Non-Foil]",53880818008436,PL,0.00,
14928458416500,sally-pride-lioness-leader-24-teenage-mutant-ninja-turtles-foil,"Sally Pride, Lioness Leader [24] [Teenage Mutant Ninja Turtles] [Foil]",53880817779060,NM,3.99,3.99
14928458416500,sally-pride-lioness-leader-24-teenage-mutant-ninja-turtles-foil,"Sally Pride, Lioness Leader [24] [Teenage Mutant Ninja Turtles] [Foil]",53880817811828,PL,0.00,
14928460153204,renet-temporal-apprentice-50-teenage-mutant-ninja-turtles-foil,"Renet, Temporal Apprentice [50] [Teenage Mutant Ninja Turtles] [Foil]",53880821121396,NM,2.99,2.99
14928460153204,renet-temporal-apprentice-50-teenage-mutant-ninja-turtles-foil,"Renet, Temporal Apprentice [50] [Teenage Mutant Ninja Turtles] [Foil]",53880821154164,PL,0.00,
14928456089972,ravenous-robots-106-teenage-mutant-ninja-turtles-non-foil,Ravenous Robots [106] [Teenage Mutant Ninja Turtles] [Non-Foil],53880813224308,NM,4.99,4.99
14928456089972,ravenous-robots-106-teenage-mutant-ninja-turtles-non-foil,Ravenous Robots [106] [Teenage Mutant Ninja Turtles] [Non-Foil],53880813257076,PL,0.00,
14928457630068,north-wind-avatar-162-teenage-mutant-ninja-turtles-non-foil,North Wind Avatar [162] [Teenage Mutant Ninja Turtles] [Non-Foil],53880816271732,NM,19.99,19.99
14928457630068,north-wind-avatar-162-teenage-mutant-ninja-turtles-non-foil,North Wind Avatar [162] [Teenage Mutant Ninja Turtles] [Non-Foil],53880816304500,PL,0.00,
14953000370548,plains-191-full-art-rooftop-basic-land-teenage-mutant-ninja-turtles-foil,Plains [191] [Full Art] [Rooftop Basic Land] [Teenage Mutant Ninja Turtles] [Foil],53932872466804,NM,1.49,1.49
14953000370548,plains-191-full-art-rooftop-basic-land-teenage-mutant-ninja-turtles-foil,Plains [191] [Full Art] [Rooftop Basic Land] [Teenage Mutant Ninja Turtles] [Foil],53932872499572,PL,0.00,
14928459858292,mondo-gecko-46-teenage-mutant-ninja-turtles-foil,Mondo Gecko [46] [Teenage Mutant Ninja Turtles] [Foil],53880820662644,NM,9.99,9.99
14928459858292,mondo-gecko-46-teenage-mutant-ninja-turtles-foil,Mondo Gecko [46] [Teenage Mutant Ninja Turtles] [Foil],53880820695412,PL,0.00,
14928456647028,party-dude-128-teenage-mutant-ninja-turtles-foil,Party Dude [128] [Teenage Mutant Ninja Turtles] [Foil],53880814174580,NM,8.99,8.99
14928456647028,party-dude-128-teenage-mutant-ninja-turtles-foil,Party Dude [128] [Teenage Mutant Ninja Turtles] [Foil],53880814207348,PL,0.00,
14928456614260,party-dude-128-teenage-mutant-ninja-turtles-non-foil,Party Dude [128] [Teenage Mutant Ninja Turtles] [Non-Foil],53880814305652,NM,6.99,6.99
14928456614260,party-dude-128-teenage-mutant-ninja-turtles-non-foil,Party Dude [128] [Teenage Mutant Ninja Turtles] [Non-Foil],53880814338420,PL,0.00,
14953000108404,mutant-chain-reaction-125-teenage-mutant-ninja-turtles-foil,Mutant Chain Reaction [125] [Teenage Mutant Ninja Turtles] [Foil],53932871876980,NM,0.49,0.49
14953000108404,mutant-chain-reaction-125-teenage-mutant-ninja-turtles-foil,Mutant Chain Reaction [125] [Teenage Mutant Ninja Turtles] [Foil],53932871909748,PL,0.00,
14928458252660,northampton-farm-188-teenage-mutant-ninja-turtles-non-foil,Northampton Farm [188] [Teenage Mutant Ninja Turtles] [Non-Foil],53880817516916,NM,2.99,2.99
14928458252660,northampton-farm-188-teenage-mutant-ninja-turtles-non-foil,Northampton Farm [188] [Teenage Mutant Ninja Turtles] [Non-Foil],53880817549684,PL,0.00,
14928458187124,northampton-farm-188-teenage-mutant-ninja-turtles-foil,Northampton Farm [188] [Teenage Mutant Ninja Turtles] [Foil],53880817451380,NM,3.99,3.99
14928458187124,northampton-farm-188-teenage-mutant-ninja-turtles-foil,Northampton Farm [188] [Teenage Mutant Ninja Turtles] [Foil],53880817484148,PL,0.00,
14928457367924,mikey-leo-chaos-order-158-teenage-mutant-ninja-turtles-non-foil,"Mikey & Leo, Chaos & Order [158] [Teenage Mutant Ninja Turtles] [Non-Foil]",53880815812980,NM,4.99,4.99
14928457367924,mikey-leo-chaos-order-158-teenage-mutant-ninja-turtles-non-foil,"Mikey & Leo, Chaos & Order [158] [Teenage Mutant Ninja Turtles] [Non-Foil]",53880815845748,PL,0.00,
14928456548724,mutagen-man-living-ooze-124-teenage-mutant-ninja-turtles-non-foil,"Mutagen Man, Living Ooze [124] [Teenage Mutant Ninja Turtles] [Non-Foil]",53880814109044,NM,7.99,7.99
14928456548724,mutagen-man-living-ooze-124-teenage-mutant-ninja-turtles-non-foil,"Mutagen Man, Living Ooze [124] [Teenage Mutant Ninja Turtles] [Non-Foil]",53880814141812,PL,0.00,
14928455926132,raphael-ninja-destroyer-102-teenage-mutant-ninja-turtles-foil,"Raphael, Ninja Destroyer [102] [Teenage Mutant Ninja Turtles] [Foil]",53880812765556,NM,8.99,8.99
14928455926132,raphael-ninja-destroyer-102-teenage-mutant-ninja-turtles-foil,"Raphael, Ninja Destroyer [102] [Teenage Mutant Ninja Turtles] [Foil]",53880812798324,PL,0.00,
14928455860596,raphael-ninja-destroyer-102-teenage-mutant-ninja-turtles-non-foil,"Raphael, Ninja Destroyer [102] [Teenage Mutant Ninja Turtles] [Non-Foil]",53880812831092,NM,6.99,6.99
14928455860596,raphael-ninja-destroyer-102-teenage-mutant-ninja-turtles-non-foil,"Raphael, Ninja Destroyer [102] [Teenage Mutant Ninja Turtles] [Non-Foil]",53880812863860,PL,0.00,
14953006236020,negate-47-teenage-mutant-ninja-turtles-non-foil,Negate [47] [Teenage Mutant Ninja Turtles] [Non-Foil],53932885541236,NM,0.49,0.49
14953006236020,negate-47-teenage-mutant-ninja-turtles-non-foil,Negate [47] [Teenage Mutant Ninja Turtles] [Non-Foil],53932885574004,PL,0.00,
14953006039412,hard-won-jitte-91-teenage-mutant-ninja-turtles-foil,Hard-Won Jitte [91] [Teenage Mutant Ninja Turtles] [Foil],53932884427124,NM,0.49,0.49
14953006039412,hard-won-jitte-91-teenage-mutant-ninja-turtles-foil,Hard-Won Jitte [91] [Teenage Mutant Ninja Turtles] [Foil],53932884459892,PL,0.00,
14928457269620,mikey-don-party-planners-157-teenage-mutant-ninja-turtles-non-foil,"Mikey & Don, Party Planners [157] [Teenage Mutant Ninja Turtles] [Non-Foil]",53880815550836,NM,7.99,7.99
14928457269620,mikey-don-party-planners-157-teenage-mutant-ninja-turtles-non-foil,"Mikey & Don, Party Planners [157] [Teenage Mutant Ninja Turtles] [Non-Foil]",53880815583604,PL,0.00,
14928456581492,mutagen-man-living-ooze-124-teenage-mutant-ninja-turtles-foil,"Mutagen Man, Living Ooze [124] [Teenage Mutant Ninja Turtles] [Foil]",53880814240116,NM,9.99,9.99
14928456581492,mutagen-man-living-ooze-124-teenage-mutant-ninja-turtles-foil,"Mutagen Man, Living Ooze [124] [Teenage Mutant Ninja Turtles] [Foil]",53880814272884,PL,0.00,
14953000141172,mutant-chain-reaction-125-teenage-mutant-ninja-turtles-non-foil,Mutant Chain Reaction [125] [Teenage Mutant Ninja Turtles] [Non-Foil],53932872073588,NM,0.49,0.49
14953000141172,mutant-chain-reaction-125-teenage-mutant-ninja-turtles-non-foil,Mutant Chain Reaction [125] [Teenage Mutant Ninja Turtles] [Non-Foil],53932872106356,PL,0.00,
14928459923828,mondo-gecko-46-teenage-mutant-ninja-turtles-non-foil,Mondo Gecko [46] [Teenage Mutant Ninja Turtles] [Non-Foil],53880820728180,NM,7.99,7.99
14928459923828,mondo-gecko-46-teenage-mutant-ninja-turtles-non-foil,Mondo Gecko [46] [Teenage Mutant Ninja Turtles] [Non-Foil],53880820760948,PL,0.00,
14928457302388,mikey-leo-chaos-order-158-teenage-mutant-ninja-turtles-foil,"Mikey & Leo, Chaos & Order [158] [Teenage Mutant Ninja Turtles] [Foil]",53880815616372,NM,5.99,5.99
14928457302388,mikey-leo-chaos-order-158-teenage-mutant-ninja-turtles-foil,"Mikey & Leo, Chaos & Order [158] [Teenage Mutant Ninja Turtles] [Foil]",53880815649140,PL,0.00,
14928456057204,raphaels-technique-105-teenage-mutant-ninja-turtles-non-foil,Raphael's Technique [105] [Teenage Mutant Ninja Turtles] [Non-Foil],53880813158772,NM,2.99,2.99
14928456057204,raphaels-technique-105-teenage-mutant-ninja-turtles-non-foil,Raphael's Technique [105] [Teenage Mutant Ninja Turtles] [Non-Foil],53880813191540,PL,0.00,
14928456024436,raphaels-technique-105-teenage-mutant-ninja-turtles-foil,Raphael's Technique [105] [Teenage Mutant Ninja Turtles] [Foil],53880813093236,NM,3.99,3.99
14928456024436,raphaels-technique-105-teenage-mutant-ninja-turtles-foil,Raphael's Technique [105] [Teenage Mutant Ninja Turtles] [Foil],53880813126004,PL,0.00,
14953005023604,negate-47-teenage-mutant-ninja-turtles-foil,Negate [47] [Teenage Mutant Ninja Turtles] [Foil],53932881805684,NM,0.49,0.49
14953005023604,negate-47-teenage-mutant-ninja-turtles-foil,Negate [47] [Teenage Mutant Ninja Turtles] [Foil],53932881838452,PL,0.00,
14953000665460,mountain-194-full-art-rooftop-basic-land-teenage-mutant-ninja-turtles-non-foil,Mountain [194] [Full Art] [Rooftop Basic Land] [Teenage Mutant Ninja Turtles] [Non-Foil],53932873122164,NM,0.99,0.99
14953000665460,mountain-194-full-art-rooftop-basic-land-teenage-mutant-ninja-turtles-non-foil,Mountain [194] [Full Art] [Rooftop Basic Land] [Teenage Mutant Ninja Turtles] [Non-Foil],53932873154932,PL,0.00,
14953000468852,plains-191-full-art-rooftop-basic-land-teenage-mutant-ninja-turtles-non-foil,Plains [191] [Full Art] [Rooftop Basic Land] [Teenage Mutant Ninja Turtles] [Non-Foil],53932872663412,NM,0.99,0.99
14953000468852,plains-191-full-art-rooftop-basic-land-teenage-mutant-ninja-turtles-non-foil,Plains [191] [Full Art] [Rooftop Basic Land] [Teenage Mutant Ninja Turtles] [Non-Foil],53932872696180,PL,0.00,
14928460251508,ninja-teen-67-teenage-mutant-ninja-turtles-foil,Ninja Teen [67] [Teenage Mutant Ninja Turtles] [Foil],53880821383540,NM,9.99,9.99
14928460251508,ninja-teen-67-teenage-mutant-ninja-turtles-foil,Ninja Teen [67] [Teenage Mutant Ninja Turtles] [Foil],53880821416308,PL,0.00,
14928458678644,mountain-256-full-art-pizza-basic-land-teenage-mutant-ninja-turtles-non-foil,Mountain [256] [Full Art] [Pizza Basic Land ] [Teenage Mutant Ninja Turtles] [Non-Foil],53880818368884,NM,0.99,0.99
14928458678644,mountain-256-full-art-pizza-basic-land-teenage-mutant-ninja-turtles-non-foil,Mountain [256] [Full Art] [Pizza Basic Land ] [Teenage Mutant Ninja Turtles] [Non-Foil],53880818401652,PL,0.00,
14928458580340,mountain-256-full-art-pizza-basic-land-teenage-mutant-ninja-turtles-foil,Mountain [256] [Full Art] [Pizza Basic Land ] [Teenage Mutant Ninja Turtles] [Foil],53880818237812,NM,1.49,1.49
14928458580340,mountain-256-full-art-pizza-basic-land-teenage-mutant-ninja-turtles-foil,Mountain [256] [Full Art] [Pizza Basic Land ] [Teenage Mutant Ninja Turtles] [Foil],53880818270580,PL,0.00,
14928457466228,north-wind-avatar-162-teenage-mutant-ninja-turtles-foil,North Wind Avatar [162] [Teenage Mutant Ninja Turtles] [Foil],53880816075124,NM,24.99,24.99
14928457466228,north-wind-avatar-162-teenage-mutant-ninja-turtles-foil,North Wind Avatar [162] [Teenage Mutant Ninja Turtles] [Foil],53880816107892,PL,0.00,
14928457335156,mikey-don-party-planners-157-teenage-mutant-ninja-turtles-foil,"Mikey & Don, Party Planners [157] [Teenage Mutant Ninja Turtles] [Foil]",53880815681908,NM,9.99,9.99
14928457335156,mikey-don-party-planners-157-teenage-mutant-ninja-turtles-foil,"Mikey & Don, Party Planners [157] [Teenage Mutant Ninja Turtles] [Foil]",53880815714676,PL,0.00,
14928456384884,michelangelo-weirdness-to-11-121-teenage-mutant-ninja-turtles-non-foil,"Michelangelo, Weirdness to 11 [121] [Teenage Mutant Ninja Turtles] [Non-Foil]",53880813814132,NM,8.99,8.99
14928456384884,michelangelo-weirdness-to-11-121-teenage-mutant-ninja-turtles-non-foil,"Michelangelo, Weirdness to 11 [121] [Teenage Mutant Ninja Turtles] [Non-Foil]",53880813846900,PL,0.00,
14928456319348,michelangelo-weirdness-to-11-121-teenage-mutant-ninja-turtles-foil,"Michelangelo, Weirdness to 11 [121] [Teenage Mutant Ninja Turtles] [Foil]",53880813748596,NM,11.99,11.99
14928456319348,michelangelo-weirdness-to-11-121-teenage-mutant-ninja-turtles-foil,"Michelangelo, Weirdness to 11 [121] [Teenage Mutant Ninja Turtles] [Foil]",53880813781364,PL,0.00,
14953000567156,mountain-194-full-art-rooftop-basic-land-teenage-mutant-ninja-turtles-foil,Mountain [194] [Full Art] [Rooftop Basic Land] [Teenage Mutant Ninja Turtles] [Foil],53932872925556,NM,1.49,1.49
14953000567156,mountain-194-full-art-rooftop-basic-land-teenage-mutant-ninja-turtles-foil,Mountain [194] [Full Art] [Rooftop Basic Land] [Teenage Mutant Ninja Turtles] [Foil],53932872958324,PL,0.00,
14928458547572,plains-253-full-art-pizza-basic-land-teenage-mutant-ninja-turtles-foil,Plains [253] [Full Art] [Pizza Basic Land ] [Teenage Mutant Ninja Turtles] [Foil],53880818106740,NM,1.49,1.49
14928458547572,plains-253-full-art-pizza-basic-land-teenage-mutant-ninja-turtles-foil,Plains [253] [Full Art] [Pizza Basic Land ] [Teenage Mutant Ninja Turtles] [Foil],53880818139508,PL,0.00,
14928458449268,prehistoric-pet-22-teenage-mutant-ninja-turtles-non-foil,Prehistoric Pet [22] [Teenage Mutant Ninja Turtles] [Non-Foil],53880817910132,NM,2.99,2.99
14928458449268,prehistoric-pet-22-teenage-mutant-ninja-turtles-non-foil,Prehistoric Pet [22] [Teenage Mutant Ninja Turtles] [Non-Foil],53880817942900,PL,0.00,
14928458383732,prehistoric-pet-22-teenage-mutant-ninja-turtles-foil,Prehistoric Pet [22] [Teenage Mutant Ninja Turtles] [Foil],53880817844596,NM,3.99,3.99
14928458383732,prehistoric-pet-22-teenage-mutant-ninja-turtles-foil,Prehistoric Pet [22] [Teenage Mutant Ninja Turtles] [Foil],53880817877364,PL,0.00,
14928457662836,raph-mikey-troublemakers-167-teenage-mutant-ninja-turtles-non-foil,"Raph & Mikey, Troublemakers [167] [Teenage Mutant Ninja Turtles] [Non-Foil]",53880816337268,NM,9.99,9.99
14928457662836,raph-mikey-troublemakers-167-teenage-mutant-ninja-turtles-non-foil,"Raph & Mikey, Troublemakers [167] [Teenage Mutant Ninja Turtles] [Non-Foil]",53880816370036,PL,0.00,
14928457564532,raph-mikey-troublemakers-167-teenage-mutant-ninja-turtles-foil,"Raph & Mikey, Troublemakers [167] [Teenage Mutant Ninja Turtles] [Foil]",53880816009588,NM,12.99,12.99
14928457564532,raph-mikey-troublemakers-167-teenage-mutant-ninja-turtles-foil,"Raph & Mikey, Troublemakers [167] [Teenage Mutant Ninja Turtles] [Foil]",53880816042356,PL,0.00,
14928457531764,raph-leo-sibling-rivals-166-teenage-mutant-ninja-turtles-foil,"Raph & Leo, Sibling Rivals [166] [Teenage Mutant Ninja Turtles] [Foil]",53880816140660,NM,4.99,4.99
14928457531764,raph-leo-sibling-rivals-166-teenage-mutant-ninja-turtles-foil,"Raph & Leo, Sibling Rivals [166] [Teenage Mutant Ninja Turtles] [Foil]",53880816173428,PL,0.00,
14928457498996,raph-leo-sibling-rivals-166-teenage-mutant-ninja-turtles-non-foil,"Raph & Leo, Sibling Rivals [166] [Teenage Mutant Ninja Turtles] [Non-Foil]",53880815944052,NM,3.99,3.99
14928457498996,raph-leo-sibling-rivals-166-teenage-mutant-ninja-turtles-non-foil,"Raph & Leo, Sibling Rivals [166] [Teenage Mutant Ninja Turtles] [Non-Foil]",53880815976820,PL,0.00,
14928456417652,michelangelo-improviser-119-teenage-mutant-ninja-turtles-foil,"Michelangelo, Improviser [119] [Teenage Mutant Ninja Turtles] [Foil]",53880813879668,NM,14.99,14.99
14928456417652,michelangelo-improviser-119-teenage-mutant-ninja-turtles-foil,"Michelangelo, Improviser [119] [Teenage Mutant Ninja Turtles] [Foil]",53880813912436,PL,0.00,
14928456286580,michelangelo-improviser-119-teenage-mutant-ninja-turtles-non-foil,"Michelangelo, Improviser [119] [Teenage Mutant Ninja Turtles] [Non-Foil]",53880813683060,NM,12.99,12.99
14928456286580,michelangelo-improviser-119-teenage-mutant-ninja-turtles-non-foil,"Michelangelo, Improviser [119] [Teenage Mutant Ninja Turtles] [Non-Foil]",53880813715828,PL,0.00,
14928460218740,madame-null-power-broker-66-teenage-mutant-ninja-turtles-non-foil,"Madame Null, Power Broker [66] [Teenage Mutant Ninja Turtles] [Non-Foil]",53880821318004,NM,2.99,2.99
14928460218740,madame-null-power-broker-66-teenage-mutant-ninja-turtles-non-foil,"Madame Null, Power Broker [66] [Teenage Mutant Ninja Turtles] [Non-Foil]",53880821350772,PL,0.00,
14928460185972,madame-null-power-broker-66-teenage-mutant-ninja-turtles-foil,"Madame Null, Power Broker [66] [Teenage Mutant Ninja Turtles] [Foil]",53880821252468,NM,3.99,3.99
14928460185972,madame-null-power-broker-66-teenage-mutant-ninja-turtles-foil,"Madame Null, Power Broker [66] [Teenage Mutant Ninja Turtles] [Foil]",53880821285236,PL,0.00,
14928458514804,plains-253-full-art-pizza-basic-land-teenage-mutant-ninja-turtles-non-foil,Plains [253] [Full Art] [Pizza Basic Land ] [Teenage Mutant Ninja Turtles] [Non-Foil],53880818041204,NM,0.99,0.99
14928458514804,plains-253-full-art-pizza-basic-land-teenage-mutant-ninja-turtles-non-foil,Plains [253] [Full Art] [Pizza Basic Land ] [Teenage Mutant Ninja Turtles] [Non-Foil],53880818073972,PL,0.00,
14928456483188,michelangelos-technique-122-teenage-mutant-ninja-turtles-non-foil,Michelangelo's Technique [122] [Teenage Mutant Ninja Turtles] [Non-Foil],53880814010740,NM,4.99,4.99
14928456483188,michelangelos-technique-122-teenage-mutant-ninja-turtles-non-foil,Michelangelo's Technique [122] [Teenage Mutant Ninja Turtles] [Non-Foil],53880814043508,PL,0.00,
14928456450420,michelangelos-technique-122-teenage-mutant-ninja-turtles-foil,Michelangelo's Technique [122] [Teenage Mutant Ninja Turtles] [Foil],53880813945204,NM,5.99,5.99
14928456450420,michelangelos-technique-122-teenage-mutant-ninja-turtles-foil,Michelangelo's Technique [122] [Teenage Mutant Ninja Turtles] [Foil],53880813977972,PL,0.00,
14953005089140,dimensional-exile-4-teenage-mutant-ninja-turtles-non-foil,Dimensional Exile [4] [Teenage Mutant Ninja Turtles] [Non-Foil],53932881871220,NM,0.49,0.49
14953005089140,dimensional-exile-4-teenage-mutant-ninja-turtles-non-foil,Dimensional Exile [4] [Teenage Mutant Ninja Turtles] [Non-Foil],53932881903988,PL,0.00,
14953000075636,courier-of-comestibles-112-teenage-mutant-ninja-turtles-foil,Courier of Comestibles [112] [Teenage Mutant Ninja Turtles] [Foil],53932871942516,NM,0.49,0.49
14953000075636,courier-of-comestibles-112-teenage-mutant-ninja-turtles-foil,Courier of Comestibles [112] [Teenage Mutant Ninja Turtles] [Foil],53932871975284,PL,0.00,
14953005416820,dimensional-exile-4-teenage-mutant-ninja-turtles-foil,Dimensional Exile [4] [Teenage Mutant Ninja Turtles] [Foil],53932882657652,NM,0.49,0.49
14953005416820,dimensional-exile-4-teenage-mutant-ninja-turtles-foil,Dimensional Exile [4] [Teenage Mutant Ninja Turtles] [Foil],53932882690420,PL,0.00,
14953000239476,foot-elite-146-teenage-mutant-ninja-turtles-foil,Foot Elite [146] [Teenage Mutant Ninja Turtles] [Foil],53932872728948,NM,0.29,0.29
14953000239476,foot-elite-146-teenage-mutant-ninja-turtles-foil,Foot Elite [146] [Teenage Mutant Ninja Turtles] [Foil],53932872761716,PL,0.00,
14928458350964,leonardos-technique-18-teenage-mutant-ninja-turtles-foil,Leonardo's Technique [18] [Teenage Mutant Ninja Turtles] [Foil],53880817713524,NM,7.99,7.99
14928458350964,leonardos-technique-18-teenage-mutant-ninja-turtles-foil,Leonardo's Technique [18] [Teenage Mutant Ninja Turtles] [Foil],53880817746292,PL,0.00,
14928456876404,leaders-talent-13-teenage-mutant-ninja-turtles-non-foil,Leader's Talent [13] [Teenage Mutant Ninja Turtles] [Non-Foil],53880814764404,NM,2.99,2.99
14928456876404,leaders-talent-13-teenage-mutant-ninja-turtles-non-foil,Leader's Talent [13] [Teenage Mutant Ninja Turtles] [Non-Foil],53880814797172,PL,0.00,
14928458056052,leonardo-sewer-samurai-17-teenage-mutant-ninja-turtles-foil,"Leonardo, Sewer Samurai [17] [Teenage Mutant Ninja Turtles] [Foil]",53880817189236,NM,14.99,14.99
14928458056052,leonardo-sewer-samurai-17-teenage-mutant-ninja-turtles-foil,"Leonardo, Sewer Samurai [17] [Teenage Mutant Ninja Turtles] [Foil]",53880817222004,PL,0.00,
14928457892212,krang-utrom-warlord-175-teenage-mutant-ninja-turtles-non-foil,"Krang, Utrom Warlord [175] [Teenage Mutant Ninja Turtles] [Non-Foil]",53880816796020,NM,49.99,49.99
14928457892212,krang-utrom-warlord-175-teenage-mutant-ninja-turtles-non-foil,"Krang, Utrom Warlord [175] [Teenage Mutant Ninja Turtles] [Non-Foil]",53880816828788,PL,0.00,
14928457400692,leonardo-cutting-edge-15-teenage-mutant-ninja-turtles-non-foil,"Leonardo, Cutting Edge [15] [Teenage Mutant Ninja Turtles] [Non-Foil]",53880815747444,NM,7.99,7.99
14928457400692,leonardo-cutting-edge-15-teenage-mutant-ninja-turtles-non-foil,"Leonardo, Cutting Edge [15] [Teenage Mutant Ninja Turtles] [Non-Foil]",53880815780212,PL,0.00,
14953000403316,karai-future-of-the-foot-151-teenage-mutant-ninja-turtles-non-foil,"Karai, Future of the Foot [151] [Teenage Mutant Ninja Turtles] [Non-Foil]",53932872532340,NM,0.49,0.49
14953000403316,karai-future-of-the-foot-151-teenage-mutant-ninja-turtles-non-foil,"Karai, Future of the Foot [151] [Teenage Mutant Ninja Turtles] [Non-Foil]",53932872565108,PL,0.00,
14928459825524,krang-master-mind-43-teenage-mutant-ninja-turtles-non-foil,"Krang, Master Mind [43] [Teenage Mutant Ninja Turtles] [Non-Foil]",53880820531572,NM,7.99,7.99
14928459825524,krang-master-mind-43-teenage-mutant-ninja-turtles-non-foil,"Krang, Master Mind [43] [Teenage Mutant Ninja Turtles] [Non-Foil]",53880820564340,PL,0.00,
14928458088820,leonardo-sewer-samurai-17-teenage-mutant-ninja-turtles-non-foil,"Leonardo, Sewer Samurai [17] [Teenage Mutant Ninja Turtles] [Non-Foil]",53880817123700,NM,12.99,12.99
14928458088820,leonardo-sewer-samurai-17-teenage-mutant-ninja-turtles-non-foil,"Leonardo, Sewer Samurai [17] [Teenage Mutant Ninja Turtles] [Non-Foil]",53880817156468,PL,0.00,
14928457433460,leonardo-cutting-edge-15-teenage-mutant-ninja-turtles-foil,"Leonardo, Cutting Edge [15] [Teenage Mutant Ninja Turtles] [Foil]",53880815878516,NM,9.99,9.99
14928457433460,leonardo-cutting-edge-15-teenage-mutant-ninja-turtles-foil,"Leonardo, Cutting Edge [15] [Teenage Mutant Ninja Turtles] [Foil]",53880815911284,PL,0.00,
14928456352116,leatherhead-swamp-stalker-117-teenage-mutant-ninja-turtles-non-foil,"Leatherhead, Swamp Stalker [117] [Teenage Mutant Ninja Turtles] [Non-Foil]",53880813617524,NM,4.99,4.99
14928456352116,leatherhead-swamp-stalker-117-teenage-mutant-ninja-turtles-non-foil,"Leatherhead, Swamp Stalker [117] [Teenage Mutant Ninja Turtles] [Non-Foil]",53880813650292,PL,0.00,
14928456253812,leatherhead-swamp-stalker-117-teenage-mutant-ninja-turtles-foil,"Leatherhead, Swamp Stalker [117] [Teenage Mutant Ninja Turtles] [Foil]",53880813551988,NM,5.99,5.99
14928456253812,leatherhead-swamp-stalker-117-teenage-mutant-ninja-turtles-foil,"Leatherhead, Swamp Stalker [117] [Teenage Mutant Ninja Turtles] [Foil]",53880813584756,PL,0.00,
14928459661684,krang-master-mind-43-teenage-mutant-ninja-turtles-foil,"Krang, Master Mind [43] [Teenage Mutant Ninja Turtles] [Foil]",53880820302196,NM,9.99,9.99
14928459661684,krang-master-mind-43-teenage-mutant-ninja-turtles-foil,"Krang, Master Mind [43] [Teenage Mutant Ninja Turtles] [Foil]",53880820334964,PL,0.00,
14928458285428,leonardos-technique-18-teenage-mutant-ninja-turtles-non-foil,Leonardo's Technique [18] [Teenage Mutant Ninja Turtles] [Non-Foil],53880817582452,NM,6.99,6.99
14928458285428,leonardos-technique-18-teenage-mutant-ninja-turtles-non-foil,Leonardo's Technique [18] [Teenage Mutant Ninja Turtles] [Non-Foil],53880817615220,PL,0.00,
14928457793908,krang-utrom-warlord-175-teenage-mutant-ninja-turtles-foil,"Krang, Utrom Warlord [175] [Teenage Mutant Ninja Turtles] [Foil]",53880816599412,NM,59.99,59.99
14928457793908,krang-utrom-warlord-175-teenage-mutant-ninja-turtles-foil,"Krang, Utrom Warlord [175] [Teenage Mutant Ninja Turtles] [Foil]",53880816632180,PL,0.00,
14928456810868,leaders-talent-13-teenage-mutant-ninja-turtles-foil,Leader's Talent [13] [Teenage Mutant Ninja Turtles] [Foil],53880814633332,NM,3.99,3.99
14928456810868,leaders-talent-13-teenage-mutant-ninja-turtles-foil,Leader's Talent [13] [Teenage Mutant Ninja Turtles] [Foil],53880814666100,PL,0.00,
14953000010100,cowabunga-113-teenage-mutant-ninja-turtles-foil,Cowabunga! [113] [Teenage Mutant Ninja Turtles] [Foil],53932871811444,NM,0.49,0.49
14953000010100,cowabunga-113-teenage-mutant-ninja-turtles-foil,Cowabunga! [113] [Teenage Mutant Ninja Turtles] [Foil],53932871844212,PL,0.00,
14928457138548,krang-shredder-153-teenage-mutant-ninja-turtles-non-foil,Krang & Shredder [153] [Teenage Mutant Ninja Turtles] [Non-Foil],53880815288692,NM,4.99,4.99
14928457138548,krang-shredder-153-teenage-mutant-ninja-turtles-non-foil,Krang & Shredder [153] [Teenage Mutant Ninja Turtles] [Non-Foil],53880815321460,PL,0.00,
14928460972404,casey-jones-vigilante-88-teenage-mutant-ninja-turtles-non-foil,"Casey Jones, Vigilante [88] [Teenage Mutant Ninja Turtles] [Non-Foil]",53880822595956,NM,3.99,3.99
14928460972404,casey-jones-vigilante-88-teenage-mutant-ninja-turtles-non-foil,"Casey Jones, Vigilante [88] [Teenage Mutant Ninja Turtles] [Non-Foil]",53880822628724,PL,0.00,
14928459694452,kitsune-dragons-daughter-41-teenage-mutant-ninja-turtles-non-foil,"Kitsune, Dragon's Daughter [41] [Teenage Mutant Ninja Turtles] [Non-Foil]",53880820236660,NM,1.99,1.99
14928459694452,kitsune-dragons-daughter-41-teenage-mutant-ninja-turtles-non-foil,"Kitsune, Dragon's Daughter [41] [Teenage Mutant Ninja Turtles] [Non-Foil]",53880820269428,PL,0.00,
14928459301236,does-machines-34-teenage-mutant-ninja-turtles-foil,Does Machines [34] [Teenage Mutant Ninja Turtles] [Foil],53880819581300,NM,5.99,5.99
14928459301236,does-machines-34-teenage-mutant-ninja-turtles-foil,Does Machines [34] [Teenage Mutant Ninja Turtles] [Foil],53880819614068,PL,0.00,
14928458744180,island-254-full-art-pizza-basic-land-teenage-mutant-ninja-turtles-non-foil,Island [254] [Full Art] [Pizza Basic Land ] [Teenage Mutant Ninja Turtles] [Non-Foil],53880818434420,NM,0.99,0.99
14928458744180,island-254-full-art-pizza-basic-land-teenage-mutant-ninja-turtles-non-foil,Island [254] [Full Art] [Pizza Basic Land ] [Teenage Mutant Ninja Turtles] [Non-Foil],53880818467188,PL,0.00,
14928456941940,dark-leo-shredder-142-teenage-mutant-ninja-turtles-non-foil,Dark Leo & Shredder [142] [Teenage Mutant Ninja Turtles] [Non-Foil],53880815026548,NM,11.99,11.99
14928456941940,dark-leo-shredder-142-teenage-mutant-ninja-turtles-non-foil,Dark Leo & Shredder [142] [Teenage Mutant Ninja Turtles] [Non-Foil],53880815059316,PL,0.00,
14953000599924,island-192-full-art-rooftop-basic-land-teenage-mutant-ninja-turtles-non-foil,Island [192] [Full Art] [Rooftop Basic Land] [Teenage Mutant Ninja Turtles] [Non-Foil],53932872991092,NM,0.99,0.99
14953000599924,island-192-full-art-rooftop-basic-land-teenage-mutant-ninja-turtles-non-foil,Island [192] [Full Art] [Rooftop Basic Land] [Teenage Mutant Ninja Turtles] [Non-Foil],53932873023860,PL,0.00,
14928460874100,cool-but-rude-89-teenage-mutant-ninja-turtles-non-foil,Cool but Rude [89] [Teenage Mutant Ninja Turtles] [Non-Foil],53880822399348,NM,9.99,9.99
14928460874100,cool-but-rude-89-teenage-mutant-ninja-turtles-non-foil,Cool but Rude [89] [Teenage Mutant Ninja Turtles] [Non-Foil],53880822432116,PL,0.00,
14953000436084,island-192-full-art-rooftop-basic-land-teenage-mutant-ninja-turtles-foil,Island [192] [Full Art] [Rooftop Basic Land] [Teenage Mutant Ninja Turtles] [Foil],53932872794484,NM,1.49,1.49
14953000436084,island-192-full-art-rooftop-basic-land-teenage-mutant-ninja-turtles-foil,Island [192] [Full Art] [Rooftop Basic Land] [Teenage Mutant Ninja Turtles] [Foil],53932872827252,PL,0.00,
14952999944564,courier-of-comestibles-112-teenage-mutant-ninja-turtles-non-foil,Courier of Comestibles [112] [Teenage Mutant Ninja Turtles] [Non-Foil],53932871680372,NM,0.49,0.49
14952999944564,courier-of-comestibles-112-teenage-mutant-ninja-turtles-non-foil,Courier of Comestibles [112] [Teenage Mutant Ninja Turtles] [Non-Foil],53932871713140,PL,0.00,
14928460808564,casey-jones-vigilante-88-teenage-mutant-ninja-turtles-foil,"Casey Jones, Vigilante [88] [Teenage Mutant Ninja Turtles] [Foil]",53880822268276,NM,4.99,4.99
14928460808564,casey-jones-vigilante-88-teenage-mutant-ninja-turtles-foil,"Casey Jones, Vigilante [88] [Teenage Mutant Ninja Turtles] [Foil]",53880822301044,PL,0.00,
14928459334004,donatello-gadget-master-35-teenage-mutant-ninja-turtles-foil,"Donatello, Gadget Master [35] [Teenage Mutant Ninja Turtles] [Foil]",53880819712372,NM,5.99,5.99
14928459334004,donatello-gadget-master-35-teenage-mutant-ninja-turtles-foil,"Donatello, Gadget Master [35] [Teenage Mutant Ninja Turtles] [Foil]",53880819745140,PL,0.00,
14928456221044,groundchuck-dirtbag-115-teenage-mutant-ninja-turtles-foil,Groundchuck & Dirtbag [115] [Teenage Mutant Ninja Turtles] [Foil],53880813486452,NM,8.99,8.99
14928456221044,groundchuck-dirtbag-115-teenage-mutant-ninja-turtles-foil,Groundchuck & Dirtbag [115] [Teenage Mutant Ninja Turtles] [Foil],53880813519220,PL,0.00,
14953000763764,action-news-crew-1-teenage-mutant-ninja-turtles-non-foil,Action News Crew [1] [Teenage Mutant Ninja Turtles] [Non-Foil],53932873253236,NM,0.49,0.49
14953000763764,action-news-crew-1-teenage-mutant-ninja-turtles-non-foil,Action News Crew [1] [Teenage Mutant Ninja Turtles] [Non-Foil],53932873286004,PL,0.00,
14953000730996,forest-195-full-art-rooftop-basic-land-teenage-mutant-ninja-turtles-non-foil,Forest [195] [Full Art] [Rooftop Basic Land] [Teenage Mutant Ninja Turtles] [Non-Foil],53932873318772,NM,0.99,0.99
14953000730996,forest-195-full-art-rooftop-basic-land-teenage-mutant-ninja-turtles-non-foil,Forest [195] [Full Art] [Rooftop Basic Land] [Teenage Mutant Ninja Turtles] [Non-Foil],53932873351540,PL,0.00,
14953000698228,forest-195-full-art-rooftop-basic-land-teenage-mutant-ninja-turtles-foil,Forest [195] [Full Art] [Rooftop Basic Land] [Teenage Mutant Ninja Turtles] [Foil],53932873187700,NM,1.49,1.49
14953000698228,forest-195-full-art-rooftop-basic-land-teenage-mutant-ninja-turtles-foil,Forest [195] [Full Art] [Rooftop Basic Land] [Teenage Mutant Ninja Turtles] [Foil],53932873220468,PL,0.00,
14953000632692,genghis-frog-148-teenage-mutant-ninja-turtles-non-foil,Genghis Frog [148] [Teenage Mutant Ninja Turtles] [Non-Foil],53932873056628,NM,0.49,0.49
14953000632692,genghis-frog-148-teenage-mutant-ninja-turtles-non-foil,Genghis Frog [148] [Teenage Mutant Ninja Turtles] [Non-Foil],53932873089396,PL,0.00,
14953000272244,genghis-frog-148-teenage-mutant-ninja-turtles-foil,Genghis Frog [148] [Teenage Mutant Ninja Turtles] [Foil],53932872270196,NM,0.49,0.49
14953000272244,genghis-frog-148-teenage-mutant-ninja-turtles-foil,Genghis Frog [148] [Teenage Mutant Ninja Turtles] [Foil],53932872302964,PL,0.00,
14928460841332,improvised-arsenal-92-teenage-mutant-ninja-turtles-foil,Improvised Arsenal [92] [Teenage Mutant Ninja Turtles] [Foil],53880822333812,NM,5.99,5.99
14928460841332,improvised-arsenal-92-teenage-mutant-ninja-turtles-foil,Improvised Arsenal [92] [Teenage Mutant Ninja Turtles] [Foil],53880822366580,PL,0.00,
14928460022132,armaggon-future-shark-58-teenage-mutant-ninja-turtles-foil,"Armaggon, Future Shark [58] [Teenage Mutant Ninja Turtles] [Foil]",53880820924788,NM,2.49,2.49
14928460022132,armaggon-future-shark-58-teenage-mutant-ninja-turtles-foil,"Armaggon, Future Shark [58] [Teenage Mutant Ninja Turtles] [Foil]",53880820957556,PL,0.00,
14928459530612,donatello-gadget-master-35-teenage-mutant-ninja-turtles-non-foil,"Donatello, Gadget Master [35] [Teenage Mutant Ninja Turtles] [Non-Foil]",53880819908980,NM,4.99,4.99
14928459530612,donatello-gadget-master-35-teenage-mutant-ninja-turtles-non-foil,"Donatello, Gadget Master [35] [Teenage Mutant Ninja Turtles] [Non-Foil]",53880819941748,PL,0.00,
14928458875252,forest-257-full-art-pizza-basic-land-teenage-mutant-ninja-turtles-non-foil,Forest [257] [Full Art] [Pizza Basic Land ] [Teenage Mutant Ninja Turtles] [Non-Foil],53880818565492,NM,0.99,0.99
14928458875252,forest-257-full-art-pizza-basic-land-teenage-mutant-ninja-turtles-non-foil,Forest [257] [Full Art] [Pizza Basic Land ] [Teenage Mutant Ninja Turtles] [Non-Foil],53880818598260,PL,0.00,
14928457695604,chrome-dome-172-teenage-mutant-ninja-turtles-foil,Chrome Dome [172] [Teenage Mutant Ninja Turtles] [Foil],53880816402804,NM,4.99,4.99
14928457695604,chrome-dome-172-teenage-mutant-ninja-turtles-foil,Chrome Dome [172] [Teenage Mutant Ninja Turtles] [Foil],53880816435572,PL,0.00,
14928457073012,don-raph-hard-science-144-teenage-mutant-ninja-turtles-non-foil,"Don & Raph, Hard Science [144] [Teenage Mutant Ninja Turtles] [Non-Foil]",53880815157620,NM,1.99,1.99
14928457073012,don-raph-hard-science-144-teenage-mutant-ninja-turtles-non-foil,"Don & Raph, Hard Science [144] [Teenage Mutant Ninja Turtles] [Non-Foil]",53880815190388,PL,0.00,
14928456974708,bebop-rocksteady-140-teenage-mutant-ninja-turtles-foil,Bebop & Rocksteady [140] [Teenage Mutant Ninja Turtles] [Foil],53880814961012,NM,3.99,3.99
14928456974708,bebop-rocksteady-140-teenage-mutant-ninja-turtles-foil,Bebop & Rocksteady [140] [Teenage Mutant Ninja Turtles] [Foil],53880814993780,PL,0.00,
14952999977332,cowabunga-113-teenage-mutant-ninja-turtles-non-foil,Cowabunga! [113] [Teenage Mutant Ninja Turtles] [Non-Foil],53932871745908,NM,0.49,0.49
14952999977332,cowabunga-113-teenage-mutant-ninja-turtles-non-foil,Cowabunga! [113] [Teenage Mutant Ninja Turtles] [Non-Foil],53932871778676,PL,0.00,
14928461332852,broadcast-takeover-86-teenage-mutant-ninja-turtles-foil,Broadcast Takeover [86] [Teenage Mutant Ninja Turtles] [Foil],53880823120244,NM,13.99,13.99
14928461332852,broadcast-takeover-86-teenage-mutant-ninja-turtles-foil,Broadcast Takeover [86] [Teenage Mutant Ninja Turtles] [Foil],53880823153012,PL,0.00,
14928460087668,armaggon-future-shark-58-teenage-mutant-ninja-turtles-non-foil,"Armaggon, Future Shark [58] [Teenage Mutant Ninja Turtles] [Non-Foil]",53880821055860,NM,1.99,1.99
14928460087668,armaggon-future-shark-58-teenage-mutant-ninja-turtles-non-foil,"Armaggon, Future Shark [58] [Teenage Mutant Ninja Turtles] [Non-Foil]",53880821088628,PL,0.00,
14928461037940,cool-but-rude-89-teenage-mutant-ninja-turtles-foil,Cool but Rude [89] [Teenage Mutant Ninja Turtles] [Foil],53880822694260,NM,11.99,11.99
14928461037940,cool-but-rude-89-teenage-mutant-ninja-turtles-foil,Cool but Rude [89] [Teenage Mutant Ninja Turtles] [Foil],53880822727028,PL,0.00,
14928460939636,improvised-arsenal-92-teenage-mutant-ninja-turtles-non-foil,Improvised Arsenal [92] [Teenage Mutant Ninja Turtles] [Non-Foil],53880822530420,NM,4.99,4.99
14928460939636,improvised-arsenal-92-teenage-mutant-ninja-turtles-non-foil,Improvised Arsenal [92] [Teenage Mutant Ninja Turtles] [Non-Foil],53880822563188,PL,0.00,
14928459628916,donatello-mutant-mechanic-36-teenage-mutant-ninja-turtles-non-foil,"Donatello, Mutant Mechanic [36] [Teenage Mutant Ninja Turtles] [Non-Foil]",53880820171124,NM,12.99,12.99
14928459628916,donatello-mutant-mechanic-36-teenage-mutant-ninja-turtles-non-foil,"Donatello, Mutant Mechanic [36] [Teenage Mutant Ninja Turtles] [Non-Foil]",53880820203892,PL,0.00,
14928458973556,april-oneil-hacktivist-29-teenage-mutant-ninja-turtles-foil,"April O'Neil, Hacktivist [29] [Teenage Mutant Ninja Turtles] [Foil]",53880818860404,NM,1.99,1.99
14928458973556,april-oneil-hacktivist-29-teenage-mutant-ninja-turtles-foil,"April O'Neil, Hacktivist [29] [Teenage Mutant Ninja Turtles] [Foil]",53880818893172,PL,0.00,
14928456909172,dark-leo-shredder-142-teenage-mutant-ninja-turtles-foil,Dark Leo & Shredder [142] [Teenage Mutant Ninja Turtles] [Foil],53880814829940,NM,14.99,14.99
14928456909172,dark-leo-shredder-142-teenage-mutant-ninja-turtles-foil,Dark Leo & Shredder [142] [Teenage Mutant Ninja Turtles] [Foil],53880814862708,PL,0.00,
14953006072180,hard-won-jitte-91-teenage-mutant-ninja-turtles-non-foil,Hard-Won Jitte [91] [Teenage Mutant Ninja Turtles] [Non-Foil],53932884656500,NM,0.49,0.49
14953006072180,hard-won-jitte-91-teenage-mutant-ninja-turtles-non-foil,Hard-Won Jitte [91] [Teenage Mutant Ninja Turtles] [Non-Foil],53932884689268,PL,0.00,
14953000862068,action-news-crew-1-teenage-mutant-ninja-turtles-foil,Action News Crew [1] [Teenage Mutant Ninja Turtles] [Foil],53932873711988,NM,0.49,0.49
14953000862068,action-news-crew-1-teenage-mutant-ninja-turtles-foil,Action News Crew [1] [Teenage Mutant Ninja Turtles] [Foil],53932873744756,PL,0.00,
14953000337780,karai-future-of-the-foot-151-teenage-mutant-ninja-turtles-foil,"Karai, Future of the Foot [151] [Teenage Mutant Ninja Turtles] [Foil]",53932872401268,NM,0.49,0.49
14953000337780,karai-future-of-the-foot-151-teenage-mutant-ninja-turtles-foil,"Karai, Future of the Foot [151] [Teenage Mutant Ninja Turtles] [Foil]",53932872434036,PL,0.00,
14953000305012,foot-elite-146-teenage-mutant-ninja-turtles-non-foil,Foot Elite [146] [Teenage Mutant Ninja Turtles] [Non-Foil],53932872335732,NM,0.29,0.29
14953000305012,foot-elite-146-teenage-mutant-ninja-turtles-non-foil,Foot Elite [146] [Teenage Mutant Ninja Turtles] [Non-Foil],53932872368500,PL,0.00,
14928461398388,broadcast-takeover-86-teenage-mutant-ninja-turtles-non-foil,Broadcast Takeover [86] [Teenage Mutant Ninja Turtles] [Non-Foil],53880823218548,NM,9.99,9.99
14928461398388,broadcast-takeover-86-teenage-mutant-ninja-turtles-non-foil,Broadcast Takeover [86] [Teenage Mutant Ninja Turtles] [Non-Foil],53880823251316,PL,0.00,
14928460906868,casey-jones-jury-rig-justiciar-87-teenage-mutant-ninja-turtles-foil,"Casey Jones, Jury-Rig Justiciar [87] [Teenage Mutant Ninja Turtles] [Foil]",53880822464884,NM,1.49,1.49
14928460906868,casey-jones-jury-rig-justiciar-87-teenage-mutant-ninja-turtles-foil,"Casey Jones, Jury-Rig Justiciar [87] [Teenage Mutant Ninja Turtles] [Foil]",53880822497652,PL,0.00,
14928460743028,casey-jones-jury-rig-justiciar-87-teenage-mutant-ninja-turtles-non-foil,"Casey Jones, Jury-Rig Justiciar [87] [Teenage Mutant Ninja Turtles] [Non-Foil]",53880822137204,NM,0.99,0.99
14928460743028,casey-jones-jury-rig-justiciar-87-teenage-mutant-ninja-turtles-non-foil,"Casey Jones, Jury-Rig Justiciar [87] [Teenage Mutant Ninja Turtles] [Non-Foil]",53880822169972,PL,0.00,
14928459759988,kitsunes-technique-42-teenage-mutant-ninja-turtles-non-foil,Kitsune's Technique [42] [Teenage Mutant Ninja Turtles] [Non-Foil],53880820433268,NM,7.99,7.99
14928459759988,kitsunes-technique-42-teenage-mutant-ninja-turtles-non-foil,Kitsune's Technique [42] [Teenage Mutant Ninja Turtles] [Non-Foil],53880820466036,PL,0.00,
14928459727220,kitsune-dragons-daughter-41-teenage-mutant-ninja-turtles-foil,"Kitsune, Dragon's Daughter [41] [Teenage Mutant Ninja Turtles] [Foil]",53880820367732,NM,2.99,2.99
14928459727220,kitsune-dragons-daughter-41-teenage-mutant-ninja-turtles-foil,"Kitsune, Dragon's Daughter [41] [Teenage Mutant Ninja Turtles] [Foil]",53880820400500,PL,0.00,
14928459596148,kitsunes-technique-42-teenage-mutant-ninja-turtles-foil,Kitsune's Technique [42] [Teenage Mutant Ninja Turtles] [Foil],53880820105588,NM,9.99,9.99
14928459596148,kitsunes-technique-42-teenage-mutant-ninja-turtles-foil,Kitsune's Technique [42] [Teenage Mutant Ninja Turtles] [Foil],53880820138356,PL,0.00,
14928459563380,donatello-mutant-mechanic-36-teenage-mutant-ninja-turtles-foil,"Donatello, Mutant Mechanic [36] [Teenage Mutant Ninja Turtles] [Foil]",53880819974516,NM,14.99,14.99
14928459563380,donatello-mutant-mechanic-36-teenage-mutant-ninja-turtles-foil,"Donatello, Mutant Mechanic [36] [Teenage Mutant Ninja Turtles] [Foil]",53880820007284,PL,0.00,
14928459465076,does-machines-34-teenage-mutant-ninja-turtles-non-foil,Does Machines [34] [Teenage Mutant Ninja Turtles] [Non-Foil],53880819843444,NM,4.99,4.99
14928459465076,does-machines-34-teenage-mutant-ninja-turtles-non-foil,Does Machines [34] [Teenage Mutant Ninja Turtles] [Non-Foil],53880819876212,PL,0.00,
14928458776948,forest-257-full-art-pizza-basic-land-teenage-mutant-ninja-turtles-foil,Forest [257] [Full Art] [Pizza Basic Land ] [Teenage Mutant Ninja Turtles] [Foil],53880818762100,NM,1.49,1.49
14928458776948,forest-257-full-art-pizza-basic-land-teenage-mutant-ninja-turtles-foil,Forest [257] [Full Art] [Pizza Basic Land ] [Teenage Mutant Ninja Turtles] [Foil],53880818794868,PL,0.00,
14928458613108,island-254-full-art-pizza-basic-land-teenage-mutant-ninja-turtles-foil,Island [254] [Full Art] [Pizza Basic Land ] [Teenage Mutant Ninja Turtles] [Foil],53880818172276,NM,1.49,1.49
14928458613108,island-254-full-art-pizza-basic-land-teenage-mutant-ninja-turtles-foil,Island [254] [Full Art] [Pizza Basic Land ] [Teenage Mutant Ninja Turtles] [Foil],53880818205044,PL,0.00,
14928457826676,chrome-dome-172-teenage-mutant-ninja-turtles-non-foil,Chrome Dome [172] [Teenage Mutant Ninja Turtles] [Non-Foil],53880816730484,NM,3.99,3.99
14928457826676,chrome-dome-172-teenage-mutant-ninja-turtles-non-foil,Chrome Dome [172] [Teenage Mutant Ninja Turtles] [Non-Foil],53880816763252,PL,0.00,
14928457105780,krang-shredder-153-teenage-mutant-ninja-turtles-foil,Krang & Shredder [153] [Teenage Mutant Ninja Turtles] [Foil],53880815223156,NM,5.99,5.99
14928457105780,krang-shredder-153-teenage-mutant-ninja-turtles-foil,Krang & Shredder [153] [Teenage Mutant Ninja Turtles] [Foil],53880815255924,PL,0.00,
14928457040244,don-raph-hard-science-144-teenage-mutant-ninja-turtles-foil,"Don & Raph, Hard Science [144] [Teenage Mutant Ninja Turtles] [Foil]",53880815092084,NM,2.49,2.49
14928457040244,don-raph-hard-science-144-teenage-mutant-ninja-turtles-foil,"Don & Raph, Hard Science [144] [Teenage Mutant Ninja Turtles] [Foil]",53880815124852,PL,0.00,
14928457007476,don-leo-problem-solvers-143-teenage-mutant-ninja-turtles-non-foil,"Don & Leo, Problem Solvers [143] [Teenage Mutant Ninja Turtles] [Non-Foil]",53880814895476,NM,2.99,2.99
14928457007476,don-leo-problem-solvers-143-teenage-mutant-ninja-turtles-non-foil,"Don & Leo, Problem Solvers [143] [Teenage Mutant Ninja Turtles] [Non-Foil]",53880814928244,PL,0.00,
14928456843636,don-leo-problem-solvers-143-teenage-mutant-ninja-turtles-foil,"Don & Leo, Problem Solvers [143] [Teenage Mutant Ninja Turtles] [Foil]",53880814698868,NM,3.99,3.99
14928456843636,don-leo-problem-solvers-143-teenage-mutant-ninja-turtles-foil,"Don & Leo, Problem Solvers [143] [Teenage Mutant Ninja Turtles] [Foil]",53880814731636,PL,0.00,
14928456155508,groundchuck-dirtbag-115-teenage-mutant-ninja-turtles-non-foil,Groundchuck & Dirtbag [115] [Teenage Mutant Ninja Turtles] [Non-Foil],53880813355380,NM,6.99,6.99
14928456155508,groundchuck-dirtbag-115-teenage-mutant-ninja-turtles-non-foil,Groundchuck & Dirtbag [115] [Teenage Mutant Ninja Turtles] [Non-Foil],53880813388148,PL,0.00,
14952854389108,magic-the-gathering-modern-weekly-tuesday-april-28th-700-pm-toronto-2026,Magic: the Gathering - Modern Weekly - Tuesday April 28th - 7:00 PM - Toronto [2026],53932625002868,Default Title,12.00,12.00
14952855830900,magic-the-gathering-modern-weekly-thursday-april-16th-700-pm-toronto-2026,Magic: the Gathering - Modern Weekly - Thursday April 16th - 7:00 PM - Toronto [2026],53932626739572,Default Title,12.00,12.00
14952858354036,yu-gi-oh-constructed-locals-saturday-april-4th-1200-pm-toronto-2026,Yu-Gi-Oh! - Constructed Locals - Saturday April 4th - 12:00 PM - Toronto [2026],53932629983604,Default Title,6.00,6.00
14952854847860,dungeons-dragons-under-16-years-old-thursday-march-26th-530-pm-toronto-2026,Dungeons & Dragons - Under 16 Years Old - Thursday March 26th - 5:30 PM - Toronto [2026],53932625461620,Default Title,5.00,5.00
14952853209460,star-wars-unlimited-draft-weekly-wednesday-march-4th-600-pm-toronto-2026,Star Wars: Unlimited - Draft Weekly - Wednesday March 4th - 6:00 PM - Toronto [2026],53932623823220,Default Title,25.00,25.00
14952854978932,dungeons-dragons-under-16-years-old-thursday-april-23rd-530-pm-toronto-2026,Dungeons & Dragons - Under 16 Years Old - Thursday April 23rd - 5:30 PM - Toronto [2026],53932625592692,Default Title,5.00,5.00
14952856977780,magic-the-gathering-modern-weekly-tuesday-april-21st-700-pm-toronto-2026,Magic: the Gathering - Modern Weekly - Tuesday April 21st - 7:00 PM - Toronto [2026],53932627886452,Default Title,12.00,12.00
14952882602356,riftbound-1v1-constructed-nexus-night-tuesday-april-14th-700-pm-toronto-2026,Riftbound - 1v1 Constructed Nexus Night - Tuesday April 14th - 7:00 PM - Toronto [2026],53932691292532,Default Title,12.00,12.00
14952857928052,magic-the-gathering-tmnt-draft-weekly-saturday-march-14th-400-pm-toronto-2026,Magic: the Gathering - TMNT Draft Weekly - Saturday March 14th - 4:00 PM - Toronto [2026],53932629524852,Default Title,25.00,25.00
14952857403764,magic-the-gathering-legacy-friday-night-magic-friday-march-13th-700-pm-toronto-2026,Magic: the Gathering - Legacy Friday Night Magic - Friday March 13th - 7:00 PM - Toronto [2026],53932629000564,Default Title,12.00,12.00
14952856846708,magic-the-gathering-tmnt-draft-weekly-sunday-march-29th-400-pm-toronto-2026,Magic: the Gathering - TMNT Draft Weekly - Sunday March 29th - 4:00 PM - Toronto [2026],53932627755380,Default Title,25.00,25.00
14952856519028,one-piece-constructed-weekly-wednesday-march-4th-600-pm-toronto-2026,One Piece - Constructed Weekly - Wednesday March 4th - 6:00 PM - Toronto [2026],53932627427700,Default Title,12.00,12.00
14952855110004,magic-the-gathering-modern-weekly-tuesday-april-7th-700-pm-toronto-2026,Magic: the Gathering - Modern Weekly - Tuesday April 7th - 7:00 PM - Toronto [2026],53932625723764,Default Title,12.00,12.00
14952854651252,yu-gi-oh-constructed-locals-wednesday-april-15th-630-pm-toronto-2026,Yu-Gi-Oh! - Constructed Locals - Wednesday April 15th - 6:30 PM - Toronto [2026],53932625265012,Default Title,6.00,6.00
14952854356340,magic-the-gathering-modern-weekly-tuesday-march-10th-700-pm-toronto-2026,Magic: the Gathering - Modern Weekly - Tuesday March 10th - 7:00 PM - Toronto [2026],53932624970100,Default Title,12.00,12.00
14952854290804,magic-the-gathering-standard-showdown-tuesday-march-24th-630-pm-toronto-2026,Magic: the Gathering - Standard Showdown - Tuesday March 24th - 6:30 PM - Toronto [2026],53932624904564,Default Title,6.00,6.00
14952852914548,pokemon-standard-pokemon-league-saturday-march-21st-1100-am-montreal-2026,Pokémon - Standard Pokemon League - Saturday March 21st - 11:00 AM - Montreal [2026],53932623561076,Default Title,6.00,6.00
14952852849012,pokemon-standard-pokemon-league-saturday-april-4th-1100-am-montreal-2026,Pokémon - Standard Pokemon League - Saturday April 4th - 11:00 AM - Montreal [2026],53932623462772,Default Title,6.00,6.00
14952852816244,magic-the-gathering-modern-friday-night-magic-friday-april-17th-630-pm-montreal-2026,Magic: the Gathering - Modern Friday Night Magic - Friday April 17th - 6:30 PM - Montreal [2026],53932623430004,Default Title,12.00,12.00
14952852750708,magic-the-gathering-modern-friday-night-magic-friday-april-10th-630-pm-montreal-2026,Magic: the Gathering - Modern Friday Night Magic - Friday April 10th - 6:30 PM - Montreal [2026],53932623364468,Default Title,12.00,12.00
14952858255732,yu-gi-oh-constructed-locals-saturday-april-25th-1200-pm-toronto-2026,Yu-Gi-Oh! - Constructed Locals - Saturday April 25th - 12:00 PM - Toronto [2026],53932629885300,Default Title,6.00,6.00
14952858059124,magic-the-gathering-standard-showdown-tuesday-march-17th-630-pm-toronto-2026,Magic: the Gathering - Standard Showdown - Tuesday March 17th - 6:30 PM - Toronto [2026],53932629655924,Default Title,6.00,6.00
14952858026356,magic-the-gathering-legacy-friday-night-magic-friday-march-27th-700-pm-toronto-2026,Magic: the Gathering - Legacy Friday Night Magic - Friday March 27th - 7:00 PM - Toronto [2026],53932629623156,Default Title,12.00,12.00
14952857993588,yu-gi-oh-constructed-locals-wednesday-march-4th-630-pm-toronto-2026,Yu-Gi-Oh! - Constructed Locals - Wednesday March 4th - 6:30 PM - Toronto [2026],53932629557620,Default Title,6.00,6.00
14952857862516,magic-the-gathering-tmnt-draft-weekly-saturday-march-28th-400-pm-toronto-2026,Magic: the Gathering - TMNT Draft Weekly - Saturday March 28th - 4:00 PM - Toronto [2026],53932629459316,Default Title,25.00,25.00
14952857534836,magic-the-gathering-legacy-friday-night-magic-friday-march-6th-700-pm-toronto-2026,Magic: the Gathering - Legacy Friday Night Magic - Friday March 6th - 7:00 PM - Toronto [2026],53932629164404,Default Title,12.00,12.00
14952856682868,magic-the-gathering-modern-weekly-tuesday-april-14th-700-pm-toronto-2026,Magic: the Gathering - Modern Weekly - Tuesday April 14th - 7:00 PM - Toronto [2026],53932627591540,Default Title,12.00,12.00
14952856650100,pokemon-standard-pokemon-league-thursday-april-16th-600-pm-toronto-2026,Pokémon - Standard Pokemon League - Thursday April 16th - 6:00 PM - Toronto [2026],53932627558772,Default Title,6.00,6.00
14952856551796,magic-the-gathering-modern-weekly-thursday-march-26th-700-pm-toronto-2026,Magic: the Gathering - Modern Weekly - Thursday March 26th - 7:00 PM - Toronto [2026],53932627526004,Default Title,12.00,12.00
14952855568756,magic-the-gathering-modern-weekly-thursday-april-23rd-700-pm-toronto-2026,Magic: the Gathering - Modern Weekly - Thursday April 23rd - 7:00 PM - Toronto [2026],53932626477428,Default Title,12.00,12.00
14952855503220,magic-the-gathering-modern-weekly-thursday-april-2nd-700-pm-toronto-2026,Magic: the Gathering - Modern Weekly - Thursday April 2nd - 7:00 PM - Toronto [2026],53932626411892,Default Title,12.00,12.00
14952855044468,pokemon-standard-pokemon-league-thursday-march-19th-600-pm-toronto-2026,Pokémon - Standard Pokemon League - Thursday March 19th - 6:00 PM - Toronto [2026],53932625658228,Default Title,6.00,6.00
14952849965428,magic-the-gathering-tmnt-draft-friday-night-magic-friday-march-27th-700-pm-montreal-2026,Magic: the Gathering - TMNT Draft Friday Night Magic - Friday March 27th - 7:00 PM - Montreal [2026],53932620611956,Default Title,25.00,25.00
14952855896436,one-piece-constructed-weekly-wednesday-march-18th-600-pm-toronto-2026,One Piece - Constructed Weekly - Wednesday March 18th - 6:00 PM - Toronto [2026],53932626805108,Default Title,12.00,12.00
14952855142772,pokemon-standard-pokemon-league-thursday-april-2nd-600-pm-toronto-2026,Pokémon - Standard Pokemon League - Thursday April 2nd - 6:00 PM - Toronto [2026],53932625756532,Default Title,6.00,6.00
14952855011700,pokemon-standard-pokemon-league-thursday-march-12th-600-pm-toronto-2026,Pokémon - Standard Pokemon League - Thursday March 12th - 6:00 PM - Toronto [2026],53932625625460,Default Title,6.00,6.00
14952854552948,yu-gi-oh-constructed-locals-wednesday-march-18th-630-pm-toronto-2026,Yu-Gi-Oh! - Constructed Locals - Wednesday March 18th - 6:30 PM - Toronto [2026],53932625166708,Default Title,6.00,6.00
14952852881780,pokemon-standard-pokemon-league-saturday-march-14th-1100-am-montreal-2026,Pokémon - Standard Pokemon League - Saturday March 14th - 11:00 AM - Montreal [2026],53932623495540,Default Title,6.00,6.00
14952850260340,magic-the-gathering-tmnt-draft-weekly-saturday-april-11th-100-pm-montreal-2026,Magic: the Gathering - TMNT Draft Weekly - Saturday April 11th - 1:00 PM - Montreal [2026],53932620808564,Default Title,25.00,25.00
14952849932660,magic-the-gathering-tmnt-draft-friday-night-magic-friday-march-6th-700-pm-montreal-2026,Magic: the Gathering - TMNT Draft Friday Night Magic - Friday March 6th - 7:00 PM - Montreal [2026],53932620513652,Default Title,25.00,25.00
14952857600372,magic-the-gathering-legacy-friday-night-magic-friday-april-3rd-700-pm-toronto-2026,Magic: the Gathering - Legacy Friday Night Magic - Friday April 3rd - 7:00 PM - Toronto [2026],53932629197172,Default Title,12.00,12.00
14952856813940,magic-the-gathering-tmnt-draft-weekly-sunday-march-15th-400-pm-toronto-2026,Magic: the Gathering - TMNT Draft Weekly - Sunday March 15th - 4:00 PM - Toronto [2026],53932627722612,Default Title,25.00,25.00
14952856060276,magic-the-gathering-standard-showdown-tuesday-march-10th-630-pm-toronto-2026,Magic: the Gathering - Standard Showdown - Tuesday March 10th - 6:30 PM - Toronto [2026],53932626936180,Default Title,6.00,6.00
14952855732596,one-piece-constructed-weekly-wednesday-april-29th-600-pm-toronto-2026,One Piece - Constructed Weekly - Wednesday April 29th - 6:00 PM - Toronto [2026],53932626641268,Default Title,12.00,12.00
14952855601524,magic-the-gathering-modern-weekly-thursday-april-30th-700-pm-toronto-2026,Magic: the Gathering - Modern Weekly - Thursday April 30th - 7:00 PM - Toronto [2026],53932626510196,Default Title,12.00,12.00
14952855372148,magic-the-gathering-modern-weekly-thursday-march-12th-700-pm-toronto-2026,Magic: the Gathering - Modern Weekly - Thursday March 12th - 7:00 PM - Toronto [2026],53932625985908,Default Title,12.00,12.00
14952855339380,magic-the-gathering-modern-weekly-thursday-march-19th-700-pm-toronto-2026,Magic: the Gathering - Modern Weekly - Thursday March 19th - 7:00 PM - Toronto [2026],53932625953140,Default Title,12.00,12.00
14952855273844,magic-the-gathering-modern-weekly-thursday-march-5th-700-pm-toronto-2026,Magic: the Gathering - Modern Weekly - Thursday March 5th - 7:00 PM - Toronto [2026],53932625887604,Default Title,12.00,12.00
14952855241076,pokemon-standard-pokemon-league-thursday-april-30th-600-pm-toronto-2026,Pokémon - Standard Pokemon League - Thursday April 30th - 6:00 PM - Toronto [2026],53932625854836,Default Title,6.00,6.00
14952852717940,magic-the-gathering-modern-friday-night-magic-friday-march-27th-630-pm-montreal-2026,Magic: the Gathering - Modern Friday Night Magic - Friday March 27th - 6:30 PM - Montreal [2026],53932623331700,Default Title,12.00,12.00
14952849899892,magic-the-gathering-tmnt-draft-friday-night-magic-friday-march-13th-700-pm-montreal-2026,Magic: the Gathering - TMNT Draft Friday Night Magic - Friday March 13th - 7:00 PM - Montreal [2026],53932620546420,Default Title,25.00,25.00
14952849867124,magic-the-gathering-tmnt-draft-friday-night-magic-friday-march-20th-700-pm-montreal-2026,Magic: the Gathering - TMNT Draft Friday Night Magic - Friday March 20th - 7:00 PM - Montreal [2026],53932620480884,Default Title,25.00,25.00
14952882864500,riftbound-1v1-constructed-nexus-night-tuesday-march-10th-700-pm-toronto-2026,Riftbound - 1v1 Constructed Nexus Night - Tuesday March 10th - 7:00 PM - Toronto [2026],53932691554676,Default Title,12.00,12.00
14952858321268,yu-gi-oh-constructed-locals-saturday-april-18th-1200-pm-toronto-2026,Yu-Gi-Oh! - Constructed Locals - Saturday April 18th - 12:00 PM - Toronto [2026],53932629852532,Default Title,6.00,6.00
14952857567604,magic-the-gathering-tmnt-draft-weekly-saturday-april-4th-400-pm-toronto-2026,Magic: the Gathering - TMNT Draft Weekly - Saturday April 4th - 4:00 PM - Toronto [2026],53932629131636,Default Title,25.00,25.00
14952856912244,magic-the-gathering-modern-weekly-thursday-april-9th-700-pm-toronto-2026,Magic: the Gathering - Modern Weekly - Thursday April 9th - 7:00 PM - Toronto [2026],53932627820916,Default Title,12.00,12.00
14952856191348,one-piece-constructed-weekly-wednesday-march-25th-600-pm-toronto-2026,One Piece - Constructed Weekly - Wednesday March 25th - 6:00 PM - Toronto [2026],53932627132788,Default Title,12.00,12.00
14952856158580,one-piece-constructed-weekly-wednesday-march-11th-600-pm-toronto-2026,One Piece - Constructed Weekly - Wednesday March 11th - 6:00 PM - Toronto [2026],53932627067252,Default Title,12.00,12.00
14952855961972,pokemon-standard-pokemon-league-thursday-march-26th-600-pm-toronto-2026,Pokémon - Standard Pokemon League - Thursday March 26th - 6:00 PM - Toronto [2026],53932626870644,Default Title,6.00,6.00
14952855929204,magic-the-gathering-standard-showdown-tuesday-march-3rd-630-pm-toronto-2026,Magic: the Gathering - Standard Showdown - Tuesday March 3rd - 6:30 PM - Toronto [2026],53932626837876,Default Title,6.00,6.00
14952855863668,one-piece-constructed-weekly-wednesday-april-22nd-600-pm-toronto-2026,One Piece - Constructed Weekly - Wednesday April 22nd - 6:00 PM - Toronto [2026],53932626772340,Default Title,12.00,12.00
14952855404916,pokemon-standard-pokemon-league-thursday-march-5th-600-pm-toronto-2026,Pokémon - Standard Pokemon League - Thursday March 5th - 6:00 PM - Toronto [2026],53932626018676,Default Title,6.00,6.00
14952854094196,lorcana-core-constructed-weekly-tuesday-april-7th-630-pm-toronto-2026,Lorcana - Core Constructed Weekly - Tuesday April 7th - 6:30 PM - Toronto [2026],53932624740724,Default Title,6.00,6.00
14952852685172,magic-the-gathering-modern-friday-night-magic-friday-march-20th-630-pm-montreal-2026,Magic: the Gathering - Modern Friday Night Magic - Friday March 20th - 6:30 PM - Montreal [2026],53932623298932,Default Title,12.00,12.00
14952850096500,magic-the-gathering-tmnt-draft-weekly-saturday-march-14th-100-pm-montreal-2026,Magic: the Gathering - TMNT Draft Weekly - Saturday March 14th - 1:00 PM - Montreal [2026],53932620710260,Default Title,25.00,25.00
14952883454324,magic-the-gathering-pauper-weekly-wednesday-april-1st-700-pm-toronto-2026,Magic: the Gathering - Pauper Weekly - Wednesday April 1st - 7:00 PM - Toronto [2026],53932692963700,Default Title,12.00,12.00
14952857436532,magic-the-gathering-legacy-friday-night-magic-friday-march-20th-700-pm-toronto-2026,Magic: the Gathering - Legacy Friday Night Magic - Friday March 20th - 7:00 PM - Toronto [2026],53932629033332,Default Title,12.00,12.00
14952856125812,pokemon-standard-pokemon-league-thursday-april-23rd-600-pm-toronto-2026,Pokémon - Standard Pokemon League - Thursday April 23rd - 6:00 PM - Toronto [2026],53932627034484,Default Title,6.00,6.00
14952855535988,yu-gi-oh-constructed-locals-wednesday-april-1st-630-pm-toronto-2026,Yu-Gi-Oh! - Constructed Locals - Wednesday April 1st - 6:30 PM - Toronto [2026],53932626444660,Default Title,6.00,6.00
14952854585716,yu-gi-oh-constructed-locals-wednesday-march-11th-630-pm-toronto-2026,Yu-Gi-Oh! - Constructed Locals - Wednesday March 11th - 6:30 PM - Toronto [2026],53932625199476,Default Title,6.00,6.00
14952854258036,lorcana-core-constructed-weekly-tuesday-april-21st-630-pm-toronto-2026,Lorcana - Core Constructed Weekly - Tuesday April 21st - 6:30 PM - Toronto [2026],53932624871796,Default Title,6.00,6.00
14952853012852,pokemon-standard-pokemon-league-saturday-april-25th-1100-am-montreal-2026,Pokémon - Standard Pokemon League - Saturday April 25th - 11:00 AM - Montreal [2026],53932623626612,Default Title,6.00,6.00
14952852783476,magic-the-gathering-modern-friday-night-magic-friday-april-24th-630-pm-montreal-2026,Magic: the Gathering - Modern Friday Night Magic - Friday April 24th - 6:30 PM - Montreal [2026],53932623397236,Default Title,12.00,12.00
